source_id,provider,concept_doi,version_doi_or_record,url,final_url,retrieved_at_utc,http_status,etag,last_modified,declared_bytes,observed_bytes,provider_checksum_algorithm,provider_checksum,sha256,license,local_logical_path,access_result,notes,metadata,error_type,reason
S1,,,,https://data.galaxyzoo.org/,,2026-09-17T01:13:29.433387+00:00,,,,,0,,,,,/home/jzsalinas/Documents/galaxy-morphology-discovery/c0/provenance/raw_metadata/S1.raw,INCONCLUSIVE,,True,URLError,
S2,,,,https://zenodo.org/api/records/4196266,,2026-09-17T01:13:29.449220+00:00,,,,,0,,,,,/home/jzsalinas/Documents/galaxy-morphology-discovery/c0/provenance/raw_metadata/S2.raw,INCONCLUSIVE,,True,URLError,
S3,,,,https://cdsarc.cds.unistra.fr/ftp/J/MNRAS/509/3966/ReadMe,,2026-09-17T01:13:29.459561+00:00,,,,,0,,,,,/home/jzsalinas/Documents/galaxy-morphology-discovery/c0/provenance/raw_metadata/S3.raw,INCONCLUSIVE,,True,URLError,
S1,,,,https://data.galaxyzoo.org/,https://data.galaxyzoo.org/,2026-09-17T01:13:40.330203+00:00,200,"""0x8DEB102E94A75DE""","Wed, 13 May 2026 15:18:39 GMT",68440,68440,,,abbb43a967587991a45657a4092f3082c9eba0c624eb28aab56faef801c63e88,,/home/jzsalinas/Documents/galaxy-morphology-discovery/c0/provenance/raw_metadata/S1.raw,VERIFIED,,True,,
S2,,,,https://zenodo.org/api/records/4196266,https://zenodo.org/api/records/4573248,2026-09-17T01:13:44.760326+00:00,200,"""6""",,10943,10943,,,af441e4d649fc23f5ba172a6b337ff1de1d128370c5921d97f057ad4b6da8a69,,/home/jzsalinas/Documents/galaxy-morphology-discovery/c0/provenance/raw_metadata/S2.raw,VERIFIED,,True,,
S3,,,,https://cdsarc.cds.unistra.fr/ftp/J/MNRAS/509/3966/ReadMe,https://cdsarc.cds.unistra.fr/ftp/J/MNRAS/509/3966/ReadMe,2026-09-17T01:13:50.191403+00:00,200,"""bd13-63e84855a0987""","Thu, 11 Sep 2025 11:05:54 GMT",48403,48403,,,94ca10322e0d7f32456351b821a8a3c362ce5daf4239d87666e06aad3c9dd865,,/home/jzsalinas/Documents/galaxy-morphology-discovery/c0/provenance/raw_metadata/S3.raw,VERIFIED,,True,,
S4,,,,https://arxiv.org/html/2102.08414v2,https://arxiv.org/html/2102.08414v2,2026-09-17T01:13:56.294395+00:00,200,"""CLmv4LeAupYDEAE=""","Mon, 24 Aug 2026 19:31:05 GMT",351695,351695,,,d9f1020df2b35e882c0717d8c74be79a5e0667904436958da51ffad4cd460b86,,/home/jzsalinas/Documents/galaxy-morphology-discovery/c0/provenance/raw_metadata/S4.raw,VERIFIED,,True,,
S5,,,,https://www.legacysurvey.org/dr5/description/,https://www.legacysurvey.org/dr5/description/,2026-09-17T01:13:57.760422+00:00,200,"""6a98a939-a0ef""","Wed, 02 Sep 2026 22:54:49 GMT",41199,41199,,,7dd4e5ca9ae476508c09b35104a4846eeef10a72b076a1382d4a7a35c3fd1575,,/home/jzsalinas/Documents/galaxy-morphology-discovery/c0/provenance/raw_metadata/S5.raw,VERIFIED,,True,,
S6,,,,https://www.legacysurvey.org/dr5/files/,https://www.legacysurvey.org/dr5/files/,2026-09-17T01:14:01.240605+00:00,200,"""6a98a93a-1591d""","Wed, 02 Sep 2026 22:54:50 GMT",88349,88349,,,b7818d98910f16b81e235994926f888e47bd4f2c6b58283d1ec7383c6d585e9e,,/home/jzsalinas/Documents/galaxy-morphology-discovery/c0/provenance/raw_metadata/S6.raw,VERIFIED,,True,,
S7,,,,https://www.legacysurvey.org/viewer/urls,https://www.legacysurvey.org/viewer/urls,2026-09-17T01:14:03.004278+00:00,200,,,12548,12548,,,c93fd47e9764b1096e873fadf989d4d8078a373e123f11929a1a014adaf4e1af,,/home/jzsalinas/Documents/galaxy-morphology-discovery/c0/provenance/raw_metadata/S7.raw,VERIFIED,,True,,
S8,,,,https://data.sdss.org/datamodel/files/ATLAS_DATA/ATLAS_MAJOR_VERSION/nsa.html,https://data.sdss.org/datamodel/files/ATLAS_DATA/ATLAS_MAJOR_VERSION/nsa.html,2026-09-17T01:14:03.865706+00:00,200,"""686ed391-4933""","Wed, 09 Jul 2025 20:39:45 GMT",18739,18739,,,6a97770b21b08166a634e16bb8363e1001485ddd80b739131c79285ad941d24f,,/home/jzsalinas/Documents/galaxy-morphology-discovery/c0/provenance/raw_metadata/S8.raw,VERIFIED,,True,,
S9,,,,https://www.sdss3.org/dr8/,https://www.sdss3.org/dr8/,2026-09-17T01:14:04.776937+00:00,200,,,7690,7690,,,bbf62b6e4bb5052344267ce1f11587c3b88a9680b9c01d8b94e6f5ea55d63dd2,,/home/jzsalinas/Documents/galaxy-morphology-discovery/c0/provenance/raw_metadata/S9.raw,VERIFIED,,True,,
S2,,,,https://zenodo.org/api/records/4573248,https://zenodo.org/api/records/4573248,2026-09-17T01:14:37.853615+00:00,200,"""6""",,10943,10943,,,af441e4d649fc23f5ba172a6b337ff1de1d128370c5921d97f057ad4b6da8a69,,/home/jzsalinas/Documents/galaxy-morphology-discovery/c0/provenance/raw_metadata/S2_version.raw,VERIFIED,,True,,
S2,,,,https://zenodo.org/api/records/4573248/files/schema.md/content,https://zenodo.org/api/records/4573248/files/schema.md/content,2026-09-17T01:14:40.134862+00:00,200,,,4803,4803,,,211ce23a7a1a1ffb0e0a8f4880f5e7684cef30b2806d8605fe43ff5661e87e9d,,/home/jzsalinas/Documents/galaxy-morphology-discovery/c0/provenance/raw_metadata/S2_schema.raw,VERIFIED,,True,,
S2,,,,https://zenodo.org/api/records/4573248/files/schema.md/content,https://zenodo.org/api/records/4573248/files/schema.md/content,2026-09-17T01:15:38.593695+00:00,200,,,4803,4803,,,211ce23a7a1a1ffb0e0a8f4880f5e7684cef30b2806d8605fe43ff5661e87e9d,,/home/jzsalinas/Documents/galaxy-morphology-discovery/c0/provenance/raw_metadata/S2_schema_repeat.raw,VERIFIED,,True,,
ENV-PYARROW,,,,https://pypi.org/pypi/pyarrow/json,https://pypi.org/pypi/pyarrow/json,2026-09-17T01:15:53.013323+00:00,200,"""bTYhLzkJeB/RAnobTu8TAA""",,1434635,1434635,,,79aafde47addc897e093b72915143f2aa8d8426dd89ea24b7292af277487cc6f,,/home/jzsalinas/Documents/galaxy-morphology-discovery/c0/provenance/raw_metadata/PYARROW.json,VERIFIED,,True,,
ENV-PYARROW,,,,https://files.pythonhosted.org/packages/60/c9/711ca85d79f1ec98f29a5eae2b051e25b4ecec5de3e3c0e2d5c5dcb15664/pyarrow-25.0.1-cp312-cp312-manylinux_2_28_x86_64.whl,https://files.pythonhosted.org/packages/60/c9/711ca85d79f1ec98f29a5eae2b051e25b4ecec5de3e3c0e2d5c5dcb15664/pyarrow-25.0.1-cp312-cp312-manylinux_2_28_x86_64.whl,2026-09-17T01:23:47.012572+00:00,200,"""e8b2fc611ef480ca6265a175ac71382f""","Mon, 10 Aug 2026 12:38:26 GMT",50102437,50102437,,,5389cdf79447ed1515c9e31620e6e1e2302249564d603f2ad727d4f6d313e4c3,,/home/jzsalinas/Documents/galaxy-morphology-discovery/c0/dependencies/pyarrow-25.0.1-cp312-cp312-manylinux_2_28_x86_64.whl,VERIFIED,,False,,
S2,,,,https://zenodo.org/api/records/4573248/files/gz_decals_volunteers_5.parquet/content,,2026-09-17T01:23:58.963270+00:00,,,,,0,,,,,/home/jzsalinas/Documents/galaxy-morphology-discovery/c0/quarantine/RAW_IMMUTABLE/gz_decals_volunteers_5.parquet,INCONCLUSIVE,,False,TimeoutError,
S2,,,,https://zenodo.org/api/records/4573248/files/gz_decals_volunteers_5.parquet/content,https://zenodo.org/api/records/4573248/files/gz_decals_volunteers_5.parquet/content,2026-09-17T01:29:12.523882+00:00,504,,,92,0,,,,,/home/jzsalinas/Documents/galaxy-morphology-discovery/c0/quarantine/RAW_IMMUTABLE/gz_decals_volunteers_5.parquet,INCONCLUSIVE,,False,Stop,HTTP_ACCESS_UNRESOLVED
S2,,,,https://zenodo.org/records/4573248,,2026-09-17T01:30:34.758364+00:00,,,,,0,,,,,/home/jzsalinas/Documents/galaxy-morphology-discovery/c0/provenance/raw_metadata/S2_record_page.raw,INCONCLUSIVE,,True,TimeoutError,
S2,,,,https://zenodo.org/records/4573248/files/gz_decals_volunteers_5.parquet?download=1,,2026-09-17T01:31:22.786447+00:00,,,,,0,,,,,,INCONCLUSIVE,"Candidate direct route, same record/name; not yet approved for data retrieval",True,TimeoutError,
S2,,,,https://zenodo.org/api/records/4573248/files/gz_decals_volunteers_5.parquet/content,https://zenodo.org/api/records/4573248/files/gz_decals_volunteers_5.parquet/content,2026-09-17T11:56:45.876370+00:00,200,,,40528939,40528939,,,f8959f933d0ad88a8dbb5d1db2d003e131c2fb098778a3d45ad0416995355153,,/home/jzsalinas/Documents/galaxy-morphology-discovery/c0/quarantine/RAW_IMMUTABLE/gz_decals_volunteers_5.parquet,VERIFIED,,False,,
S3,,,,https://cdsarc.cds.unistra.fr/ftp/J/MNRAS/509/3966/,https://cdsarc.cds.unistra.fr/ftp/J/MNRAS/509/3966/,2026-09-17T12:00:17.776062+00:00,200,,,,1439,,,58703e73cb1b21ecb1cab19569f32c01f604510da163e9b0c5549dc5538aff25,,/home/jzsalinas/Documents/galaxy-morphology-discovery/c0/provenance/raw_metadata/S3_directory.raw,VERIFIED,,True,,
S3,,,,https://cdsarc.cds.unistra.fr/ftp/J/MNRAS/509/3966/gzdv5.dat.gz,https://cdsarc.cds.unistra.fr/ftp/J/MNRAS/509/3966/gzdv5.dat.gz,2026-09-17T12:00:53.865469+00:00,200,"""1f575c5-62353a9c2af92""","Mon, 30 Sep 2024 10:28:17 GMT",32863685,0,,,,,,METADATA_ONLY,,True,,
S3,,,,https://cdsarc.cds.unistra.fr/ftp/J/MNRAS/509/3966/gzdv5.dat.gz,https://cdsarc.cds.unistra.fr/ftp/J/MNRAS/509/3966/gzdv5.dat.gz,2026-09-17T12:05:32.968996+00:00,200,"""1f575c5-62353a9c2af92""","Mon, 30 Sep 2024 10:28:17 GMT",32863685,32863685,,,e748eacc024dfcc72382fd1e61c8c560352b0f9d142d043f99640e8b728a0ebb,,/home/jzsalinas/Documents/galaxy-morphology-discovery/c0/quarantine/RAW_IMMUTABLE/gzdv5.dat.gz,VERIFIED,,False,,
S7,,,,https://www.legacysurvey.org/viewer/fits-cutout?ra=185.317832403211&dec=16.0955796323604&layer=decals-dr5&pixscale=0.262&size=256&bands=grz,https://www.legacysurvey.org/viewer/fits-cutout?ra=185.317832403211&dec=16.0955796323604&layer=decals-dr5&pixscale=0.262&size=256&bands=grz,2026-09-17T12:18:09.975098+00:00,200,,"Thu, 17 Sep 2026 12:18:11 GMT",792000,792000,,,3cb85aa09e5ad31b0010b430d581dab8dcf3859589677acaa172c954ea6253ee,,/home/jzsalinas/Documents/galaxy-morphology-discovery/c0/probe/dr5_smoke.fits,VERIFIED,,False,,
ENV-ASTROPY,,,,https://pypi.org/pypi/astropy/json,https://pypi.org/pypi/astropy/json,2026-09-17T12:19:12.163643+00:00,200,"""oXsg9gC8AGE7Kh27iQV11A""",,1954198,1954198,,,0aa8f86e0bca4d100cf7017cb8f50b3d5a3e4c9f9624fd6e24f28f58f5a24bad,,/home/jzsalinas/Documents/galaxy-morphology-discovery/c0/provenance/raw_metadata/ASTROPY.json,VERIFIED,,True,,
ENV-ASTROPY,,,,https://pypi.org/pypi/numpy/json,https://pypi.org/pypi/numpy/json,2026-09-17T12:19:48.756995+00:00,200,"""ZNcsrIalNZ6JL0DfL+3mpw""",,3672920,3672920,,,40bad754effea010689914df20e0310d227058384ac2e3b7387e883d7c61fde0,,/home/jzsalinas/Documents/galaxy-morphology-discovery/c0/provenance/raw_metadata/PYPI_numpy.json,VERIFIED,,True,,
ENV-ASTROPY,,,,https://pypi.org/pypi/packaging/json,https://pypi.org/pypi/packaging/json,2026-09-17T12:19:49.695992+00:00,200,"""eKp1KglacZYE0B9cfw6uyw""",,90241,90241,,,9d7a2885e9e79296598f8c943e0a94c2468e21c800abd26ed13c633465a78835,,/home/jzsalinas/Documents/galaxy-morphology-discovery/c0/provenance/raw_metadata/PYPI_packaging.json,VERIFIED,,True,,
ENV-ASTROPY,,,,https://pypi.org/pypi/pyerfa/json,https://pypi.org/pypi/pyerfa/json,2026-09-17T12:19:49.893218+00:00,200,"""7iIlFlGBgwt6VQlLHsmT5w""",,296391,296391,,,342f82bd651be6a8e103905f920ee34cc017602420d752bea400ead1dd316e13,,/home/jzsalinas/Documents/galaxy-morphology-discovery/c0/provenance/raw_metadata/PYPI_pyerfa.json,VERIFIED,,True,,
ENV-ASTROPY,,,,https://pypi.org/pypi/PyYAML/json,https://pypi.org/pypi/PyYAML/json,2026-09-17T12:19:50.274275+00:00,200,"""WMgssK4QOQSqYFpjRaRjjQ""",,558621,558621,,,d0c463a86ed24144dd112fd1fe43b7c208e52c7d3903c2f51c84acfb5b10c749,,/home/jzsalinas/Documents/galaxy-morphology-discovery/c0/provenance/raw_metadata/PYPI_PyYAML.json,VERIFIED,,True,,
ENV-ASTROPY,,,,https://pypi.org/pypi/astropy-iers-data/json,https://pypi.org/pypi/astropy-iers-data/json,2026-09-17T12:19:50.599403+00:00,200,"""0dG8ui6P5OvUqWwO01e4wQ""",,293681,293681,,,7e79f72c580350ec43b5034d09896e7376152da350e7df3a626f7b6760befa61,,/home/jzsalinas/Documents/galaxy-morphology-discovery/c0/provenance/raw_metadata/PYPI_astropy-iers-data.json,VERIFIED,,True,,
ENV-ASTROPY,,,,https://files.pythonhosted.org/packages/fa/14/6f4427419f8a02e1d0a885fb64d8d4454c5d443627aa7cb1a3a36e16abb7/astropy-8.0.1-cp311-abi3-manylinux2014_x86_64.manylinux_2_17_x86_64.manylinux_2_28_x86_64.whl,https://files.pythonhosted.org/packages/fa/14/6f4427419f8a02e1d0a885fb64d8d4454c5d443627aa7cb1a3a36e16abb7/astropy-8.0.1-cp311-abi3-manylinux2014_x86_64.manylinux_2_17_x86_64.manylinux_2_28_x86_64.whl,2026-09-17T12:20:32.570031+00:00,200,"""729dc09947142c6b1c90ab72d5ad1501""","Sun, 05 Jul 2026 07:24:41 GMT",10452095,10452095,,,fa11d56855e10107ea2231a6b6a33dbf1edbea6890adf34634c1f1d8f25c5a5a,,/home/jzsalinas/Documents/galaxy-morphology-discovery/c0/dependencies/astropy-8.0.1-cp311-abi3-manylinux2014_x86_64.manylinux_2_17_x86_64.manylinux_2_28_x86_64.whl,VERIFIED,,False,,
ENV-ASTROPY,,,,https://files.pythonhosted.org/packages/65/af/aa78d1a88805456e212b65461354cd943197fb9acecc4c90fd12295123a3/numpy-2.5.3-cp312-cp312-manylinux_2_27_x86_64.manylinux_2_28_x86_64.whl,https://files.pythonhosted.org/packages/65/af/aa78d1a88805456e212b65461354cd943197fb9acecc4c90fd12295123a3/numpy-2.5.3-cp312-cp312-manylinux_2_27_x86_64.manylinux_2_28_x86_64.whl,2026-09-17T12:20:35.749002+00:00,200,"""df8511ca9ebfe664d5a479c1eff54b39""","Sun, 06 Sep 2026 16:24:46 GMT",16717410,16717410,,,b7e18c623bb5c95acb3b3328861272816ba199fb531921c5d6d0b675f1fde9e3,,/home/jzsalinas/Documents/galaxy-morphology-discovery/c0/dependencies/numpy-2.5.3-cp312-cp312-manylinux_2_27_x86_64.manylinux_2_28_x86_64.whl,VERIFIED,,False,,
ENV-ASTROPY,,,,https://files.pythonhosted.org/packages/63/34/ba1c580383c9eada3711951fef0795c80b829a078d72188184bcab9dd527/packaging-26.3-py3-none-any.whl,https://files.pythonhosted.org/packages/63/34/ba1c580383c9eada3711951fef0795c80b829a078d72188184bcab9dd527/packaging-26.3-py3-none-any.whl,2026-09-17T12:20:39.916724+00:00,200,"""e5b3bd8ce52e8a8fe1ab400079171a1e""","Tue, 04 Aug 2026 18:15:28 GMT",129956,129956,,,d7193f7c8e4e93f444fde0262bf90af30e16fa0ad0ad44cb553c87339b23cd1c,,/home/jzsalinas/Documents/galaxy-morphology-discovery/c0/dependencies/packaging-26.3-py3-none-any.whl,VERIFIED,,False,,
ENV-ASTROPY,,,,https://files.pythonhosted.org/packages/e5/e0/050018d855d26d3c0b4a7d1b2ed692be758ce276d8289e2a2b44ba1014a5/pyerfa-2.0.1.5-cp39-abi3-manylinux_2_17_x86_64.manylinux2014_x86_64.whl,https://files.pythonhosted.org/packages/e5/e0/050018d855d26d3c0b4a7d1b2ed692be758ce276d8289e2a2b44ba1014a5/pyerfa-2.0.1.5-cp39-abi3-manylinux_2_17_x86_64.manylinux2014_x86_64.whl,2026-09-17T12:20:40.183396+00:00,200,"""9165a1d6f1538d2a3c2ecb2045a41665""","Mon, 11 Nov 2024 15:22:23 GMT",738711,738711,,,0e43c7194e3242083f2350b46c09fd4bf8ba1bcc0ebd1460b98fc47fe2389906,,/home/jzsalinas/Documents/galaxy-morphology-discovery/c0/dependencies/pyerfa-2.0.1.5-cp39-abi3-manylinux_2_17_x86_64.manylinux2014_x86_64.whl,VERIFIED,,False,,
ENV-ASTROPY,,,,https://files.pythonhosted.org/packages/8b/9d/b3589d3877982d4f2329302ef98a8026e7f4443c765c46cfecc8858c6b4b/pyyaml-6.0.3-cp312-cp312-manylinux2014_x86_64.manylinux_2_17_x86_64.manylinux_2_28_x86_64.whl,https://files.pythonhosted.org/packages/8b/9d/b3589d3877982d4f2329302ef98a8026e7f4443c765c46cfecc8858c6b4b/pyyaml-6.0.3-cp312-cp312-manylinux2014_x86_64.manylinux_2_17_x86_64.manylinux_2_28_x86_64.whl,2026-09-17T12:20:40.797931+00:00,200,"""b3baaa03751fc90073221c5ec847048e""","Thu, 25 Sep 2025 21:32:17 GMT",807870,807870,,,ba1cc08a7ccde2d2ec775841541641e4548226580ab850948cbfda66a1befcdc,,/home/jzsalinas/Documents/galaxy-morphology-discovery/c0/dependencies/pyyaml-6.0.3-cp312-cp312-manylinux2014_x86_64.manylinux_2_17_x86_64.manylinux_2_28_x86_64.whl,VERIFIED,,False,,
ENV-ASTROPY,,,,https://files.pythonhosted.org/packages/a9/87/7eff764f87cf24899e78fa7070699ba52704681017f16f51f900aca08ab8/astropy_iers_data-0.2026.9.14.0.56.43-py3-none-any.whl,https://files.pythonhosted.org/packages/a9/87/7eff764f87cf24899e78fa7070699ba52704681017f16f51f900aca08ab8/astropy_iers_data-0.2026.9.14.0.56.43-py3-none-any.whl,2026-09-17T12:20:41.240684+00:00,200,"""18e76c7289f8a25203177caf0a4b598b""","Mon, 14 Sep 2026 00:57:20 GMT",2002748,2002748,,,43786a0a9b60c7a55a85e12307c0050d75ea0679710378141255ded9d1bd8ebc,,/home/jzsalinas/Documents/galaxy-morphology-discovery/c0/dependencies/astropy_iers_data-0.2026.9.14.0.56.43-py3-none-any.whl,VERIFIED,,False,,
S7,,,,https://www.legacysurvey.org/viewer/fits-cutout?ra=213.912511183984&dec=4.94818419372376&layer=decals-dr5&pixscale=0.262&size=256&bands=grz,https://www.legacysurvey.org/viewer/fits-cutout?ra=213.912511183984&dec=4.94818419372376&layer=decals-dr5&pixscale=0.262&size=256&bands=grz,2026-09-17T12:31:34.521137+00:00,200,,"Thu, 17 Sep 2026 12:31:35 GMT",792000,792000,,,f6a2d3fe714fea20b8418b97d531bf29a73d8137a13b703f02a6a2f3194a1fc4,,/home/jzsalinas/Documents/galaxy-morphology-discovery/c0/probe/dr5/002.fits,VERIFIED,,False,,
S7,,,,https://www.legacysurvey.org/viewer/fits-cutout?ra=185.131033332097&dec=13.1432066195258&layer=decals-dr5&pixscale=0.262&size=256&bands=grz,https://www.legacysurvey.org/viewer/fits-cutout?ra=185.131033332097&dec=13.1432066195258&layer=decals-dr5&pixscale=0.262&size=256&bands=grz,2026-09-17T12:31:38.869242+00:00,200,,"Thu, 17 Sep 2026 12:31:40 GMT",792000,792000,,,5b33b0d8ce414c514b8aba32106ef73b27d0e634d06ed80ed048991e9d66a2f3,,/home/jzsalinas/Documents/galaxy-morphology-discovery/c0/probe/dr5/003.fits,VERIFIED,,False,,
S7,,,,https://www.legacysurvey.org/viewer/fits-cutout?ra=11.0929466309091&dec=1.25768457472636&layer=decals-dr5&pixscale=0.262&size=256&bands=grz,https://www.legacysurvey.org/viewer/fits-cutout?ra=11.0929466309091&dec=1.25768457472636&layer=decals-dr5&pixscale=0.262&size=256&bands=grz,2026-09-17T12:31:43.324811+00:00,200,,"Thu, 17 Sep 2026 12:31:44 GMT",792000,792000,,,1596512bf34bf8910c7e5b96ef27cd7f311e62e8237d6a7bb29a55a5840ab4ce,,/home/jzsalinas/Documents/galaxy-morphology-discovery/c0/probe/dr5/004.fits,VERIFIED,,False,,
S7,,,,https://www.legacysurvey.org/viewer/fits-cutout?ra=195.054421657206&dec=19.0270111468956&layer=decals-dr5&pixscale=0.262&size=256&bands=grz,https://www.legacysurvey.org/viewer/fits-cutout?ra=195.054421657206&dec=19.0270111468956&layer=decals-dr5&pixscale=0.262&size=256&bands=grz,2026-09-17T12:31:47.942217+00:00,200,,"Thu, 17 Sep 2026 12:31:49 GMT",792000,792000,,,db1ce57ff960734150853322a0f9c97a55a24830dd7c280204d0bca0eeed5865,,/home/jzsalinas/Documents/galaxy-morphology-discovery/c0/probe/dr5/005.fits,VERIFIED,,False,,
S7,,,,https://www.legacysurvey.org/viewer/fits-cutout?ra=183.074533192017&dec=8.51513259320569&layer=decals-dr5&pixscale=0.262&size=256&bands=grz,https://www.legacysurvey.org/viewer/fits-cutout?ra=183.074533192017&dec=8.51513259320569&layer=decals-dr5&pixscale=0.262&size=256&bands=grz,2026-09-17T12:31:53.455787+00:00,200,,"Thu, 17 Sep 2026 12:31:54 GMT",792000,792000,,,612f05ea603d4f3df5e990bed0f63b97206e3c179bcfb7f893fa017d683f997d,,/home/jzsalinas/Documents/galaxy-morphology-discovery/c0/probe/dr5/006.fits,VERIFIED,,False,,
S7,,,,https://www.legacysurvey.org/viewer/fits-cutout?ra=241.772250406818&dec=11.2005370259751&layer=decals-dr5&pixscale=0.262&size=256&bands=grz,https://www.legacysurvey.org/viewer/fits-cutout?ra=241.772250406818&dec=11.2005370259751&layer=decals-dr5&pixscale=0.262&size=256&bands=grz,2026-09-17T12:31:57.924180+00:00,200,,"Thu, 17 Sep 2026 12:31:59 GMT",792000,792000,,,d1a35296425bee6ecda1f8d8dd7f982e0fb123ce7ea876b6db1ab3d43c601a7b,,/home/jzsalinas/Documents/galaxy-morphology-discovery/c0/probe/dr5/007.fits,VERIFIED,,False,,
S7,,,,https://www.legacysurvey.org/viewer/fits-cutout?ra=170.975738662707&dec=25.7996593590015&layer=decals-dr5&pixscale=0.262&size=256&bands=grz,https://www.legacysurvey.org/viewer/fits-cutout?ra=170.975738662707&dec=25.7996593590015&layer=decals-dr5&pixscale=0.262&size=256&bands=grz,2026-09-17T12:32:05.462980+00:00,200,,"Thu, 17 Sep 2026 12:32:12 GMT",792000,792000,,,0239065f04a6110f0990a3c1c23fcc956148893032cbc398d8249b6860136ca1,,/home/jzsalinas/Documents/galaxy-morphology-discovery/c0/probe/dr5/008.fits,VERIFIED,,False,,
S7,,,,https://www.legacysurvey.org/viewer/fits-cutout?ra=176.650199348677&dec=-2.6983817965604&layer=decals-dr5&pixscale=0.262&size=256&bands=grz,https://www.legacysurvey.org/viewer/fits-cutout?ra=176.650199348677&dec=-2.6983817965604&layer=decals-dr5&pixscale=0.262&size=256&bands=grz,2026-09-17T12:32:14.785550+00:00,200,,"Thu, 17 Sep 2026 12:32:16 GMT",792000,792000,,,6e196024b44e8e2773ba17505f879b7786786378acfa6e72d845f267d830e00a,,/home/jzsalinas/Documents/galaxy-morphology-discovery/c0/probe/dr5/009.fits,VERIFIED,,False,,
S7,,,,https://www.legacysurvey.org/viewer/fits-cutout?ra=32.0200651567404&dec=-0.341826403214544&layer=decals-dr5&pixscale=0.262&size=256&bands=grz,https://www.legacysurvey.org/viewer/fits-cutout?ra=32.0200651567404&dec=-0.341826403214544&layer=decals-dr5&pixscale=0.262&size=256&bands=grz,2026-09-17T12:32:18.688096+00:00,200,,"Thu, 17 Sep 2026 12:32:19 GMT",792000,792000,,,14f2f179fa47735d52ccbd9c6ae35ffdd77d317eeb64b367ed3d7c20bfeffe81,,/home/jzsalinas/Documents/galaxy-morphology-discovery/c0/probe/dr5/010.fits,VERIFIED,,False,,
S7,,,,https://www.legacysurvey.org/viewer/fits-cutout?ra=220.602994429165&dec=13.6894899013903&layer=decals-dr5&pixscale=0.262&size=256&bands=grz,https://www.legacysurvey.org/viewer/fits-cutout?ra=220.602994429165&dec=13.6894899013903&layer=decals-dr5&pixscale=0.262&size=256&bands=grz,2026-09-17T12:32:22.271971+00:00,200,,"Thu, 17 Sep 2026 12:32:23 GMT",792000,792000,,,d299cee73bf9dc370a8ceb61f63e41e2f193f3b70c97d03e13c03e438c60c32c,,/home/jzsalinas/Documents/galaxy-morphology-discovery/c0/probe/dr5/011.fits,VERIFIED,,False,,
S7,,,,https://www.legacysurvey.org/viewer/fits-cutout?ra=199.791312006767&dec=-2.34309201489027&layer=decals-dr5&pixscale=0.262&size=256&bands=grz,https://www.legacysurvey.org/viewer/fits-cutout?ra=199.791312006767&dec=-2.34309201489027&layer=decals-dr5&pixscale=0.262&size=256&bands=grz,2026-09-17T12:32:26.296557+00:00,200,,"Thu, 17 Sep 2026 12:32:28 GMT",792000,792000,,,1fc55ec7dd8e93375b0954a2e4c152cca72f93bb86626f196dc7239f3ec97900,,/home/jzsalinas/Documents/galaxy-morphology-discovery/c0/probe/dr5/012.fits,VERIFIED,,False,,
S7,,,,https://www.legacysurvey.org/viewer/fits-cutout?ra=14.1026486748352&dec=-0.550886065856055&layer=decals-dr5&pixscale=0.262&size=256&bands=grz,https://www.legacysurvey.org/viewer/fits-cutout?ra=14.1026486748352&dec=-0.550886065856055&layer=decals-dr5&pixscale=0.262&size=256&bands=grz,2026-09-17T12:32:30.629145+00:00,200,,"Thu, 17 Sep 2026 12:32:32 GMT",792000,792000,,,8f063795d2977e33eaaac0c3d8145a950e8ca9e4891fbc383df262ad9f8b8e82,,/home/jzsalinas/Documents/galaxy-morphology-discovery/c0/probe/dr5/013.fits,VERIFIED,,False,,
S7,,,,https://www.legacysurvey.org/viewer/fits-cutout?ra=230.575691906876&dec=27.702244202408&layer=decals-dr5&pixscale=0.262&size=256&bands=grz,https://www.legacysurvey.org/viewer/fits-cutout?ra=230.575691906876&dec=27.702244202408&layer=decals-dr5&pixscale=0.262&size=256&bands=grz,2026-09-17T12:32:35.626747+00:00,200,,"Thu, 17 Sep 2026 12:32:37 GMT",792000,792000,,,fd1878c967b3b391b919d71b604c30aac27493fd94a04aca2485ad47a7fffa64,,/home/jzsalinas/Documents/galaxy-morphology-discovery/c0/probe/dr5/014.fits,VERIFIED,,False,,
S7,,,,https://www.legacysurvey.org/viewer/fits-cutout?ra=176.687437855993&dec=8.93482035924388&layer=decals-dr5&pixscale=0.262&size=256&bands=grz,https://www.legacysurvey.org/viewer/fits-cutout?ra=176.687437855993&dec=8.93482035924388&layer=decals-dr5&pixscale=0.262&size=256&bands=grz,2026-09-17T12:32:40.140306+00:00,200,,"Thu, 17 Sep 2026 12:32:41 GMT",792000,792000,,,7586df29e6263504124670edaa7322b04adfedb87f5ef916f646d59a477e91be,,/home/jzsalinas/Documents/galaxy-morphology-discovery/c0/probe/dr5/015.fits,VERIFIED,,False,,
S7,,,,https://www.legacysurvey.org/viewer/fits-cutout?ra=206.952042034371&dec=7.97519116751563&layer=decals-dr5&pixscale=0.262&size=256&bands=grz,https://www.legacysurvey.org/viewer/fits-cutout?ra=206.952042034371&dec=7.97519116751563&layer=decals-dr5&pixscale=0.262&size=256&bands=grz,2026-09-17T12:32:43.930354+00:00,200,,"Thu, 17 Sep 2026 12:32:45 GMT",792000,792000,,,55a94012c40946e7d7498e1988b889ef0fce564ac9ae89815ae6f1e0ad98085a,,/home/jzsalinas/Documents/galaxy-morphology-discovery/c0/probe/dr5/016.fits,VERIFIED,,False,,
S7,,,,https://www.legacysurvey.org/viewer/fits-cutout?ra=176.229176501876&dec=-3.19014889668162&layer=decals-dr5&pixscale=0.262&size=256&bands=grz,https://www.legacysurvey.org/viewer/fits-cutout?ra=176.229176501876&dec=-3.19014889668162&layer=decals-dr5&pixscale=0.262&size=256&bands=grz,2026-09-17T12:32:47.986776+00:00,200,,"Thu, 17 Sep 2026 12:32:49 GMT",792000,792000,,,bc95601b53a161e26c800e94467e8fb804be9007bd4fba7eb9534914ac1fd541,,/home/jzsalinas/Documents/galaxy-morphology-discovery/c0/probe/dr5/017.fits,VERIFIED,,False,,
S7,,,,https://www.legacysurvey.org/viewer/fits-cutout?ra=217.077582225269&dec=1.80180232516909&layer=decals-dr5&pixscale=0.262&size=256&bands=grz,https://www.legacysurvey.org/viewer/fits-cutout?ra=217.077582225269&dec=1.80180232516909&layer=decals-dr5&pixscale=0.262&size=256&bands=grz,2026-09-17T12:32:52.190844+00:00,200,,"Thu, 17 Sep 2026 12:32:53 GMT",792000,792000,,,adb5359abb933247f49f9b4e8f467ab978e9a0a443b035bb7307170180b5e882,,/home/jzsalinas/Documents/galaxy-morphology-discovery/c0/probe/dr5/018.fits,VERIFIED,,False,,
S7,,,,https://www.legacysurvey.org/viewer/fits-cutout?ra=155.134866865673&dec=6.87179452625438&layer=decals-dr5&pixscale=0.262&size=256&bands=grz,https://www.legacysurvey.org/viewer/fits-cutout?ra=155.134866865673&dec=6.87179452625438&layer=decals-dr5&pixscale=0.262&size=256&bands=grz,2026-09-17T12:32:57.877493+00:00,200,,"Thu, 17 Sep 2026 12:32:59 GMT",792000,792000,,,36d83e17713dc82705135c8d2b8a62e17561a11507fd21de59428d0fb669fe0c,,/home/jzsalinas/Documents/galaxy-morphology-discovery/c0/probe/dr5/019.fits,VERIFIED,,False,,
S7,,,,https://www.legacysurvey.org/viewer/fits-cutout?ra=227.272044605303&dec=5.73423756570839&layer=decals-dr5&pixscale=0.262&size=256&bands=grz,https://www.legacysurvey.org/viewer/fits-cutout?ra=227.272044605303&dec=5.73423756570839&layer=decals-dr5&pixscale=0.262&size=256&bands=grz,2026-09-17T12:33:02.074312+00:00,200,,"Thu, 17 Sep 2026 12:33:03 GMT",792000,792000,,,3ee7f3c8755cb75a7c811cfd6d6b9d65309ea7ee9c9ad79c81df996438c737de,,/home/jzsalinas/Documents/galaxy-morphology-discovery/c0/probe/dr5/020.fits,VERIFIED,,False,,
S7,,,,https://www.legacysurvey.org/viewer/fits-cutout?ra=156.210191509682&dec=-3.35254921010542&layer=decals-dr5&pixscale=0.262&size=256&bands=grz,https://www.legacysurvey.org/viewer/fits-cutout?ra=156.210191509682&dec=-3.35254921010542&layer=decals-dr5&pixscale=0.262&size=256&bands=grz,2026-09-17T12:33:06.230728+00:00,200,,"Thu, 17 Sep 2026 12:33:07 GMT",792000,792000,,,32fa2878747aa1a8c2b16c7ec8d4135a5f6fb63d7c77f9688da6dc3b2abee2de,,/home/jzsalinas/Documents/galaxy-morphology-discovery/c0/probe/dr5/021.fits,VERIFIED,,False,,
S7,,,,https://www.legacysurvey.org/viewer/fits-cutout?ra=21.2950884074306&dec=8.64586097766801&layer=decals-dr5&pixscale=0.262&size=256&bands=grz,https://www.legacysurvey.org/viewer/fits-cutout?ra=21.2950884074306&dec=8.64586097766801&layer=decals-dr5&pixscale=0.262&size=256&bands=grz,2026-09-17T12:33:10.669694+00:00,200,,"Thu, 17 Sep 2026 12:33:12 GMT",792000,792000,,,665f6b3f943dc9563cf7768e315d9c3a3e64335029d0b846e0b8e009a170d0b2,,/home/jzsalinas/Documents/galaxy-morphology-discovery/c0/probe/dr5/022.fits,VERIFIED,,False,,
S7,,,,https://www.legacysurvey.org/viewer/fits-cutout?ra=157.095183018887&dec=3.76456227130532&layer=decals-dr5&pixscale=0.262&size=256&bands=grz,https://www.legacysurvey.org/viewer/fits-cutout?ra=157.095183018887&dec=3.76456227130532&layer=decals-dr5&pixscale=0.262&size=256&bands=grz,2026-09-17T12:33:14.444553+00:00,200,,"Thu, 17 Sep 2026 12:33:15 GMT",792000,792000,,,43e039ec5ac7789c73e14dd3e319a43f41506f466559443179f34fb27d44f9ba,,/home/jzsalinas/Documents/galaxy-morphology-discovery/c0/probe/dr5/023.fits,VERIFIED,,False,,
S7,,,,https://www.legacysurvey.org/viewer/fits-cutout?ra=234.751302046893&dec=16.7758372627247&layer=decals-dr5&pixscale=0.262&size=256&bands=grz,https://www.legacysurvey.org/viewer/fits-cutout?ra=234.751302046893&dec=16.7758372627247&layer=decals-dr5&pixscale=0.262&size=256&bands=grz,2026-09-17T12:33:18.525957+00:00,200,,"Thu, 17 Sep 2026 12:33:20 GMT",792000,792000,,,5b349531215e6022c7ea80262aaaf77cb6ac79b37cd9e59044eeb7b962e9416c,,/home/jzsalinas/Documents/galaxy-morphology-discovery/c0/probe/dr5/024.fits,VERIFIED,,False,,
S7,,,,https://www.legacysurvey.org/viewer/fits-cutout?ra=146.864326644847&dec=-0.464061347596727&layer=decals-dr5&pixscale=0.262&size=256&bands=grz,https://www.legacysurvey.org/viewer/fits-cutout?ra=146.864326644847&dec=-0.464061347596727&layer=decals-dr5&pixscale=0.262&size=256&bands=grz,2026-09-17T12:33:23.193811+00:00,200,,"Thu, 17 Sep 2026 12:33:24 GMT",792000,792000,,,f330ea94aaa4b3ac4fa7bc6aba8aa173a7be8e7610b0f58d07567b1201baf1fd,,/home/jzsalinas/Documents/galaxy-morphology-discovery/c0/probe/dr5/025.fits,VERIFIED,,False,,
S7,,,,https://www.legacysurvey.org/viewer/fits-cutout?ra=118.599878348903&dec=18.1260024696514&layer=decals-dr5&pixscale=0.262&size=256&bands=grz,https://www.legacysurvey.org/viewer/fits-cutout?ra=118.599878348903&dec=18.1260024696514&layer=decals-dr5&pixscale=0.262&size=256&bands=grz,2026-09-17T12:33:27.858483+00:00,200,,"Thu, 17 Sep 2026 12:33:29 GMT",792000,792000,,,b75957114e390dd71cef3742e26cdbb711a8b62db653f926fda0bdec10e08c59,,/home/jzsalinas/Documents/galaxy-morphology-discovery/c0/probe/dr5/026.fits,VERIFIED,,False,,
S7,,,,https://www.legacysurvey.org/viewer/fits-cutout?ra=172.116825588675&dec=-5.72124115013813&layer=decals-dr5&pixscale=0.262&size=256&bands=grz,https://www.legacysurvey.org/viewer/fits-cutout?ra=172.116825588675&dec=-5.72124115013813&layer=decals-dr5&pixscale=0.262&size=256&bands=grz,2026-09-17T12:33:31.911095+00:00,200,,"Thu, 17 Sep 2026 12:33:33 GMT",792000,792000,,,7ba16a02fd2588ecd2cb7c29a04d54898b7ccfc6f8414b442526bea477e3c19f,,/home/jzsalinas/Documents/galaxy-morphology-discovery/c0/probe/dr5/027.fits,VERIFIED,,False,,
S7,,,,https://www.legacysurvey.org/viewer/fits-cutout?ra=203.108859199545&dec=4.74317142123515&layer=decals-dr5&pixscale=0.262&size=256&bands=grz,https://www.legacysurvey.org/viewer/fits-cutout?ra=203.108859199545&dec=4.74317142123515&layer=decals-dr5&pixscale=0.262&size=256&bands=grz,2026-09-17T12:33:36.051821+00:00,200,,"Thu, 17 Sep 2026 12:33:37 GMT",792000,792000,,,3cf960bbd8c24e97bb1187566fe25f7e82fd688ab200ff1f1d008990389162be,,/home/jzsalinas/Documents/galaxy-morphology-discovery/c0/probe/dr5/028.fits,VERIFIED,,False,,
S7,,,,https://www.legacysurvey.org/viewer/fits-cutout?ra=197.670347908108&dec=13.6912477228549&layer=decals-dr5&pixscale=0.262&size=256&bands=grz,https://www.legacysurvey.org/viewer/fits-cutout?ra=197.670347908108&dec=13.6912477228549&layer=decals-dr5&pixscale=0.262&size=256&bands=grz,2026-09-17T12:33:40.907336+00:00,200,,"Thu, 17 Sep 2026 12:33:42 GMT",792000,792000,,,7434425661b033c3240e5a7626e680d6e07f8544a8a1c5b48006a61b5d6a3b01,,/home/jzsalinas/Documents/galaxy-morphology-discovery/c0/probe/dr5/029.fits,VERIFIED,,False,,
S7,,,,https://www.legacysurvey.org/viewer/fits-cutout?ra=167.031115086238&dec=-0.00752361861995589&layer=decals-dr5&pixscale=0.262&size=256&bands=grz,https://www.legacysurvey.org/viewer/fits-cutout?ra=167.031115086238&dec=-0.00752361861995589&layer=decals-dr5&pixscale=0.262&size=256&bands=grz,2026-09-17T12:33:45.074381+00:00,200,,"Thu, 17 Sep 2026 12:33:46 GMT",792000,792000,,,04fe1191d047b60661482fcbd9ddc72526f178d641fe21eac81d1faa2628fe71,,/home/jzsalinas/Documents/galaxy-morphology-discovery/c0/probe/dr5/030.fits,VERIFIED,,False,,
S7,,,,https://www.legacysurvey.org/viewer/fits-cutout?ra=256.350533860068&dec=21.0543843784207&layer=decals-dr5&pixscale=0.262&size=256&bands=grz,https://www.legacysurvey.org/viewer/fits-cutout?ra=256.350533860068&dec=21.0543843784207&layer=decals-dr5&pixscale=0.262&size=256&bands=grz,2026-09-17T12:33:48.420529+00:00,200,,"Thu, 17 Sep 2026 12:33:49 GMT",792000,792000,,,81e1aa6c6a11a78c474d40496a22b18987c6cb31cc3e2cf13bdb05b9cbc44462,,/home/jzsalinas/Documents/galaxy-morphology-discovery/c0/probe/dr5/031.fits,VERIFIED,,False,,
S7,,,,https://www.legacysurvey.org/viewer/fits-cutout?ra=150.356564328176&dec=-2.83476991584952&layer=decals-dr5&pixscale=0.262&size=256&bands=grz,https://www.legacysurvey.org/viewer/fits-cutout?ra=150.356564328176&dec=-2.83476991584952&layer=decals-dr5&pixscale=0.262&size=256&bands=grz,2026-09-17T12:33:52.098982+00:00,200,,"Thu, 17 Sep 2026 12:33:53 GMT",792000,792000,,,03ec135f45d6cfc14ceed761a559fc836037d3d66f76bdbf68b26f58804e1ac7,,/home/jzsalinas/Documents/galaxy-morphology-discovery/c0/probe/dr5/032.fits,VERIFIED,,False,,
S7,,,,https://www.legacysurvey.org/viewer/fits-cutout?ra=18.003699818405&dec=-5.74721247032572&layer=decals-dr5&pixscale=0.262&size=256&bands=grz,https://www.legacysurvey.org/viewer/fits-cutout?ra=18.003699818405&dec=-5.74721247032572&layer=decals-dr5&pixscale=0.262&size=256&bands=grz,2026-09-17T12:33:56.710660+00:00,200,,"Thu, 17 Sep 2026 12:33:57 GMT",792000,792000,,,338d684f1124a39ced2bf0fd7445966adf44520843ddf640869474b6663818ce,,/home/jzsalinas/Documents/galaxy-morphology-discovery/c0/probe/dr5/033.fits,VERIFIED,,False,,
S7,,,,https://www.legacysurvey.org/viewer/fits-cutout?ra=13.7225425988263&dec=-1.57646635348917&layer=decals-dr5&pixscale=0.262&size=256&bands=grz,https://www.legacysurvey.org/viewer/fits-cutout?ra=13.7225425988263&dec=-1.57646635348917&layer=decals-dr5&pixscale=0.262&size=256&bands=grz,2026-09-17T12:34:01.412010+00:00,200,,"Thu, 17 Sep 2026 12:34:02 GMT",792000,792000,,,bf8944062392a41d3c5a315233ae4d4912978dfc9b33794b6f338b04e8343983,,/home/jzsalinas/Documents/galaxy-morphology-discovery/c0/probe/dr5/034.fits,VERIFIED,,False,,
S7,,,,https://www.legacysurvey.org/viewer/fits-cutout?ra=174.2306919665&dec=11.8483508468935&layer=decals-dr5&pixscale=0.262&size=256&bands=grz,https://www.legacysurvey.org/viewer/fits-cutout?ra=174.2306919665&dec=11.8483508468935&layer=decals-dr5&pixscale=0.262&size=256&bands=grz,2026-09-17T12:34:05.543888+00:00,200,,"Thu, 17 Sep 2026 12:34:06 GMT",792000,792000,,,77a05b316d9d456fe5e6ae02dcff53d1ef512dce28a4de5091403b3984bccbfb,,/home/jzsalinas/Documents/galaxy-morphology-discovery/c0/probe/dr5/035.fits,VERIFIED,,False,,
S7,,,,https://www.legacysurvey.org/viewer/fits-cutout?ra=20.0043834578531&dec=0.27508962692107&layer=decals-dr5&pixscale=0.262&size=256&bands=grz,https://www.legacysurvey.org/viewer/fits-cutout?ra=20.0043834578531&dec=0.27508962692107&layer=decals-dr5&pixscale=0.262&size=256&bands=grz,2026-09-17T12:34:12.551885+00:00,200,,"Thu, 17 Sep 2026 12:34:14 GMT",792000,792000,,,58cc91a5ff1a8d414c8a77b8f5a45dad987188f02a191d332ce6b1bbc633c22d,,/home/jzsalinas/Documents/galaxy-morphology-discovery/c0/probe/dr5/036.fits,VERIFIED,,False,,
S7,,,,https://www.legacysurvey.org/viewer/fits-cutout?ra=253.518491979763&dec=25.8862004390033&layer=decals-dr5&pixscale=0.262&size=256&bands=grz,https://www.legacysurvey.org/viewer/fits-cutout?ra=253.518491979763&dec=25.8862004390033&layer=decals-dr5&pixscale=0.262&size=256&bands=grz,2026-09-17T12:34:17.441944+00:00,200,,"Thu, 17 Sep 2026 12:34:18 GMT",792000,792000,,,78c83456a13e03ab32f18195a74810b4d5a8771c899607861a27dcf0e49e9c86,,/home/jzsalinas/Documents/galaxy-morphology-discovery/c0/probe/dr5/037.fits,VERIFIED,,False,,
S7,,,,https://www.legacysurvey.org/viewer/fits-cutout?ra=212.742166909375&dec=25.0985126890839&layer=decals-dr5&pixscale=0.262&size=256&bands=grz,https://www.legacysurvey.org/viewer/fits-cutout?ra=212.742166909375&dec=25.0985126890839&layer=decals-dr5&pixscale=0.262&size=256&bands=grz,2026-09-17T12:34:21.373216+00:00,200,,"Thu, 17 Sep 2026 12:34:23 GMT",792000,792000,,,224807ab3089a6361a9389f7959a8bba0b127fc971a06286f05cab9a5ec93175,,/home/jzsalinas/Documents/galaxy-morphology-discovery/c0/probe/dr5/038.fits,VERIFIED,,False,,
S7,,,,https://www.legacysurvey.org/viewer/fits-cutout?ra=219.657365516366&dec=18.8957306015592&layer=decals-dr5&pixscale=0.262&size=256&bands=grz,https://www.legacysurvey.org/viewer/fits-cutout?ra=219.657365516366&dec=18.8957306015592&layer=decals-dr5&pixscale=0.262&size=256&bands=grz,2026-09-17T12:34:26.040040+00:00,200,,"Thu, 17 Sep 2026 12:34:27 GMT",792000,792000,,,7d0f61a1b308e8393c1e9433552e6657a751d187cb65f00a148198b1f7e0897a,,/home/jzsalinas/Documents/galaxy-morphology-discovery/c0/probe/dr5/039.fits,VERIFIED,,False,,
S7,,,,https://www.legacysurvey.org/viewer/fits-cutout?ra=209.786055355746&dec=-6.74658439238521&layer=decals-dr5&pixscale=0.262&size=256&bands=grz,https://www.legacysurvey.org/viewer/fits-cutout?ra=209.786055355746&dec=-6.74658439238521&layer=decals-dr5&pixscale=0.262&size=256&bands=grz,2026-09-17T12:34:30.415062+00:00,200,,"Thu, 17 Sep 2026 12:34:31 GMT",792000,792000,,,106dd91e1318f3f1c7b63c4ee7d09228a717dc88643a3adc0f2b92aca17ebaf0,,/home/jzsalinas/Documents/galaxy-morphology-discovery/c0/probe/dr5/040.fits,VERIFIED,,False,,
S7,,,,https://www.legacysurvey.org/viewer/fits-cutout?ra=219.464412821094&dec=27.1001795206056&layer=decals-dr5&pixscale=0.262&size=256&bands=grz,https://www.legacysurvey.org/viewer/fits-cutout?ra=219.464412821094&dec=27.1001795206056&layer=decals-dr5&pixscale=0.262&size=256&bands=grz,2026-09-17T12:34:34.132880+00:00,200,,"Thu, 17 Sep 2026 12:34:35 GMT",792000,792000,,,90a5fcb59094c36bc28f112fc4b5519213fc657f42675b71c4c2af0ca971dcc8,,/home/jzsalinas/Documents/galaxy-morphology-discovery/c0/probe/dr5/041.fits,VERIFIED,,False,,
S7,,,,https://www.legacysurvey.org/viewer/fits-cutout?ra=245.95936357782&dec=21.1440608209306&layer=decals-dr5&pixscale=0.262&size=256&bands=grz,https://www.legacysurvey.org/viewer/fits-cutout?ra=245.95936357782&dec=21.1440608209306&layer=decals-dr5&pixscale=0.262&size=256&bands=grz,2026-09-17T12:34:39.121300+00:00,200,,"Thu, 17 Sep 2026 12:34:40 GMT",792000,792000,,,084320223813bd5025001c8471519de5b4721de3d4388ee98e7d9a8569dc735b,,/home/jzsalinas/Documents/galaxy-morphology-discovery/c0/probe/dr5/042.fits,VERIFIED,,False,,
S7,,,,https://www.legacysurvey.org/viewer/fits-cutout?ra=196.362743285505&dec=10.0298956291483&layer=decals-dr5&pixscale=0.262&size=256&bands=grz,https://www.legacysurvey.org/viewer/fits-cutout?ra=196.362743285505&dec=10.0298956291483&layer=decals-dr5&pixscale=0.262&size=256&bands=grz,2026-09-17T12:34:43.769165+00:00,200,,"Thu, 17 Sep 2026 12:34:44 GMT",792000,792000,,,2c0bff8641dcc61dddfdbf3fc36d936306e77bb02eafbd5d35fade7e73ab30ad,,/home/jzsalinas/Documents/galaxy-morphology-discovery/c0/probe/dr5/043.fits,VERIFIED,,False,,
S7,,,,https://www.legacysurvey.org/viewer/fits-cutout?ra=143.099935298015&dec=8.98817639096725&layer=decals-dr5&pixscale=0.262&size=256&bands=grz,https://www.legacysurvey.org/viewer/fits-cutout?ra=143.099935298015&dec=8.98817639096725&layer=decals-dr5&pixscale=0.262&size=256&bands=grz,2026-09-17T12:34:47.058503+00:00,200,,"Thu, 17 Sep 2026 12:34:48 GMT",792000,792000,,,f89856fd3a34ac35ca651c66a0cd57e81d9f067e2a90c7bd690dd39809a0441c,,/home/jzsalinas/Documents/galaxy-morphology-discovery/c0/probe/dr5/044.fits,VERIFIED,,False,,
S7,,,,https://www.legacysurvey.org/viewer/fits-cutout?ra=240.886151798013&dec=27.9312031529652&layer=decals-dr5&pixscale=0.262&size=256&bands=grz,https://www.legacysurvey.org/viewer/fits-cutout?ra=240.886151798013&dec=27.9312031529652&layer=decals-dr5&pixscale=0.262&size=256&bands=grz,2026-09-17T12:34:51.468897+00:00,200,,"Thu, 17 Sep 2026 12:34:52 GMT",792000,792000,,,9c6befba8ee6b359b177fc57878e39ece19e53bf0a3475340bfc1d12d4eb1200,,/home/jzsalinas/Documents/galaxy-morphology-discovery/c0/probe/dr5/045.fits,VERIFIED,,False,,
S7,,,,https://www.legacysurvey.org/viewer/fits-cutout?ra=192.485310253555&dec=-4.74385422252708&layer=decals-dr5&pixscale=0.262&size=256&bands=grz,https://www.legacysurvey.org/viewer/fits-cutout?ra=192.485310253555&dec=-4.74385422252708&layer=decals-dr5&pixscale=0.262&size=256&bands=grz,2026-09-17T12:34:55.377405+00:00,200,,"Thu, 17 Sep 2026 12:34:56 GMT",792000,792000,,,c98a57df2ce18032ebee0661fc0b3443f2a15b75847caa58a13d5f3446ffa189,,/home/jzsalinas/Documents/galaxy-morphology-discovery/c0/probe/dr5/046.fits,VERIFIED,,False,,
S7,,,,https://www.legacysurvey.org/viewer/fits-cutout?ra=228.116321515708&dec=23.3819198063462&layer=decals-dr5&pixscale=0.262&size=256&bands=grz,https://www.legacysurvey.org/viewer/fits-cutout?ra=228.116321515708&dec=23.3819198063462&layer=decals-dr5&pixscale=0.262&size=256&bands=grz,2026-09-17T12:34:59.083445+00:00,200,,"Thu, 17 Sep 2026 12:35:00 GMT",792000,792000,,,532662370d03fe15d93a66653fd487de582d08b10421b5c00d11289ca26c75b2,,/home/jzsalinas/Documents/galaxy-morphology-discovery/c0/probe/dr5/047.fits,VERIFIED,,False,,
S7,,,,https://www.legacysurvey.org/viewer/fits-cutout?ra=139.873240518436&dec=6.21564060547513&layer=decals-dr5&pixscale=0.262&size=256&bands=grz,https://www.legacysurvey.org/viewer/fits-cutout?ra=139.873240518436&dec=6.21564060547513&layer=decals-dr5&pixscale=0.262&size=256&bands=grz,2026-09-17T12:35:04.200882+00:00,200,,"Thu, 17 Sep 2026 12:35:05 GMT",792000,792000,,,40e78a81e997ab034dde9f5e6c3e2f5ffb81f67363584da30057d49d7c4b17a8,,/home/jzsalinas/Documents/galaxy-morphology-discovery/c0/probe/dr5/048.fits,VERIFIED,,False,,
S7,,,,https://www.legacysurvey.org/viewer/fits-cutout?ra=352.188624423911&dec=-2.06617885905282&layer=decals-dr5&pixscale=0.262&size=256&bands=grz,https://www.legacysurvey.org/viewer/fits-cutout?ra=352.188624423911&dec=-2.06617885905282&layer=decals-dr5&pixscale=0.262&size=256&bands=grz,2026-09-17T12:35:08.528886+00:00,200,,"Thu, 17 Sep 2026 12:35:09 GMT",792000,792000,,,e26bc59bbeb1fa8d1ba6bb73eef60cc208a336cca819613c241d100c76fa2d4c,,/home/jzsalinas/Documents/galaxy-morphology-discovery/c0/probe/dr5/049.fits,VERIFIED,,False,,
S7,,,,https://www.legacysurvey.org/viewer/fits-cutout?ra=4.71625915377078&dec=0.901699367088117&layer=decals-dr5&pixscale=0.262&size=256&bands=grz,https://www.legacysurvey.org/viewer/fits-cutout?ra=4.71625915377078&dec=0.901699367088117&layer=decals-dr5&pixscale=0.262&size=256&bands=grz,2026-09-17T12:35:12.921866+00:00,200,,"Thu, 17 Sep 2026 12:35:14 GMT",792000,792000,,,26cf03f27c19a01b8b3bec64f21605d39e91f6e5ab0755db2c4b12dd24b03872,,/home/jzsalinas/Documents/galaxy-morphology-discovery/c0/probe/dr5/050.fits,VERIFIED,,False,,
S7,,,,https://www.legacysurvey.org/viewer/fits-cutout?ra=193.151133719615&dec=8.03312331106563&layer=decals-dr5&pixscale=0.262&size=256&bands=grz,https://www.legacysurvey.org/viewer/fits-cutout?ra=193.151133719615&dec=8.03312331106563&layer=decals-dr5&pixscale=0.262&size=256&bands=grz,2026-09-17T12:35:16.726143+00:00,200,,"Thu, 17 Sep 2026 12:35:18 GMT",792000,792000,,,79d4575d38fb0436044114409484c15653e8216bbea0ae45e150e7f47c556afa,,/home/jzsalinas/Documents/galaxy-morphology-discovery/c0/probe/dr5/051.fits,VERIFIED,,False,,
S7,,,,https://www.legacysurvey.org/viewer/fits-cutout?ra=188.911343785344&dec=4.21243956438408&layer=decals-dr5&pixscale=0.262&size=256&bands=grz,https://www.legacysurvey.org/viewer/fits-cutout?ra=188.911343785344&dec=4.21243956438408&layer=decals-dr5&pixscale=0.262&size=256&bands=grz,2026-09-17T12:35:23.263889+00:00,200,,"Thu, 17 Sep 2026 12:35:24 GMT",792000,792000,,,7f24bbd11b2710eae0933079b23598f44f2374852ad1684c9a89364d02f836de,,/home/jzsalinas/Documents/galaxy-morphology-discovery/c0/probe/dr5/052.fits,VERIFIED,,False,,
S7,,,,https://www.legacysurvey.org/viewer/fits-cutout?ra=325.892352970097&dec=6.16272146433985&layer=decals-dr5&pixscale=0.262&size=256&bands=grz,https://www.legacysurvey.org/viewer/fits-cutout?ra=325.892352970097&dec=6.16272146433985&layer=decals-dr5&pixscale=0.262&size=256&bands=grz,2026-09-17T12:35:27.589152+00:00,200,,"Thu, 17 Sep 2026 12:35:28 GMT",792000,792000,,,b08331326d20d5b5914e405fd0be67ea501ccbe928e312ac66e1abe3c36397bf,,/home/jzsalinas/Documents/galaxy-morphology-discovery/c0/probe/dr5/053.fits,VERIFIED,,False,,
S7,,,,https://www.legacysurvey.org/viewer/fits-cutout?ra=145.180051007789&dec=3.95886401207445&layer=decals-dr5&pixscale=0.262&size=256&bands=grz,https://www.legacysurvey.org/viewer/fits-cutout?ra=145.180051007789&dec=3.95886401207445&layer=decals-dr5&pixscale=0.262&size=256&bands=grz,2026-09-17T12:35:32.359172+00:00,200,,"Thu, 17 Sep 2026 12:35:33 GMT",792000,792000,,,6b01853ad2b7d7c269fde8556c34159ec8dde529ffeb04cbf2745e74ca044898,,/home/jzsalinas/Documents/galaxy-morphology-discovery/c0/probe/dr5/054.fits,VERIFIED,,False,,
S7,,,,https://www.legacysurvey.org/viewer/fits-cutout?ra=163.635537493555&dec=12.1704196196703&layer=decals-dr5&pixscale=0.262&size=256&bands=grz,https://www.legacysurvey.org/viewer/fits-cutout?ra=163.635537493555&dec=12.1704196196703&layer=decals-dr5&pixscale=0.262&size=256&bands=grz,2026-09-17T12:35:36.534769+00:00,200,,"Thu, 17 Sep 2026 12:35:38 GMT",792000,792000,,,10d2b4ad2329478d9851a72a995b3813d21ae89848318ceaa17a16da0e8e8835,,/home/jzsalinas/Documents/galaxy-morphology-discovery/c0/probe/dr5/055.fits,VERIFIED,,False,,
S7,,,,https://www.legacysurvey.org/viewer/fits-cutout?ra=21.8093509833523&dec=1.25737578612483&layer=decals-dr5&pixscale=0.262&size=256&bands=grz,https://www.legacysurvey.org/viewer/fits-cutout?ra=21.8093509833523&dec=1.25737578612483&layer=decals-dr5&pixscale=0.262&size=256&bands=grz,2026-09-17T12:35:41.989423+00:00,200,,"Thu, 17 Sep 2026 12:35:43 GMT",792000,792000,,,93dc726ae83c0c413d359d7c5030a622037de2aa4c0b0ed820c2898e71b7c52b,,/home/jzsalinas/Documents/galaxy-morphology-discovery/c0/probe/dr5/056.fits,VERIFIED,,False,,
S7,,,,https://www.legacysurvey.org/viewer/fits-cutout?ra=192.322947384103&dec=16.6564847162223&layer=decals-dr5&pixscale=0.262&size=256&bands=grz,https://www.legacysurvey.org/viewer/fits-cutout?ra=192.322947384103&dec=16.6564847162223&layer=decals-dr5&pixscale=0.262&size=256&bands=grz,2026-09-17T12:35:46.734481+00:00,200,,"Thu, 17 Sep 2026 12:35:47 GMT",792000,792000,,,5b85b0fd185defe26d5cbe7503aa2b2953b402f2bc83959f24c275778ac5e2c9,,/home/jzsalinas/Documents/galaxy-morphology-discovery/c0/probe/dr5/057.fits,VERIFIED,,False,,
S7,,,,https://www.legacysurvey.org/viewer/fits-cutout?ra=176.060876271004&dec=3.72204635334954&layer=decals-dr5&pixscale=0.262&size=256&bands=grz,https://www.legacysurvey.org/viewer/fits-cutout?ra=176.060876271004&dec=3.72204635334954&layer=decals-dr5&pixscale=0.262&size=256&bands=grz,2026-09-17T12:35:50.144691+00:00,200,,"Thu, 17 Sep 2026 12:35:51 GMT",792000,792000,,,5368bc3171752a8101d87ed383d97932430932f6fa4e5511daee1d1d6158ae9a,,/home/jzsalinas/Documents/galaxy-morphology-discovery/c0/probe/dr5/058.fits,VERIFIED,,False,,
S7,,,,https://www.legacysurvey.org/viewer/fits-cutout?ra=2.58786832292543&dec=14.4469880280765&layer=decals-dr5&pixscale=0.262&size=256&bands=grz,https://www.legacysurvey.org/viewer/fits-cutout?ra=2.58786832292543&dec=14.4469880280765&layer=decals-dr5&pixscale=0.262&size=256&bands=grz,2026-09-17T12:35:53.739188+00:00,200,,"Thu, 17 Sep 2026 12:35:55 GMT",792000,792000,,,b39ec7966f43e5a531ccdc5b357b34dfe95d83d0618912166dcef659d94f7ccf,,/home/jzsalinas/Documents/galaxy-morphology-discovery/c0/probe/dr5/059.fits,VERIFIED,,False,,
S7,,,,https://www.legacysurvey.org/viewer/fits-cutout?ra=202.156998739131&dec=-3.56591421884097&layer=decals-dr5&pixscale=0.262&size=256&bands=grz,https://www.legacysurvey.org/viewer/fits-cutout?ra=202.156998739131&dec=-3.56591421884097&layer=decals-dr5&pixscale=0.262&size=256&bands=grz,2026-09-17T12:35:59.757662+00:00,200,,"Thu, 17 Sep 2026 12:36:00 GMT",792000,792000,,,49357a8a13588935e1c2b9b5208834985bdea17d6d50ebe64e1e0e6c0a6c1c2a,,/home/jzsalinas/Documents/galaxy-morphology-discovery/c0/probe/dr5/060.fits,VERIFIED,,False,,
S7,,,,https://www.legacysurvey.org/viewer/fits-cutout?ra=198.380208526027&dec=5.91551085186796&layer=decals-dr5&pixscale=0.262&size=256&bands=grz,https://www.legacysurvey.org/viewer/fits-cutout?ra=198.380208526027&dec=5.91551085186796&layer=decals-dr5&pixscale=0.262&size=256&bands=grz,2026-09-17T12:36:03.412605+00:00,200,,"Thu, 17 Sep 2026 12:36:05 GMT",792000,792000,,,1b14bcb3840afcfb6591c4a1230d748dcc25677681833b5be411e2fcd2fe24fc,,/home/jzsalinas/Documents/galaxy-morphology-discovery/c0/probe/dr5/061.fits,VERIFIED,,False,,
S7,,,,https://www.legacysurvey.org/viewer/fits-cutout?ra=222.778249319276&dec=3.67468286630539&layer=decals-dr5&pixscale=0.262&size=256&bands=grz,https://www.legacysurvey.org/viewer/fits-cutout?ra=222.778249319276&dec=3.67468286630539&layer=decals-dr5&pixscale=0.262&size=256&bands=grz,2026-09-17T12:36:09.205310+00:00,200,,"Thu, 17 Sep 2026 12:36:10 GMT",792000,792000,,,064080b029d618d183ec459cf873fe1d0ecb11a30b24e770f1d637554760eb3e,,/home/jzsalinas/Documents/galaxy-morphology-discovery/c0/probe/dr5/062.fits,VERIFIED,,False,,
S7,,,,https://www.legacysurvey.org/viewer/fits-cutout?ra=12.8594457290696&dec=0.651974002347894&layer=decals-dr5&pixscale=0.262&size=256&bands=grz,https://www.legacysurvey.org/viewer/fits-cutout?ra=12.8594457290696&dec=0.651974002347894&layer=decals-dr5&pixscale=0.262&size=256&bands=grz,2026-09-17T12:36:13.292287+00:00,200,,"Thu, 17 Sep 2026 12:36:14 GMT",792000,792000,,,c6bd5e4c7f528e6ae41bb16ff8eb8c7715a29ce0240a8699b393048b1be0fee4,,/home/jzsalinas/Documents/galaxy-morphology-discovery/c0/probe/dr5/063.fits,VERIFIED,,False,,
S7,,,,https://www.legacysurvey.org/viewer/fits-cutout?ra=156.171370327551&dec=16.5376252926658&layer=decals-dr5&pixscale=0.262&size=256&bands=grz,https://www.legacysurvey.org/viewer/fits-cutout?ra=156.171370327551&dec=16.5376252926658&layer=decals-dr5&pixscale=0.262&size=256&bands=grz,2026-09-17T12:36:17.369887+00:00,200,,"Thu, 17 Sep 2026 12:36:18 GMT",792000,792000,,,f5d7ed0b0e574357df8c0c432f78b3a6ffa9b60d187de1a82a8322e7173524d4,,/home/jzsalinas/Documents/galaxy-morphology-discovery/c0/probe/dr5/064.fits,VERIFIED,,False,,
S7,,,,https://www.legacysurvey.org/viewer/fits-cutout?ra=165.809508917293&dec=9.27484993873643&layer=decals-dr5&pixscale=0.262&size=256&bands=grz,https://www.legacysurvey.org/viewer/fits-cutout?ra=165.809508917293&dec=9.27484993873643&layer=decals-dr5&pixscale=0.262&size=256&bands=grz,2026-09-17T12:36:20.971741+00:00,200,,"Thu, 17 Sep 2026 12:36:22 GMT",792000,792000,,,837cdfeb51b9cfbed5a951a18f0f67db40ac546f6dc976acc7f20536d5a68365,,/home/jzsalinas/Documents/galaxy-morphology-discovery/c0/probe/dr5/065.fits,VERIFIED,,False,,
S7,,,,https://www.legacysurvey.org/viewer/fits-cutout?ra=152.185573953082&dec=-0.775490334779431&layer=decals-dr5&pixscale=0.262&size=256&bands=grz,https://www.legacysurvey.org/viewer/fits-cutout?ra=152.185573953082&dec=-0.775490334779431&layer=decals-dr5&pixscale=0.262&size=256&bands=grz,2026-09-17T12:36:25.802190+00:00,200,,"Thu, 17 Sep 2026 12:36:26 GMT",792000,792000,,,916b54bf4c7760fcd459a28d5405d37443e16545cc39ee1cec3f71603e7aa96c,,/home/jzsalinas/Documents/galaxy-morphology-discovery/c0/probe/dr5/066.fits,VERIFIED,,False,,
S7,,,,https://www.legacysurvey.org/viewer/fits-cutout?ra=152.328930056925&dec=9.55644667388511&layer=decals-dr5&pixscale=0.262&size=256&bands=grz,https://www.legacysurvey.org/viewer/fits-cutout?ra=152.328930056925&dec=9.55644667388511&layer=decals-dr5&pixscale=0.262&size=256&bands=grz,2026-09-17T12:36:29.816657+00:00,200,,"Thu, 17 Sep 2026 12:36:31 GMT",792000,792000,,,00d1cf3c75555f99c192d3a433f29b55168b141cf3ad0d52241de7820932e088,,/home/jzsalinas/Documents/galaxy-morphology-discovery/c0/probe/dr5/067.fits,VERIFIED,,False,,
S7,,,,https://www.legacysurvey.org/viewer/fits-cutout?ra=145.224713557627&dec=5.16581244114199&layer=decals-dr5&pixscale=0.262&size=256&bands=grz,https://www.legacysurvey.org/viewer/fits-cutout?ra=145.224713557627&dec=5.16581244114199&layer=decals-dr5&pixscale=0.262&size=256&bands=grz,2026-09-17T12:36:34.256351+00:00,200,,"Thu, 17 Sep 2026 12:36:35 GMT",792000,792000,,,673a08a9c3824be4dc92341cbef2a112392f858d609559e0195045a7b4dfcea1,,/home/jzsalinas/Documents/galaxy-morphology-discovery/c0/probe/dr5/068.fits,VERIFIED,,False,,
S7,,,,https://www.legacysurvey.org/viewer/fits-cutout?ra=123.796809184991&dec=14.9124406633824&layer=decals-dr5&pixscale=0.262&size=256&bands=grz,https://www.legacysurvey.org/viewer/fits-cutout?ra=123.796809184991&dec=14.9124406633824&layer=decals-dr5&pixscale=0.262&size=256&bands=grz,2026-09-17T12:36:39.279845+00:00,200,,"Thu, 17 Sep 2026 12:36:40 GMT",792000,792000,,,d1053c63c02d950a74be214c7c9404822537bd34a07460e1bf5b75069a2eaea4,,/home/jzsalinas/Documents/galaxy-morphology-discovery/c0/probe/dr5/069.fits,VERIFIED,,False,,
S7,,,,https://www.legacysurvey.org/viewer/fits-cutout?ra=18.6301066750009&dec=-4.90792205030251&layer=decals-dr5&pixscale=0.262&size=256&bands=grz,https://www.legacysurvey.org/viewer/fits-cutout?ra=18.6301066750009&dec=-4.90792205030251&layer=decals-dr5&pixscale=0.262&size=256&bands=grz,2026-09-17T12:36:52.906989+00:00,200,,"Thu, 17 Sep 2026 12:36:54 GMT",792000,792000,,,56bc06e2e224e32ee7d8daf3370ac1d6b8c327c3311648e05805d806c693fa9f,,/home/jzsalinas/Documents/galaxy-morphology-discovery/c0/probe/dr5/070.fits,VERIFIED,,False,,
S7,,,,https://www.legacysurvey.org/viewer/fits-cutout?ra=147.533185396509&dec=26.690473174827&layer=decals-dr5&pixscale=0.262&size=256&bands=grz,https://www.legacysurvey.org/viewer/fits-cutout?ra=147.533185396509&dec=26.690473174827&layer=decals-dr5&pixscale=0.262&size=256&bands=grz,2026-09-17T12:37:06.047192+00:00,200,,"Thu, 17 Sep 2026 12:37:07 GMT",792000,792000,,,87edc5ddba63b35c44dc9467a6b148bb24316c30610305acada6393b0d32c3b4,,/home/jzsalinas/Documents/galaxy-morphology-discovery/c0/probe/dr5/071.fits,VERIFIED,,False,,
S7,,,,https://www.legacysurvey.org/viewer/fits-cutout?ra=251.135316552873&dec=27.7839591231972&layer=decals-dr5&pixscale=0.262&size=256&bands=grz,https://www.legacysurvey.org/viewer/fits-cutout?ra=251.135316552873&dec=27.7839591231972&layer=decals-dr5&pixscale=0.262&size=256&bands=grz,2026-09-17T12:37:10.093464+00:00,200,,"Thu, 17 Sep 2026 12:37:11 GMT",792000,792000,,,fe370eb57f32d9afe0834b454fcb8f9aecade32e45de110fbb412366603c04ea,,/home/jzsalinas/Documents/galaxy-morphology-discovery/c0/probe/dr5/072.fits,VERIFIED,,False,,
S7,,,,https://www.legacysurvey.org/viewer/fits-cutout?ra=162.667225335489&dec=32.3654950075138&layer=decals-dr5&pixscale=0.262&size=256&bands=grz,https://www.legacysurvey.org/viewer/fits-cutout?ra=162.667225335489&dec=32.3654950075138&layer=decals-dr5&pixscale=0.262&size=256&bands=grz,2026-09-17T12:37:13.700530+00:00,200,,"Thu, 17 Sep 2026 12:37:15 GMT",792000,792000,,,b5acc7ca2bbd83f2be7b2027957e02b7bcbc4b9350af071228bfacdaf13d92d7,,/home/jzsalinas/Documents/galaxy-morphology-discovery/c0/probe/dr5/073.fits,VERIFIED,,False,,
S7,,,,https://www.legacysurvey.org/viewer/fits-cutout?ra=167.909844670616&dec=30.8036504394979&layer=decals-dr5&pixscale=0.262&size=256&bands=grz,https://www.legacysurvey.org/viewer/fits-cutout?ra=167.909844670616&dec=30.8036504394979&layer=decals-dr5&pixscale=0.262&size=256&bands=grz,2026-09-17T12:37:18.259324+00:00,200,,"Thu, 17 Sep 2026 12:37:19 GMT",792000,792000,,,fe87a34c0720073b1eddfe6968a3ed130131c8b1e8b2cc5984c7093900d818c3,,/home/jzsalinas/Documents/galaxy-morphology-discovery/c0/probe/dr5/074.fits,VERIFIED,,False,,
S7,,,,https://www.legacysurvey.org/viewer/fits-cutout?ra=200.189895587758&dec=15.2591095615025&layer=decals-dr5&pixscale=0.262&size=256&bands=grz,https://www.legacysurvey.org/viewer/fits-cutout?ra=200.189895587758&dec=15.2591095615025&layer=decals-dr5&pixscale=0.262&size=256&bands=grz,2026-09-17T12:37:22.691992+00:00,200,,"Thu, 17 Sep 2026 12:37:23 GMT",792000,792000,,,56a7ed3eb760b9a5f59561a1f99228864c6c65891ea9478a63c6e0afc2777ac7,,/home/jzsalinas/Documents/galaxy-morphology-discovery/c0/probe/dr5/075.fits,VERIFIED,,False,,
S7,,,,https://www.legacysurvey.org/viewer/fits-cutout?ra=179.41839495902&dec=2.69853696807831&layer=decals-dr5&pixscale=0.262&size=256&bands=grz,https://www.legacysurvey.org/viewer/fits-cutout?ra=179.41839495902&dec=2.69853696807831&layer=decals-dr5&pixscale=0.262&size=256&bands=grz,2026-09-17T12:37:26.508946+00:00,200,,"Thu, 17 Sep 2026 12:37:27 GMT",792000,792000,,,ada4e6f644a419f0eb15986baeb481273624f8362ea3ce1949eb05cd717aca0e,,/home/jzsalinas/Documents/galaxy-morphology-discovery/c0/probe/dr5/076.fits,VERIFIED,,False,,
S7,,,,https://www.legacysurvey.org/viewer/fits-cutout?ra=196.085996869428&dec=5.45291394170271&layer=decals-dr5&pixscale=0.262&size=256&bands=grz,https://www.legacysurvey.org/viewer/fits-cutout?ra=196.085996869428&dec=5.45291394170271&layer=decals-dr5&pixscale=0.262&size=256&bands=grz,2026-09-17T12:37:31.220212+00:00,200,,"Thu, 17 Sep 2026 12:37:32 GMT",792000,792000,,,dccf37d04f51016271c1b3cc2cd769147818b73045e2412b5a333446d1e54936,,/home/jzsalinas/Documents/galaxy-morphology-discovery/c0/probe/dr5/077.fits,VERIFIED,,False,,
S7,,,,https://www.legacysurvey.org/viewer/fits-cutout?ra=118.020871484396&dec=21.2891154901499&layer=decals-dr5&pixscale=0.262&size=256&bands=grz,https://www.legacysurvey.org/viewer/fits-cutout?ra=118.020871484396&dec=21.2891154901499&layer=decals-dr5&pixscale=0.262&size=256&bands=grz,2026-09-17T12:37:35.293107+00:00,200,,"Thu, 17 Sep 2026 12:37:36 GMT",792000,792000,,,cbdd7ae8b125d4f00da89f03fe94071d59a4c465c95744244d07c045067d1a5a,,/home/jzsalinas/Documents/galaxy-morphology-discovery/c0/probe/dr5/078.fits,VERIFIED,,False,,
S7,,,,https://www.legacysurvey.org/viewer/fits-cutout?ra=240.793316794581&dec=18.6903530888128&layer=decals-dr5&pixscale=0.262&size=256&bands=grz,https://www.legacysurvey.org/viewer/fits-cutout?ra=240.793316794581&dec=18.6903530888128&layer=decals-dr5&pixscale=0.262&size=256&bands=grz,2026-09-17T12:37:39.188134+00:00,200,,"Thu, 17 Sep 2026 12:37:40 GMT",792000,792000,,,a9e05006094f6c049a8ff4892f6717ea3c563ba0289967a9b53d9f982c77e7da,,/home/jzsalinas/Documents/galaxy-morphology-discovery/c0/probe/dr5/079.fits,VERIFIED,,False,,
S7,,,,https://www.legacysurvey.org/viewer/fits-cutout?ra=134.623982625359&dec=6.32134749618798&layer=decals-dr5&pixscale=0.262&size=256&bands=grz,https://www.legacysurvey.org/viewer/fits-cutout?ra=134.623982625359&dec=6.32134749618798&layer=decals-dr5&pixscale=0.262&size=256&bands=grz,2026-09-17T12:37:42.062367+00:00,200,,"Thu, 17 Sep 2026 12:37:43 GMT",792000,792000,,,e28c5b2feea6fd3d7f4c5815c92cec58dadd4ec4755af4d2a18b6fda9208c289,,/home/jzsalinas/Documents/galaxy-morphology-discovery/c0/probe/dr5/080.fits,VERIFIED,,False,,
S7,,,,https://www.legacysurvey.org/viewer/fits-cutout?ra=237.317607117194&dec=3.80903734222449&layer=decals-dr5&pixscale=0.262&size=256&bands=grz,https://www.legacysurvey.org/viewer/fits-cutout?ra=237.317607117194&dec=3.80903734222449&layer=decals-dr5&pixscale=0.262&size=256&bands=grz,2026-09-17T12:37:46.345768+00:00,200,,"Thu, 17 Sep 2026 12:37:47 GMT",792000,792000,,,ee7d62253ed992f93cdc0996eefd5ea89c70b03207a3b947c94bdf5a4aa8d2b3,,/home/jzsalinas/Documents/galaxy-morphology-discovery/c0/probe/dr5/081.fits,VERIFIED,,False,,
S7,,,,https://www.legacysurvey.org/viewer/fits-cutout?ra=227.668356281021&dec=5.95602019812914&layer=decals-dr5&pixscale=0.262&size=256&bands=grz,https://www.legacysurvey.org/viewer/fits-cutout?ra=227.668356281021&dec=5.95602019812914&layer=decals-dr5&pixscale=0.262&size=256&bands=grz,2026-09-17T12:37:51.658692+00:00,200,,"Thu, 17 Sep 2026 12:37:52 GMT",792000,792000,,,516397810e3e1c57a168f18e38831a73100b4895161e58d32ab8bd6306986d24,,/home/jzsalinas/Documents/galaxy-morphology-discovery/c0/probe/dr5/082.fits,VERIFIED,,False,,
S7,,,,https://www.legacysurvey.org/viewer/fits-cutout?ra=218.913488544215&dec=19.516388534858&layer=decals-dr5&pixscale=0.262&size=256&bands=grz,https://www.legacysurvey.org/viewer/fits-cutout?ra=218.913488544215&dec=19.516388534858&layer=decals-dr5&pixscale=0.262&size=256&bands=grz,2026-09-17T12:37:56.355647+00:00,200,,"Thu, 17 Sep 2026 12:37:58 GMT",792000,792000,,,63c45c005fc39cfb3f6128a553573800c82106cac2101b1edf176f8bd7aa58b1,,/home/jzsalinas/Documents/galaxy-morphology-discovery/c0/probe/dr5/083.fits,VERIFIED,,False,,
S7,,,,https://www.legacysurvey.org/viewer/fits-cutout?ra=138.449032397635&dec=22.3917603819037&layer=decals-dr5&pixscale=0.262&size=256&bands=grz,https://www.legacysurvey.org/viewer/fits-cutout?ra=138.449032397635&dec=22.3917603819037&layer=decals-dr5&pixscale=0.262&size=256&bands=grz,2026-09-17T12:38:01.416890+00:00,200,,"Thu, 17 Sep 2026 12:38:02 GMT",792000,792000,,,e55cbcbfa93d3f988c8cd1c25cbfcb3f892eeefb5bed352bba6edf772fac02ac,,/home/jzsalinas/Documents/galaxy-morphology-discovery/c0/probe/dr5/084.fits,VERIFIED,,False,,
S7,,,,https://www.legacysurvey.org/viewer/fits-cutout?ra=203.216884341454&dec=9.98936469019414&layer=decals-dr5&pixscale=0.262&size=256&bands=grz,https://www.legacysurvey.org/viewer/fits-cutout?ra=203.216884341454&dec=9.98936469019414&layer=decals-dr5&pixscale=0.262&size=256&bands=grz,2026-09-17T12:38:05.122881+00:00,200,,"Thu, 17 Sep 2026 12:38:06 GMT",792000,792000,,,6c8c2e43a2ba8785dac009048fec1e58d67b7164a472fd5552a3ebcfeb3c8592,,/home/jzsalinas/Documents/galaxy-morphology-discovery/c0/probe/dr5/085.fits,VERIFIED,,False,,
S7,,,,https://www.legacysurvey.org/viewer/fits-cutout?ra=246.350284315408&dec=11.3157424257558&layer=decals-dr5&pixscale=0.262&size=256&bands=grz,https://www.legacysurvey.org/viewer/fits-cutout?ra=246.350284315408&dec=11.3157424257558&layer=decals-dr5&pixscale=0.262&size=256&bands=grz,2026-09-17T12:38:08.937166+00:00,200,,"Thu, 17 Sep 2026 12:38:09 GMT",792000,792000,,,e769a7e49c344409ffd2576bf3202de5f79130af9ebae3a70066dced24ac8f78,,/home/jzsalinas/Documents/galaxy-morphology-discovery/c0/probe/dr5/086.fits,VERIFIED,,False,,
S7,,,,https://www.legacysurvey.org/viewer/fits-cutout?ra=328.057720500275&dec=-7.87693160333038&layer=decals-dr5&pixscale=0.262&size=256&bands=grz,https://www.legacysurvey.org/viewer/fits-cutout?ra=328.057720500275&dec=-7.87693160333038&layer=decals-dr5&pixscale=0.262&size=256&bands=grz,2026-09-17T12:38:13.070444+00:00,200,,"Thu, 17 Sep 2026 12:38:14 GMT",792000,792000,,,36a1d221fd9e3454a0779017e0a2720904daf236adc24598bfb15a28b6f23b97,,/home/jzsalinas/Documents/galaxy-morphology-discovery/c0/probe/dr5/087.fits,VERIFIED,,False,,
S7,,,,https://www.legacysurvey.org/viewer/fits-cutout?ra=199.969062455288&dec=7.20108927814913&layer=decals-dr5&pixscale=0.262&size=256&bands=grz,https://www.legacysurvey.org/viewer/fits-cutout?ra=199.969062455288&dec=7.20108927814913&layer=decals-dr5&pixscale=0.262&size=256&bands=grz,2026-09-17T12:38:18.197849+00:00,200,,"Thu, 17 Sep 2026 12:38:19 GMT",792000,792000,,,5e2066c729832c6b26cb9028fc3c307c1d3cce097e0b88da59ac73c666984a66,,/home/jzsalinas/Documents/galaxy-morphology-discovery/c0/probe/dr5/088.fits,VERIFIED,,False,,
S7,,,,https://www.legacysurvey.org/viewer/fits-cutout?ra=172.177160633654&dec=19.8870017642785&layer=decals-dr5&pixscale=0.262&size=256&bands=grz,https://www.legacysurvey.org/viewer/fits-cutout?ra=172.177160633654&dec=19.8870017642785&layer=decals-dr5&pixscale=0.262&size=256&bands=grz,2026-09-17T12:38:22.608779+00:00,200,,"Thu, 17 Sep 2026 12:38:23 GMT",792000,792000,,,b7b19fa506b8db976a552f0611f9b7ef610634a61bbd19b716f4c6b877f7c33d,,/home/jzsalinas/Documents/galaxy-morphology-discovery/c0/probe/dr5/089.fits,VERIFIED,,False,,
S7,,,,https://www.legacysurvey.org/viewer/fits-cutout?ra=226.821618569501&dec=7.18481596125293&layer=decals-dr5&pixscale=0.262&size=256&bands=grz,https://www.legacysurvey.org/viewer/fits-cutout?ra=226.821618569501&dec=7.18481596125293&layer=decals-dr5&pixscale=0.262&size=256&bands=grz,2026-09-17T12:38:26.240041+00:00,200,,"Thu, 17 Sep 2026 12:38:27 GMT",792000,792000,,,5a9684a19ab5cf942dfba7e3aa7336a109a500c918cc5e37cd21db9c438a03d5,,/home/jzsalinas/Documents/galaxy-morphology-discovery/c0/probe/dr5/090.fits,VERIFIED,,False,,
S7,,,,https://www.legacysurvey.org/viewer/fits-cutout?ra=7.28852766302373&dec=-0.105451529940371&layer=decals-dr5&pixscale=0.262&size=256&bands=grz,https://www.legacysurvey.org/viewer/fits-cutout?ra=7.28852766302373&dec=-0.105451529940371&layer=decals-dr5&pixscale=0.262&size=256&bands=grz,2026-09-17T12:38:30.670652+00:00,200,,"Thu, 17 Sep 2026 12:38:31 GMT",792000,792000,,,0aaa7a04245e06c598c9fca2b2e5fe6a9e19dc841984962c75de31c496c78fa7,,/home/jzsalinas/Documents/galaxy-morphology-discovery/c0/probe/dr5/091.fits,VERIFIED,,False,,
S7,,,,https://www.legacysurvey.org/viewer/fits-cutout?ra=175.463284759789&dec=20.9600152095899&layer=decals-dr5&pixscale=0.262&size=256&bands=grz,https://www.legacysurvey.org/viewer/fits-cutout?ra=175.463284759789&dec=20.9600152095899&layer=decals-dr5&pixscale=0.262&size=256&bands=grz,2026-09-17T12:38:34.374065+00:00,200,,"Thu, 17 Sep 2026 12:38:35 GMT",792000,792000,,,0b12028be0d1420345e5f25dd26384066e7f0b567ba53cdbb9c8fe55ff736cef,,/home/jzsalinas/Documents/galaxy-morphology-discovery/c0/probe/dr5/092.fits,VERIFIED,,False,,
S7,,,,https://www.legacysurvey.org/viewer/fits-cutout?ra=124.420124340133&dec=17.8563985122422&layer=decals-dr5&pixscale=0.262&size=256&bands=grz,https://www.legacysurvey.org/viewer/fits-cutout?ra=124.420124340133&dec=17.8563985122422&layer=decals-dr5&pixscale=0.262&size=256&bands=grz,2026-09-17T12:38:39.859865+00:00,200,,"Thu, 17 Sep 2026 12:38:41 GMT",792000,792000,,,922e11c33d4a82ee751d1c6e468f0f63e9637816e2d922705f659b2dacf7a863,,/home/jzsalinas/Documents/galaxy-morphology-discovery/c0/probe/dr5/093.fits,VERIFIED,,False,,
S7,,,,https://www.legacysurvey.org/viewer/fits-cutout?ra=207.366106226852&dec=18.6856436293099&layer=decals-dr5&pixscale=0.262&size=256&bands=grz,https://www.legacysurvey.org/viewer/fits-cutout?ra=207.366106226852&dec=18.6856436293099&layer=decals-dr5&pixscale=0.262&size=256&bands=grz,2026-09-17T12:38:44.673798+00:00,200,,"Thu, 17 Sep 2026 12:38:46 GMT",792000,792000,,,a46665b2905f1e58b1c133c4bf59c71af63157ee96e4a948c4c04741c364001b,,/home/jzsalinas/Documents/galaxy-morphology-discovery/c0/probe/dr5/094.fits,VERIFIED,,False,,
S7,,,,https://www.legacysurvey.org/viewer/fits-cutout?ra=166.146531386648&dec=13.7168022526208&layer=decals-dr5&pixscale=0.262&size=256&bands=grz,https://www.legacysurvey.org/viewer/fits-cutout?ra=166.146531386648&dec=13.7168022526208&layer=decals-dr5&pixscale=0.262&size=256&bands=grz,2026-09-17T12:38:48.450080+00:00,200,,"Thu, 17 Sep 2026 12:38:50 GMT",792000,792000,,,43543d5686d33072e44ffc811d4357110dfda0aeeb2cd2044ec67a394cc494d1,,/home/jzsalinas/Documents/galaxy-morphology-discovery/c0/probe/dr5/095.fits,VERIFIED,,False,,
S7,,,,https://www.legacysurvey.org/viewer/fits-cutout?ra=210.899887503503&dec=16.2792318212058&layer=decals-dr5&pixscale=0.262&size=256&bands=grz,https://www.legacysurvey.org/viewer/fits-cutout?ra=210.899887503503&dec=16.2792318212058&layer=decals-dr5&pixscale=0.262&size=256&bands=grz,2026-09-17T12:38:52.413472+00:00,200,,"Thu, 17 Sep 2026 12:38:53 GMT",792000,792000,,,93952a39c14ecef361d6e593be7a0cf3229b649cc0c4dfa453b93ebc666d627e,,/home/jzsalinas/Documents/galaxy-morphology-discovery/c0/probe/dr5/096.fits,VERIFIED,,False,,
S7,,,,https://www.legacysurvey.org/viewer/bricks/?ralo=185.31683240321067&rahi=185.31883240321068&declo=16.09457963236041&dechi=16.096579632360413&layer=decals-dr5,https://www.legacysurvey.org/viewer/bricks/?ralo=185.31683240321067&rahi=185.31883240321068&declo=16.09457963236041&dechi=16.096579632360413&layer=decals-dr5,2026-09-17T12:41:37.197936+00:00,200,,,161,161,,,85e949e375c1ba1c9eeaec7f0cce7be4f37f650ad8c30c46d842da84bbb5a890,,/home/jzsalinas/Documents/galaxy-morphology-discovery/c0/probe/dr5_bricks_smoke.json,VERIFIED,,False,,
S7,,,,https://www.legacysurvey.org/viewer/fits-cutout?ra=185.317832403211&dec=16.0955796323604&layer=decals-dr5&pixscale=0.262&size=256&bands=grz&subimage,https://www.legacysurvey.org/viewer/fits-cutout?ra=185.317832403211&dec=16.0955796323604&layer=decals-dr5&pixscale=0.262&size=256&bands=grz&subimage,2026-09-17T12:41:38.922484+00:00,200,,"Thu, 17 Sep 2026 12:41:40 GMT",1609920,1609920,,,b8d46357fbc21996c5dee865793f9ee1e3c3737d90b4985662189e73230be471,,/home/jzsalinas/Documents/galaxy-morphology-discovery/c0/probe/dr5_subimage_smoke.fits,VERIFIED,,False,,
S6,,,,https://portal.nersc.gov/cfs/cosmo/data/legacysurvey/dr5/coadd/185/1853p160/,https://portal.nersc.gov/cfs/cosmo/data/legacysurvey/dr5/coadd/185/1853p160/,2026-09-17T12:42:17.817379+00:00,200,,,3051,3051,,,5bdf2cd554fc94a480ec4174887a61ad4f99e52e83a05b6024cd29f5643048f5,,/home/jzsalinas/Documents/galaxy-morphology-discovery/c0/provenance/raw_metadata/DR5_BRICK_1853p160_DIRECTORY.raw,VERIFIED,,True,,
S7,,,,https://www.legacysurvey.org/viewer/fits-cutout?ra=213.912511183984&dec=4.94818419372376&layer=decals-dr5&pixscale=0.262&size=256&bands=grz&subimage,https://www.legacysurvey.org/viewer/fits-cutout?ra=213.912511183984&dec=4.94818419372376&layer=decals-dr5&pixscale=0.262&size=256&bands=grz&subimage,2026-09-17T12:46:33.849726+00:00,200,,"Thu, 17 Sep 2026 12:46:35 GMT",1609920,1609920,,,76fed31ee9d89c76c856b8c73426f13f8c818767ecfc7dd2ab7068b814d5f1a2,,/home/jzsalinas/Documents/galaxy-morphology-discovery/c0/probe/subimages/002.fits,VERIFIED,,False,,
S7,,,,https://www.legacysurvey.org/viewer/bricks/?ralo=213.91151118398395&rahi=213.91351118398396&declo=4.947184193723763&dechi=4.949184193723764&layer=decals-dr5,https://www.legacysurvey.org/viewer/bricks/?ralo=213.91151118398395&rahi=213.91351118398396&declo=4.947184193723763&dechi=4.949184193723764&layer=decals-dr5,2026-09-17T12:46:46.028653+00:00,200,,,161,161,,,b9403842a5150228eb3f4539dcd404fe2568a541143f6993ec49ba43273b2046,,/home/jzsalinas/Documents/galaxy-morphology-discovery/c0/probe/bricks/002.json,VERIFIED,,False,,
S7,,,,https://www.legacysurvey.org/viewer/fits-cutout?ra=185.131033332097&dec=13.1432066195258&layer=decals-dr5&pixscale=0.262&size=256&bands=grz&subimage,https://www.legacysurvey.org/viewer/fits-cutout?ra=185.131033332097&dec=13.1432066195258&layer=decals-dr5&pixscale=0.262&size=256&bands=grz&subimage,2026-09-17T12:46:47.472395+00:00,200,,"Thu, 17 Sep 2026 12:46:49 GMT",2664000,2664000,,,b28db2f2e92ff461ea1ab662ffe79112dc8657216534f76eb5f3ce387b9eb96f,,/home/jzsalinas/Documents/galaxy-morphology-discovery/c0/probe/subimages/003.fits,VERIFIED,,False,,
S7,,,,https://www.legacysurvey.org/viewer/bricks/?ralo=185.13003333209727&rahi=185.13203333209728&declo=13.14220661952579&dechi=13.14420661952579&layer=decals-dr5,https://www.legacysurvey.org/viewer/bricks/?ralo=185.13003333209727&rahi=185.13203333209728&declo=13.14220661952579&dechi=13.14420661952579&layer=decals-dr5,2026-09-17T12:46:56.284685+00:00,200,,,165,165,,,62f95a47c462a679f8cc16aab1a62f19b91132b26c6a98cb945f70a923677bd2,,/home/jzsalinas/Documents/galaxy-morphology-discovery/c0/probe/bricks/003.json,VERIFIED,,False,,
S7,,,,https://www.legacysurvey.org/viewer/fits-cutout?ra=11.0929466309091&dec=1.25768457472636&layer=decals-dr5&pixscale=0.262&size=256&bands=grz&subimage,https://www.legacysurvey.org/viewer/fits-cutout?ra=11.0929466309091&dec=1.25768457472636&layer=decals-dr5&pixscale=0.262&size=256&bands=grz&subimage,2026-09-17T12:46:57.630974+00:00,200,,"Thu, 17 Sep 2026 12:46:58 GMT",1609920,1609920,,,d2cbb199ab73e964f07104d6dbe98eb95ebde1ae54415d99fd6cd8d0363416e4,,/home/jzsalinas/Documents/galaxy-morphology-discovery/c0/probe/subimages/004.fits,VERIFIED,,False,,
S7,,,,https://www.legacysurvey.org/viewer/bricks/?ralo=11.091946630909066&rahi=11.093946630909064&declo=1.25668457472636&dechi=1.2586845747263598&layer=decals-dr5,https://www.legacysurvey.org/viewer/bricks/?ralo=11.091946630909066&rahi=11.093946630909064&declo=1.25668457472636&dechi=1.2586845747263598&layer=decals-dr5,2026-09-17T12:47:05.407515+00:00,200,,,107,107,,,b6562e9d2a183de0d142da816e2d33fbf0241c2d3b8d5fb064a36f442b0ec703,,/home/jzsalinas/Documents/galaxy-morphology-discovery/c0/probe/bricks/004.json,VERIFIED,,False,,
S7,,,,https://www.legacysurvey.org/viewer/fits-cutout?ra=195.054421657206&dec=19.0270111468956&layer=decals-dr5&pixscale=0.262&size=256&bands=grz&subimage,https://www.legacysurvey.org/viewer/fits-cutout?ra=195.054421657206&dec=19.0270111468956&layer=decals-dr5&pixscale=0.262&size=256&bands=grz&subimage,2026-09-17T12:47:06.411235+00:00,200,,"Thu, 17 Sep 2026 12:47:08 GMT",2111040,2111040,,,6852e2fa4c993d4cac97aeeeb57426bb3716566d892f4fb578b91c01f35ec1b0,,/home/jzsalinas/Documents/galaxy-morphology-discovery/c0/probe/subimages/005.fits,VERIFIED,,False,,
S7,,,,https://www.legacysurvey.org/viewer/bricks/?ralo=195.05342165720646&rahi=195.05542165720647&declo=19.026011146895573&dechi=19.028011146895576&layer=decals-dr5,https://www.legacysurvey.org/viewer/bricks/?ralo=195.05342165720646&rahi=195.05542165720647&declo=19.026011146895573&dechi=19.028011146895576&layer=decals-dr5,2026-09-17T12:47:13.639274+00:00,200,,,161,161,,,8ce29cc89e8f40f132ad28fd47e3312e398073fca516bb33904af941a326812b,,/home/jzsalinas/Documents/galaxy-morphology-discovery/c0/probe/bricks/005.json,VERIFIED,,False,,
S7,,,,https://www.legacysurvey.org/viewer/fits-cutout?ra=183.074533192017&dec=8.51513259320569&layer=decals-dr5&pixscale=0.262&size=256&bands=grz&subimage,https://www.legacysurvey.org/viewer/fits-cutout?ra=183.074533192017&dec=8.51513259320569&layer=decals-dr5&pixscale=0.262&size=256&bands=grz&subimage,2026-09-17T12:47:19.411361+00:00,200,,"Thu, 17 Sep 2026 12:47:21 GMT",1609920,1609920,,,a414d007b5270f1922e01120c614ce003c6d20422b9baec21b1a77394865253d,,/home/jzsalinas/Documents/galaxy-morphology-discovery/c0/probe/subimages/006.fits,VERIFIED,,False,,
S7,,,,https://www.legacysurvey.org/viewer/bricks/?ralo=183.07353319201687&rahi=183.07553319201688&declo=8.514132593205694&dechi=8.516132593205693&layer=decals-dr5,https://www.legacysurvey.org/viewer/bricks/?ralo=183.07353319201687&rahi=183.07553319201688&declo=8.514132593205694&dechi=8.516132593205693&layer=decals-dr5,2026-09-17T12:47:26.224348+00:00,200,,,161,161,,,ee0ed9fe846196ff6d029c57ec78e79fb453ca9324b1d6b06a70f50263a5cbcb,,/home/jzsalinas/Documents/galaxy-morphology-discovery/c0/probe/bricks/006.json,VERIFIED,,False,,
S7,,,,https://www.legacysurvey.org/viewer/fits-cutout?ra=241.772250406818&dec=11.2005370259751&layer=decals-dr5&pixscale=0.262&size=256&bands=grz&subimage,https://www.legacysurvey.org/viewer/fits-cutout?ra=241.772250406818&dec=11.2005370259751&layer=decals-dr5&pixscale=0.262&size=256&bands=grz&subimage,2026-09-17T12:47:27.403144+00:00,200,,"Thu, 17 Sep 2026 12:47:28 GMT",1609920,1609920,,,eb85c530ee440dbd822e962f783e200437a5a964f1783d727b939507dac03c74,,/home/jzsalinas/Documents/galaxy-morphology-discovery/c0/probe/subimages/007.fits,VERIFIED,,False,,
S7,,,,https://www.legacysurvey.org/viewer/bricks/?ralo=241.77125040681787&rahi=241.77325040681788&declo=11.199537025975099&dechi=11.201537025975098&layer=decals-dr5,https://www.legacysurvey.org/viewer/bricks/?ralo=241.77125040681787&rahi=241.77325040681788&declo=11.199537025975099&dechi=11.201537025975098&layer=decals-dr5,2026-09-17T12:47:33.874068+00:00,200,,,163,163,,,7ebdef5ba40b16a2ad60f407163c30ee7233d54de7c1e956c9c6f319fcf701b7,,/home/jzsalinas/Documents/galaxy-morphology-discovery/c0/probe/bricks/007.json,VERIFIED,,False,,
S7,,,,https://www.legacysurvey.org/viewer/fits-cutout?ra=170.975738662707&dec=25.7996593590015&layer=decals-dr5&pixscale=0.262&size=256&bands=grz&subimage,https://www.legacysurvey.org/viewer/fits-cutout?ra=170.975738662707&dec=25.7996593590015&layer=decals-dr5&pixscale=0.262&size=256&bands=grz&subimage,2026-09-17T12:47:35.272592+00:00,200,,"Thu, 17 Sep 2026 12:47:36 GMT",1609920,1609920,,,d0a8f55f5a9c5ca68c7bc14dee0cfc2747f9a6e0f7c7f4f9881377b2256a0ab2,,/home/jzsalinas/Documents/galaxy-morphology-discovery/c0/probe/subimages/008.fits,VERIFIED,,False,,
S7,,,,https://www.legacysurvey.org/viewer/bricks/?ralo=170.97473866270715&rahi=170.97673866270716&declo=25.79865935900151&dechi=25.80065935900151&layer=decals-dr5,https://www.legacysurvey.org/viewer/bricks/?ralo=170.97473866270715&rahi=170.97673866270716&declo=25.79865935900151&dechi=25.80065935900151&layer=decals-dr5,2026-09-17T12:47:40.642759+00:00,200,,,165,165,,,19a611c3ebef0e47c2bf4b72ed647cfcb472a9d4d100d7bf5f611a019b4ae1b5,,/home/jzsalinas/Documents/galaxy-morphology-discovery/c0/probe/bricks/008.json,VERIFIED,,False,,
S7,,,,https://www.legacysurvey.org/viewer/fits-cutout?ra=176.650199348677&dec=-2.6983817965604&layer=decals-dr5&pixscale=0.262&size=256&bands=grz&subimage,https://www.legacysurvey.org/viewer/fits-cutout?ra=176.650199348677&dec=-2.6983817965604&layer=decals-dr5&pixscale=0.262&size=256&bands=grz&subimage,2026-09-17T12:47:41.767505+00:00,200,,"Thu, 17 Sep 2026 12:47:47 GMT",1609920,1609920,,,7cb248b530991b49591b198a35753c476dc8be7b24aad8cecab212fb56d7a1a4,,/home/jzsalinas/Documents/galaxy-morphology-discovery/c0/probe/subimages/009.fits,VERIFIED,,False,,
S7,,,,https://www.legacysurvey.org/viewer/bricks/?ralo=176.64919934867666&rahi=176.65119934867667&declo=-2.6993817965604032&dechi=-2.6973817965604034&layer=decals-dr5,https://www.legacysurvey.org/viewer/bricks/?ralo=176.64919934867666&rahi=176.65119934867667&declo=-2.6993817965604032&dechi=-2.6973817965604034&layer=decals-dr5,2026-09-17T12:47:52.434772+00:00,200,,,115,115,,,d6e9c62e0c6e40c25a8099639c13762fe414b42b52ba5a90345c3e2eca737fca,,/home/jzsalinas/Documents/galaxy-morphology-discovery/c0/probe/bricks/009.json,VERIFIED,,False,,
S7,,,,https://www.legacysurvey.org/viewer/fits-cutout?ra=32.0200651567404&dec=-0.341826403214544&layer=decals-dr5&pixscale=0.262&size=256&bands=grz&subimage,https://www.legacysurvey.org/viewer/fits-cutout?ra=32.0200651567404&dec=-0.341826403214544&layer=decals-dr5&pixscale=0.262&size=256&bands=grz&subimage,2026-09-17T12:47:53.926449+00:00,200,,"Thu, 17 Sep 2026 12:47:55 GMT",1609920,1609920,,,a7ca53d4daaf5d3a2c4977815fa92145dde5ddded719d85d3b51915e92bf82da,,/home/jzsalinas/Documents/galaxy-morphology-discovery/c0/probe/subimages/010.fits,VERIFIED,,False,,
S7,,,,https://www.legacysurvey.org/viewer/bricks/?ralo=32.019065156740446&rahi=32.02106515674044&declo=-0.34282640321454433&dechi=-0.3408264032145443&layer=decals-dr5,https://www.legacysurvey.org/viewer/bricks/?ralo=32.019065156740446&rahi=32.02106515674044&declo=-0.34282640321454433&dechi=-0.3408264032145443&layer=decals-dr5,2026-09-17T12:47:59.084397+00:00,200,,,111,111,,,59da935fd411d04fcdde974f1443b45a6395fec66303679bc61b7ae24701ffce,,/home/jzsalinas/Documents/galaxy-morphology-discovery/c0/probe/bricks/010.json,VERIFIED,,False,,
S7,,,,https://www.legacysurvey.org/viewer/fits-cutout?ra=220.602994429165&dec=13.6894899013903&layer=decals-dr5&pixscale=0.262&size=256&bands=grz&subimage,https://www.legacysurvey.org/viewer/fits-cutout?ra=220.602994429165&dec=13.6894899013903&layer=decals-dr5&pixscale=0.262&size=256&bands=grz&subimage,2026-09-17T12:48:00.277173+00:00,200,,"Thu, 17 Sep 2026 12:48:01 GMT",1609920,1609920,,,aa939c6a34a22bb6af4115cc1cd9141fa87a1d613caf27ebb3f598ae32b42dec,,/home/jzsalinas/Documents/galaxy-morphology-discovery/c0/probe/subimages/011.fits,VERIFIED,,False,,
S7,,,,https://www.legacysurvey.org/viewer/bricks/?ralo=220.6019944291645&rahi=220.60399442916452&declo=13.688489901390312&dechi=13.690489901390311&layer=decals-dr5,https://www.legacysurvey.org/viewer/bricks/?ralo=220.6019944291645&rahi=220.60399442916452&declo=13.688489901390312&dechi=13.690489901390311&layer=decals-dr5,2026-09-17T12:48:07.414417+00:00,200,,,165,165,,,10addeb50844dc36238c523869ad2407eed665cd7c3bbf77633121fd9ec462a7,,/home/jzsalinas/Documents/galaxy-morphology-discovery/c0/probe/bricks/011.json,VERIFIED,,False,,
S7,,,,https://www.legacysurvey.org/viewer/fits-cutout?ra=199.791312006767&dec=-2.34309201489027&layer=decals-dr5&pixscale=0.262&size=256&bands=grz&subimage,https://www.legacysurvey.org/viewer/fits-cutout?ra=199.791312006767&dec=-2.34309201489027&layer=decals-dr5&pixscale=0.262&size=256&bands=grz&subimage,2026-09-17T12:48:08.768063+00:00,200,,"Thu, 17 Sep 2026 12:48:09 GMT",1609920,1609920,,,3c1b8ee1637ad452a4107f02e997ed95a442d3c0f5cab590280a5c1771796553,,/home/jzsalinas/Documents/galaxy-morphology-discovery/c0/probe/subimages/012.fits,VERIFIED,,False,,
S7,,,,https://www.legacysurvey.org/viewer/bricks/?ralo=199.79031200676738&rahi=199.7923120067674&declo=-2.3440920148902706&dechi=-2.342092014890271&layer=decals-dr5,https://www.legacysurvey.org/viewer/bricks/?ralo=199.79031200676738&rahi=199.7923120067674&declo=-2.3440920148902706&dechi=-2.342092014890271&layer=decals-dr5,2026-09-17T12:48:14.634229+00:00,200,,,115,115,,,454712a5c78f17e7b72fdd862f51b76452a49c888b3f3661a015265857331757,,/home/jzsalinas/Documents/galaxy-morphology-discovery/c0/probe/bricks/012.json,VERIFIED,,False,,
S7,,,,https://www.legacysurvey.org/viewer/fits-cutout?ra=14.1026486748352&dec=-0.550886065856055&layer=decals-dr5&pixscale=0.262&size=256&bands=grz&subimage,https://www.legacysurvey.org/viewer/fits-cutout?ra=14.1026486748352&dec=-0.550886065856055&layer=decals-dr5&pixscale=0.262&size=256&bands=grz&subimage,2026-09-17T12:48:16.162428+00:00,200,,"Thu, 17 Sep 2026 12:48:17 GMT",1609920,1609920,,,0840ef1a888263823723c1cf68c4aeaa1023439af6ffd864ed23267cc2cb816a,,/home/jzsalinas/Documents/galaxy-morphology-discovery/c0/probe/subimages/013.fits,VERIFIED,,False,,
S7,,,,https://www.legacysurvey.org/viewer/bricks/?ralo=14.101648674835248&rahi=14.103648674835247&declo=-0.5518860658560555&dechi=-0.5498860658560555&layer=decals-dr5,https://www.legacysurvey.org/viewer/bricks/?ralo=14.101648674835248&rahi=14.103648674835247&declo=-0.5518860658560555&dechi=-0.5498860658560555&layer=decals-dr5,2026-09-17T12:48:22.532437+00:00,200,,,111,111,,,23e5e48f89364303059a43ce8009c6c1cd0391179819ba9772b232527033d2f9,,/home/jzsalinas/Documents/galaxy-morphology-discovery/c0/probe/bricks/013.json,VERIFIED,,False,,
S7,,,,https://www.legacysurvey.org/viewer/fits-cutout?ra=230.575691906876&dec=27.702244202408&layer=decals-dr5&pixscale=0.262&size=256&bands=grz&subimage,https://www.legacysurvey.org/viewer/fits-cutout?ra=230.575691906876&dec=27.702244202408&layer=decals-dr5&pixscale=0.262&size=256&bands=grz&subimage,2026-09-17T12:48:24.037452+00:00,200,,"Thu, 17 Sep 2026 12:48:25 GMT",1609920,1609920,,,bf2270e56c199eb03fbeb75d5909cb74e901f49c70aa15540c466a4c82e945f4,,/home/jzsalinas/Documents/galaxy-morphology-discovery/c0/probe/subimages/014.fits,VERIFIED,,False,,
S7,,,,https://www.legacysurvey.org/viewer/bricks/?ralo=230.57469190687615&rahi=230.57669190687616&declo=27.701244202407995&dechi=27.703244202407998&layer=decals-dr5,https://www.legacysurvey.org/viewer/bricks/?ralo=230.57469190687615&rahi=230.57669190687616&declo=27.701244202407995&dechi=27.703244202407998&layer=decals-dr5,2026-09-17T12:48:33.044243+00:00,200,,,165,165,,,678adcac96f2bdeb0bd68ea02d0effa106175c9e39f1a5ba7c402df7d835f95f,,/home/jzsalinas/Documents/galaxy-morphology-discovery/c0/probe/bricks/014.json,VERIFIED,,False,,
S7,,,,https://www.legacysurvey.org/viewer/fits-cutout?ra=176.687437855993&dec=8.93482035924388&layer=decals-dr5&pixscale=0.262&size=256&bands=grz&subimage,https://www.legacysurvey.org/viewer/fits-cutout?ra=176.687437855993&dec=8.93482035924388&layer=decals-dr5&pixscale=0.262&size=256&bands=grz&subimage,2026-09-17T12:48:34.127655+00:00,200,,"Thu, 17 Sep 2026 12:48:35 GMT",1609920,1609920,,,232dcbb0c3d3dfbc8dc4ebd92a7c5a95e00fc6621bd9a1b8e8522927646050ab,,/home/jzsalinas/Documents/galaxy-morphology-discovery/c0/probe/subimages/015.fits,VERIFIED,,False,,
S7,,,,https://www.legacysurvey.org/viewer/bricks/?ralo=176.6864378559927&rahi=176.6884378559927&declo=8.933820359243885&dechi=8.935820359243884&layer=decals-dr5,https://www.legacysurvey.org/viewer/bricks/?ralo=176.6864378559927&rahi=176.6884378559927&declo=8.933820359243885&dechi=8.935820359243884&layer=decals-dr5,2026-09-17T12:48:40.329477+00:00,200,,,159,159,,,70d3de7d6936a4af99c25167f258cb4e78a4c5eb522858b5b8bdb78b2deb7047,,/home/jzsalinas/Documents/galaxy-morphology-discovery/c0/probe/bricks/015.json,VERIFIED,,False,,
S7,,,,https://www.legacysurvey.org/viewer/fits-cutout?ra=206.952042034371&dec=7.97519116751563&layer=decals-dr5&pixscale=0.262&size=256&bands=grz&subimage,https://www.legacysurvey.org/viewer/fits-cutout?ra=206.952042034371&dec=7.97519116751563&layer=decals-dr5&pixscale=0.262&size=256&bands=grz&subimage,2026-09-17T12:48:41.633800+00:00,200,,"Thu, 17 Sep 2026 12:48:42 GMT",1609920,1609920,,,2ad5e51dde86d1538b6fbd0397132f7631bda6ff3e98f2dd4f3559dd04d21607,,/home/jzsalinas/Documents/galaxy-morphology-discovery/c0/probe/subimages/016.fits,VERIFIED,,False,,
S7,,,,https://www.legacysurvey.org/viewer/bricks/?ralo=206.95104203437128&rahi=206.9530420343713&declo=7.974191167515625&dechi=7.976191167515625&layer=decals-dr5,https://www.legacysurvey.org/viewer/bricks/?ralo=206.95104203437128&rahi=206.9530420343713&declo=7.974191167515625&dechi=7.976191167515625&layer=decals-dr5,2026-09-17T12:48:47.311910+00:00,200,,,161,161,,,2e1093ffdcbe10851fcf613d2eb8e4bda694e35ba7479bd2c1daacef0c54f51c,,/home/jzsalinas/Documents/galaxy-morphology-discovery/c0/probe/bricks/016.json,VERIFIED,,False,,
S7,,,,https://www.legacysurvey.org/viewer/fits-cutout?ra=176.229176501876&dec=-3.19014889668162&layer=decals-dr5&pixscale=0.262&size=256&bands=grz&subimage,https://www.legacysurvey.org/viewer/fits-cutout?ra=176.229176501876&dec=-3.19014889668162&layer=decals-dr5&pixscale=0.262&size=256&bands=grz&subimage,2026-09-17T12:48:48.311818+00:00,200,,"Thu, 17 Sep 2026 12:48:49 GMT",1609920,1609920,,,349329994f59119f47f55c6cee32a6d27ba06ec65a2c58d8cc39898444d33fc0,,/home/jzsalinas/Documents/galaxy-morphology-discovery/c0/probe/subimages/017.fits,VERIFIED,,False,,
S7,,,,https://www.legacysurvey.org/viewer/bricks/?ralo=176.22817650187616&rahi=176.23017650187617&declo=-3.191148896681618&dechi=-3.189148896681618&layer=decals-dr5,https://www.legacysurvey.org/viewer/bricks/?ralo=176.22817650187616&rahi=176.23017650187617&declo=-3.191148896681618&dechi=-3.189148896681618&layer=decals-dr5,2026-09-17T12:48:55.261756+00:00,200,,,165,165,,,cf94cfd34efdf7cbcaf62cd7d15dca2aebbb5ade0504b2e282a39fe0365ad9dc,,/home/jzsalinas/Documents/galaxy-morphology-discovery/c0/probe/bricks/017.json,VERIFIED,,False,,
S7,,,,https://www.legacysurvey.org/viewer/fits-cutout?ra=217.077582225269&dec=1.80180232516909&layer=decals-dr5&pixscale=0.262&size=256&bands=grz&subimage,https://www.legacysurvey.org/viewer/fits-cutout?ra=217.077582225269&dec=1.80180232516909&layer=decals-dr5&pixscale=0.262&size=256&bands=grz&subimage,2026-09-17T12:48:56.517769+00:00,200,,"Thu, 17 Sep 2026 12:48:57 GMT",1609920,1609920,,,19a15c67e9f6478754b124fd0ea2a065280c114c10b5bd0554a587c81ecf69ca,,/home/jzsalinas/Documents/galaxy-morphology-discovery/c0/probe/subimages/018.fits,VERIFIED,,False,,
S7,,,,https://www.legacysurvey.org/viewer/bricks/?ralo=217.0765822252685&rahi=217.07858222526852&declo=1.8008023251690917&dechi=1.8028023251690914&layer=decals-dr5,https://www.legacysurvey.org/viewer/bricks/?ralo=217.0765822252685&rahi=217.07858222526852&declo=1.8008023251690917&dechi=1.8028023251690914&layer=decals-dr5,2026-09-17T12:49:01.801757+00:00,200,,,111,111,,,5f3e944d0cee705bff2367834a614293ff64417c9b81011836e35dfaf6226fe2,,/home/jzsalinas/Documents/galaxy-morphology-discovery/c0/probe/bricks/018.json,VERIFIED,,False,,
S7,,,,https://www.legacysurvey.org/viewer/fits-cutout?ra=155.134866865673&dec=6.87179452625438&layer=decals-dr5&pixscale=0.262&size=256&bands=grz&subimage,https://www.legacysurvey.org/viewer/fits-cutout?ra=155.134866865673&dec=6.87179452625438&layer=decals-dr5&pixscale=0.262&size=256&bands=grz&subimage,2026-09-17T12:49:03.088212+00:00,200,,"Thu, 17 Sep 2026 12:49:04 GMT",2646720,2646720,,,c8c965b8fda06bb27cb411cd2843bbcd746c2ff291805c043630c60ec1a99173,,/home/jzsalinas/Documents/galaxy-morphology-discovery/c0/probe/subimages/019.fits,VERIFIED,,False,,
S7,,,,https://www.legacysurvey.org/viewer/bricks/?ralo=155.1338668656725&rahi=155.1358668656725&declo=6.870794526254378&dechi=6.872794526254379&layer=decals-dr5,https://www.legacysurvey.org/viewer/bricks/?ralo=155.1338668656725&rahi=155.1358668656725&declo=6.870794526254378&dechi=6.872794526254379&layer=decals-dr5,2026-09-17T12:49:12.130404+00:00,200,,,159,159,,,acb52b4e8cb37789f654a4077f66b8a768cdcf34c292d407fb35e58fc334e3aa,,/home/jzsalinas/Documents/galaxy-morphology-discovery/c0/probe/bricks/019.json,VERIFIED,,False,,
S7,,,,https://www.legacysurvey.org/viewer/fits-cutout?ra=227.272044605303&dec=5.73423756570839&layer=decals-dr5&pixscale=0.262&size=256&bands=grz&subimage,https://www.legacysurvey.org/viewer/fits-cutout?ra=227.272044605303&dec=5.73423756570839&layer=decals-dr5&pixscale=0.262&size=256&bands=grz&subimage,2026-09-17T12:49:13.267008+00:00,200,,"Thu, 17 Sep 2026 12:49:14 GMT",1609920,1609920,,,471bf986845dcb19bdf73805534b5bcbccf499c0ddfe041bc3c37ce371b6af6c,,/home/jzsalinas/Documents/galaxy-morphology-discovery/c0/probe/subimages/020.fits,VERIFIED,,False,,
S7,,,,https://www.legacysurvey.org/viewer/bricks/?ralo=227.27104460530347&rahi=227.27304460530348&declo=5.73323756570839&dechi=5.735237565708391&layer=decals-dr5,https://www.legacysurvey.org/viewer/bricks/?ralo=227.27104460530347&rahi=227.27304460530348&declo=5.73323756570839&dechi=5.735237565708391&layer=decals-dr5,2026-09-17T12:49:20.501875+00:00,200,,,161,161,,,9e8d7ac5a21924065bc192e90fd48b4a055ebb5e80d17b3ade5b9ad74a4132fe,,/home/jzsalinas/Documents/galaxy-morphology-discovery/c0/probe/bricks/020.json,VERIFIED,,False,,
S7,,,,https://www.legacysurvey.org/viewer/fits-cutout?ra=156.210191509682&dec=-3.35254921010542&layer=decals-dr5&pixscale=0.262&size=256&bands=grz&subimage,https://www.legacysurvey.org/viewer/fits-cutout?ra=156.210191509682&dec=-3.35254921010542&layer=decals-dr5&pixscale=0.262&size=256&bands=grz&subimage,2026-09-17T12:49:22.105344+00:00,200,,"Thu, 17 Sep 2026 12:49:23 GMT",2370240,2370240,,,7dff63ecedf21d4c803bc6d4534d711bc5c95a7192d91a83e2361704d4c3c0d9,,/home/jzsalinas/Documents/galaxy-morphology-discovery/c0/probe/subimages/021.fits,VERIFIED,,False,,
S7,,,,https://www.legacysurvey.org/viewer/bricks/?ralo=156.2091915096816&rahi=156.2111915096816&declo=-3.35354921010542&dechi=-3.35154921010542&layer=decals-dr5,https://www.legacysurvey.org/viewer/bricks/?ralo=156.2091915096816&rahi=156.2111915096816&declo=-3.35354921010542&dechi=-3.35154921010542&layer=decals-dr5,2026-09-17T12:49:31.517245+00:00,200,,,163,163,,,d03d9394d9642d56ac1ce87c5c45101d853d8287d9b1bc405ef34a26dd338bd6,,/home/jzsalinas/Documents/galaxy-morphology-discovery/c0/probe/bricks/021.json,VERIFIED,,False,,
S7,,,,https://www.legacysurvey.org/viewer/fits-cutout?ra=21.2950884074306&dec=8.64586097766801&layer=decals-dr5&pixscale=0.262&size=256&bands=grz&subimage,https://www.legacysurvey.org/viewer/fits-cutout?ra=21.2950884074306&dec=8.64586097766801&layer=decals-dr5&pixscale=0.262&size=256&bands=grz&subimage,2026-09-17T12:49:33.158298+00:00,200,,"Thu, 17 Sep 2026 12:49:35 GMT",1609920,1609920,,,d68eaa608aa5c5fdcd8ea8e95b257bbd4d50a25bc71e45b06db83fe1fb6d6544,,/home/jzsalinas/Documents/galaxy-morphology-discovery/c0/probe/subimages/022.fits,VERIFIED,,False,,
S7,,,,https://www.legacysurvey.org/viewer/bricks/?ralo=21.29408840743063&rahi=21.29608840743063&declo=8.644860977668008&dechi=8.646860977668007&layer=decals-dr5,https://www.legacysurvey.org/viewer/bricks/?ralo=21.29408840743063&rahi=21.29608840743063&declo=8.644860977668008&dechi=8.646860977668007&layer=decals-dr5,2026-09-17T12:49:39.857521+00:00,200,,,159,159,,,4fb53ddc8184256da31e36b34dda5601ea8face23aa896361fb03c6dfef2c8da,,/home/jzsalinas/Documents/galaxy-morphology-discovery/c0/probe/bricks/022.json,VERIFIED,,False,,
S7,,,,https://www.legacysurvey.org/viewer/fits-cutout?ra=157.095183018887&dec=3.76456227130532&layer=decals-dr5&pixscale=0.262&size=256&bands=grz&subimage,https://www.legacysurvey.org/viewer/fits-cutout?ra=157.095183018887&dec=3.76456227130532&layer=decals-dr5&pixscale=0.262&size=256&bands=grz&subimage,2026-09-17T12:49:41.256279+00:00,200,,"Thu, 17 Sep 2026 12:49:42 GMT",1609920,1609920,,,e56d60192c4ef8988c66a14a1c4e179b9ff66b0ce565ac337a04757728627b46,,/home/jzsalinas/Documents/galaxy-morphology-discovery/c0/probe/subimages/023.fits,VERIFIED,,False,,
S7,,,,https://www.legacysurvey.org/viewer/bricks/?ralo=157.094183018887&rahi=157.09618301888702&declo=3.7635622713053207&dechi=3.7655622713053205&layer=decals-dr5,https://www.legacysurvey.org/viewer/bricks/?ralo=157.094183018887&rahi=157.09618301888702&declo=3.7635622713053207&dechi=3.7655622713053205&layer=decals-dr5,2026-09-17T12:49:47.682877+00:00,200,,,159,159,,,a812d6955153a06e94d506a5f6ffc9e039301dc52ef7daff58e6f90a92327bae,,/home/jzsalinas/Documents/galaxy-morphology-discovery/c0/probe/bricks/023.json,VERIFIED,,False,,
S7,,,,https://www.legacysurvey.org/viewer/fits-cutout?ra=234.751302046893&dec=16.7758372627247&layer=decals-dr5&pixscale=0.262&size=256&bands=grz&subimage,https://www.legacysurvey.org/viewer/fits-cutout?ra=234.751302046893&dec=16.7758372627247&layer=decals-dr5&pixscale=0.262&size=256&bands=grz&subimage,2026-09-17T12:49:48.658412+00:00,200,,"Thu, 17 Sep 2026 12:49:49 GMT",1609920,1609920,,,7ef337bf470e0b8c140d1d2f2f83ecb7c2facb6f424017b2f3c0775ba5d69194,,/home/jzsalinas/Documents/galaxy-morphology-discovery/c0/probe/subimages/024.fits,VERIFIED,,False,,
S7,,,,https://www.legacysurvey.org/viewer/bricks/?ralo=234.75030204689287&rahi=234.75230204689288&declo=16.77483726272466&dechi=16.776837262724662&layer=decals-dr5,https://www.legacysurvey.org/viewer/bricks/?ralo=234.75030204689287&rahi=234.75230204689288&declo=16.77483726272466&dechi=16.776837262724662&layer=decals-dr5,2026-09-17T12:49:54.045367+00:00,200,,,165,165,,,1a154a9a0e776da3470c17c1b74692ac727a700fbc8db40de793690264be5670,,/home/jzsalinas/Documents/galaxy-morphology-discovery/c0/probe/bricks/024.json,VERIFIED,,False,,
S7,,,,https://www.legacysurvey.org/viewer/fits-cutout?ra=146.864326644847&dec=-0.464061347596727&layer=decals-dr5&pixscale=0.262&size=256&bands=grz&subimage,https://www.legacysurvey.org/viewer/fits-cutout?ra=146.864326644847&dec=-0.464061347596727&layer=decals-dr5&pixscale=0.262&size=256&bands=grz&subimage,2026-09-17T12:49:55.592719+00:00,200,,"Thu, 17 Sep 2026 12:49:56 GMT",1609920,1609920,,,23bf45df9d24405672f9353b2784ebeed5d91c4c10c8cef1f88c88eec155d2cd,,/home/jzsalinas/Documents/galaxy-morphology-discovery/c0/probe/subimages/025.fits,VERIFIED,,False,,
S7,,,,https://www.legacysurvey.org/viewer/bricks/?ralo=146.86332664484698&rahi=146.865326644847&declo=-0.4650613475967274&dechi=-0.4630613475967274&layer=decals-dr5,https://www.legacysurvey.org/viewer/bricks/?ralo=146.86332664484698&rahi=146.865326644847&declo=-0.4650613475967274&dechi=-0.4630613475967274&layer=decals-dr5,2026-09-17T12:50:01.361087+00:00,200,,,115,115,,,6598ea2969f60d67be0f34f7b6ea4c5e38b0b5c47d33a845752b59be9039ceb5,,/home/jzsalinas/Documents/galaxy-morphology-discovery/c0/probe/bricks/025.json,VERIFIED,,False,,
S7,,,,https://www.legacysurvey.org/viewer/fits-cutout?ra=118.599878348903&dec=18.1260024696514&layer=decals-dr5&pixscale=0.262&size=256&bands=grz&subimage,https://www.legacysurvey.org/viewer/fits-cutout?ra=118.599878348903&dec=18.1260024696514&layer=decals-dr5&pixscale=0.262&size=256&bands=grz&subimage,2026-09-17T12:50:07.385229+00:00,200,,"Thu, 17 Sep 2026 12:50:09 GMT",3493440,3493440,,,4a374bc36f097e7070e6237c540ea2baa12b8cbcda1d56e5a7b2e1d467afd430,,/home/jzsalinas/Documents/galaxy-morphology-discovery/c0/probe/subimages/026.fits,VERIFIED,,False,,
S7,,,,https://www.legacysurvey.org/viewer/bricks/?ralo=118.59887834890344&rahi=118.60087834890345&declo=18.12500246965137&dechi=18.127002469651373&layer=decals-dr5,https://www.legacysurvey.org/viewer/bricks/?ralo=118.59887834890344&rahi=118.60087834890345&declo=18.12500246965137&dechi=18.127002469651373&layer=decals-dr5,2026-09-17T12:50:17.721191+00:00,200,,,163,163,,,a78f409553ebefa841d1086c18db80a2f1618911020d65607eacaa6d5c1a91f7,,/home/jzsalinas/Documents/galaxy-morphology-discovery/c0/probe/bricks/026.json,VERIFIED,,False,,
S7,,,,https://www.legacysurvey.org/viewer/fits-cutout?ra=172.116825588675&dec=-5.72124115013813&layer=decals-dr5&pixscale=0.262&size=256&bands=grz&subimage,https://www.legacysurvey.org/viewer/fits-cutout?ra=172.116825588675&dec=-5.72124115013813&layer=decals-dr5&pixscale=0.262&size=256&bands=grz&subimage,2026-09-17T12:50:19.263838+00:00,200,,"Thu, 17 Sep 2026 12:50:20 GMT",1609920,1609920,,,6a08ab72016425107ba9c692c4b5ccf85065e0e4c4fce4f9f9a732a9ce085c63,,/home/jzsalinas/Documents/galaxy-morphology-discovery/c0/probe/subimages/027.fits,VERIFIED,,False,,
S7,,,,https://www.legacysurvey.org/viewer/bricks/?ralo=172.11582558867497&rahi=172.11782558867498&declo=-5.722241150138134&dechi=-5.720241150138134&layer=decals-dr5,https://www.legacysurvey.org/viewer/bricks/?ralo=172.11582558867497&rahi=172.11782558867498&declo=-5.722241150138134&dechi=-5.720241150138134&layer=decals-dr5,2026-09-17T12:50:25.074710+00:00,200,,,163,163,,,9719ba313c56491f4a54e80744965238a1a4f969bd1e5148c1af8305d51838e6,,/home/jzsalinas/Documents/galaxy-morphology-discovery/c0/probe/bricks/027.json,VERIFIED,,False,,
S7,,,,https://www.legacysurvey.org/viewer/fits-cutout?ra=203.108859199545&dec=4.74317142123515&layer=decals-dr5&pixscale=0.262&size=256&bands=grz&subimage,https://www.legacysurvey.org/viewer/fits-cutout?ra=203.108859199545&dec=4.74317142123515&layer=decals-dr5&pixscale=0.262&size=256&bands=grz&subimage,2026-09-17T12:50:25.896184+00:00,200,,"Thu, 17 Sep 2026 12:50:27 GMT",1609920,1609920,,,8b20fdfdd077f56f74ab1b5b248800a96dd6dd5095f7d27e3f18def9cbf1a42e,,/home/jzsalinas/Documents/galaxy-morphology-discovery/c0/probe/subimages/028.fits,VERIFIED,,False,,
S7,,,,https://www.legacysurvey.org/viewer/bricks/?ralo=203.1078591995448&rahi=203.10985919954481&declo=4.74217142123515&dechi=4.7441714212351505&layer=decals-dr5,https://www.legacysurvey.org/viewer/bricks/?ralo=203.1078591995448&rahi=203.10985919954481&declo=4.74217142123515&dechi=4.7441714212351505&layer=decals-dr5,2026-09-17T12:50:32.149884+00:00,200,,,161,161,,,3a3454563c7d65acaa5a2f614c7e47885028fec87b5d4247a704e58f3a66f193,,/home/jzsalinas/Documents/galaxy-morphology-discovery/c0/probe/bricks/028.json,VERIFIED,,False,,
S7,,,,https://www.legacysurvey.org/viewer/fits-cutout?ra=197.670347908108&dec=13.6912477228549&layer=decals-dr5&pixscale=0.262&size=256&bands=grz&subimage,https://www.legacysurvey.org/viewer/fits-cutout?ra=197.670347908108&dec=13.6912477228549&layer=decals-dr5&pixscale=0.262&size=256&bands=grz&subimage,2026-09-17T12:50:33.431921+00:00,200,,"Thu, 17 Sep 2026 12:50:35 GMT",1609920,1609920,,,b4607a22cffffd8293c5548d5e43438e74386269bb4e44776d617998f700de39,,/home/jzsalinas/Documents/galaxy-morphology-discovery/c0/probe/subimages/029.fits,VERIFIED,,False,,
S7,,,,https://www.legacysurvey.org/viewer/bricks/?ralo=197.66934790810785&rahi=197.67134790810786&declo=13.690247722854904&dechi=13.692247722854903&layer=decals-dr5,https://www.legacysurvey.org/viewer/bricks/?ralo=197.66934790810785&rahi=197.67134790810786&declo=13.690247722854904&dechi=13.692247722854903&layer=decals-dr5,2026-09-17T12:50:40.217043+00:00,200,,,165,165,,,1a1de31a99252c586dae19c3a2810477434dbdf429998b1ceef318f31546eab4,,/home/jzsalinas/Documents/galaxy-morphology-discovery/c0/probe/bricks/029.json,VERIFIED,,False,,
S7,,,,https://www.legacysurvey.org/viewer/fits-cutout?ra=167.031115086238&dec=-0.00752361861995589&layer=decals-dr5&pixscale=0.262&size=256&bands=grz&subimage,https://www.legacysurvey.org/viewer/fits-cutout?ra=167.031115086238&dec=-0.00752361861995589&layer=decals-dr5&pixscale=0.262&size=256&bands=grz&subimage,2026-09-17T12:50:41.433626+00:00,200,,"Thu, 17 Sep 2026 12:50:42 GMT",1609920,1609920,,,c4de0b317767f9e84cc41faae1c91b0df7e31e2e29d9c09804b2fab084dbb514,,/home/jzsalinas/Documents/galaxy-morphology-discovery/c0/probe/subimages/030.fits,VERIFIED,,False,,
S7,,,,https://www.legacysurvey.org/viewer/bricks/?ralo=167.03011508623757&rahi=167.03211508623758&declo=-0.008523618619955889&dechi=-0.006523618619955889&layer=decals-dr5,https://www.legacysurvey.org/viewer/bricks/?ralo=167.03011508623757&rahi=167.03211508623758&declo=-0.008523618619955889&dechi=-0.006523618619955889&layer=decals-dr5,2026-09-17T12:50:47.522666+00:00,200,,,113,113,,,7a4bfbd76c2132cec4c90309928114fc4e630455959fbd0cdabb4167a1b4f61e,,/home/jzsalinas/Documents/galaxy-morphology-discovery/c0/probe/bricks/030.json,VERIFIED,,False,,
S7,,,,https://www.legacysurvey.org/viewer/fits-cutout?ra=256.350533860068&dec=21.0543843784207&layer=decals-dr5&pixscale=0.262&size=256&bands=grz&subimage,https://www.legacysurvey.org/viewer/fits-cutout?ra=256.350533860068&dec=21.0543843784207&layer=decals-dr5&pixscale=0.262&size=256&bands=grz&subimage,2026-09-17T12:50:48.773631+00:00,200,,"Thu, 17 Sep 2026 12:50:50 GMT",1609920,1609920,,,224275c7a5f378b604ef2a5ca7598949cf6cb256cb8fe9761c05c7661f0bf297,,/home/jzsalinas/Documents/galaxy-morphology-discovery/c0/probe/subimages/031.fits,VERIFIED,,False,,
S7,,,,https://www.legacysurvey.org/viewer/bricks/?ralo=256.34953386006816&rahi=256.3515338600681&declo=21.05338437842071&dechi=21.05538437842071&layer=decals-dr5,https://www.legacysurvey.org/viewer/bricks/?ralo=256.34953386006816&rahi=256.3515338600681&declo=21.05338437842071&dechi=21.05538437842071&layer=decals-dr5,2026-09-17T12:50:55.290420+00:00,200,,,163,163,,,95cfb61b8985aa7cbc0c61881fe2a58d51c1af9604346751b3e510a53b835969,,/home/jzsalinas/Documents/galaxy-morphology-discovery/c0/probe/bricks/031.json,VERIFIED,,False,,
S7,,,,https://www.legacysurvey.org/viewer/fits-cutout?ra=150.356564328176&dec=-2.83476991584952&layer=decals-dr5&pixscale=0.262&size=256&bands=grz&subimage,https://www.legacysurvey.org/viewer/fits-cutout?ra=150.356564328176&dec=-2.83476991584952&layer=decals-dr5&pixscale=0.262&size=256&bands=grz&subimage,2026-09-17T12:50:56.637415+00:00,200,,"Thu, 17 Sep 2026 12:50:58 GMT",1609920,1609920,,,4fd956c69c6fdafd6e83bde885693d85e9186fc38309461a02959cb198c4412e,,/home/jzsalinas/Documents/galaxy-morphology-discovery/c0/probe/subimages/032.fits,VERIFIED,,False,,
S7,,,,https://www.legacysurvey.org/viewer/bricks/?ralo=150.35556432817637&rahi=150.35756432817638&declo=-2.835769915849517&dechi=-2.8337699158495173&layer=decals-dr5,https://www.legacysurvey.org/viewer/bricks/?ralo=150.35556432817637&rahi=150.35756432817638&declo=-2.835769915849517&dechi=-2.8337699158495173&layer=decals-dr5,2026-09-17T12:51:01.906723+00:00,200,,,115,115,,,adbc76b20fb9588544a7c40c0d9133d0c61ba0fefe4db9e77debb2e9f3bece60,,/home/jzsalinas/Documents/galaxy-morphology-discovery/c0/probe/bricks/032.json,VERIFIED,,False,,
S7,,,,https://www.legacysurvey.org/viewer/fits-cutout?ra=18.003699818405&dec=-5.74721247032572&layer=decals-dr5&pixscale=0.262&size=256&bands=grz&subimage,https://www.legacysurvey.org/viewer/fits-cutout?ra=18.003699818405&dec=-5.74721247032572&layer=decals-dr5&pixscale=0.262&size=256&bands=grz&subimage,2026-09-17T12:51:03.070864+00:00,200,,"Thu, 17 Sep 2026 12:51:04 GMT",1609920,1609920,,,78c9ad81095365166fd459570d945291f078e2bd10c06a28b7e571c7f6c2d62f,,/home/jzsalinas/Documents/galaxy-morphology-discovery/c0/probe/subimages/033.fits,VERIFIED,,False,,
S7,,,,https://www.legacysurvey.org/viewer/bricks/?ralo=18.00269981840495&rahi=18.00469981840495&declo=-5.74821247032572&dechi=-5.74621247032572&layer=decals-dr5,https://www.legacysurvey.org/viewer/bricks/?ralo=18.00269981840495&rahi=18.00469981840495&declo=-5.74821247032572&dechi=-5.74621247032572&layer=decals-dr5,2026-09-17T12:51:09.037034+00:00,200,,,163,163,,,b5579ec5e7d54f6981583d0e660eedb65cc37eaa7e17f15b30e76115fdafcd7c,,/home/jzsalinas/Documents/galaxy-morphology-discovery/c0/probe/bricks/033.json,VERIFIED,,False,,
S7,,,,https://www.legacysurvey.org/viewer/fits-cutout?ra=13.7225425988263&dec=-1.57646635348917&layer=decals-dr5&pixscale=0.262&size=256&bands=grz&subimage,https://www.legacysurvey.org/viewer/fits-cutout?ra=13.7225425988263&dec=-1.57646635348917&layer=decals-dr5&pixscale=0.262&size=256&bands=grz&subimage,2026-09-17T12:51:09.975814+00:00,200,,"Thu, 17 Sep 2026 12:51:11 GMT",1609920,1609920,,,5ef22665768b7cc8af15ed90f1033d785a9eb5dc00b054e3bc4cdee062bdd7b2,,/home/jzsalinas/Documents/galaxy-morphology-discovery/c0/probe/subimages/034.fits,VERIFIED,,False,,
S7,,,,https://www.legacysurvey.org/viewer/bricks/?ralo=13.721542598826323&rahi=13.723542598826322&declo=-1.5774663534891702&dechi=-1.5754663534891704&layer=decals-dr5,https://www.legacysurvey.org/viewer/bricks/?ralo=13.721542598826323&rahi=13.723542598826322&declo=-1.5774663534891702&dechi=-1.5754663534891704&layer=decals-dr5,2026-09-17T12:51:15.901116+00:00,200,,,111,111,,,2abe0306bc78e3f040418aec53d6696faa3f87690ca984c2aa182d60312812ee,,/home/jzsalinas/Documents/galaxy-morphology-discovery/c0/probe/bricks/034.json,VERIFIED,,False,,
S7,,,,https://www.legacysurvey.org/viewer/fits-cutout?ra=174.2306919665&dec=11.8483508468935&layer=decals-dr5&pixscale=0.262&size=256&bands=grz&subimage,https://www.legacysurvey.org/viewer/fits-cutout?ra=174.2306919665&dec=11.8483508468935&layer=decals-dr5&pixscale=0.262&size=256&bands=grz&subimage,2026-09-17T12:51:16.947620+00:00,200,,"Thu, 17 Sep 2026 12:51:18 GMT",1609920,1609920,,,85444f6603c4eb96b0e0edf959ce316d4baf5b25f56af17ddd5205adc043c9de,,/home/jzsalinas/Documents/galaxy-morphology-discovery/c0/probe/subimages/035.fits,VERIFIED,,False,,
S7,,,,https://www.legacysurvey.org/viewer/bricks/?ralo=174.2296919664998&rahi=174.2316919664998&declo=11.847350846893505&dechi=11.849350846893504&layer=decals-dr5,https://www.legacysurvey.org/viewer/bricks/?ralo=174.2296919664998&rahi=174.2316919664998&declo=11.847350846893505&dechi=11.849350846893504&layer=decals-dr5,2026-09-17T12:51:23.886916+00:00,200,,,163,163,,,5dd6d9cc0122100fc40502d73df08b776912f5f1dee55e8b4af54de45f504eb6,,/home/jzsalinas/Documents/galaxy-morphology-discovery/c0/probe/bricks/035.json,VERIFIED,,False,,
S7,,,,https://www.legacysurvey.org/viewer/fits-cutout?ra=20.0043834578531&dec=0.27508962692107&layer=decals-dr5&pixscale=0.262&size=256&bands=grz&subimage,https://www.legacysurvey.org/viewer/fits-cutout?ra=20.0043834578531&dec=0.27508962692107&layer=decals-dr5&pixscale=0.262&size=256&bands=grz&subimage,2026-09-17T12:51:24.974582+00:00,200,,"Thu, 17 Sep 2026 12:51:26 GMT",2560320,2560320,,,55a6eb4b845750def3f16b589662f72ba3c8321ec4bb099453390bc19388b46f,,/home/jzsalinas/Documents/galaxy-morphology-discovery/c0/probe/subimages/036.fits,VERIFIED,,False,,
S7,,,,https://www.legacysurvey.org/viewer/bricks/?ralo=20.00338345785308&rahi=20.005383457853082&declo=0.27408962692107036&dechi=0.27608962692107036&layer=decals-dr5,https://www.legacysurvey.org/viewer/bricks/?ralo=20.00338345785308&rahi=20.005383457853082&declo=0.27408962692107036&dechi=0.27608962692107036&layer=decals-dr5,2026-09-17T12:51:31.053684+00:00,200,,,107,107,,,28d4ab34db5a421a4c905a86312ccd511299b3e9d44ad69e50ae1a42612ecc54,,/home/jzsalinas/Documents/galaxy-morphology-discovery/c0/probe/bricks/036.json,VERIFIED,,False,,
S7,,,,https://www.legacysurvey.org/viewer/fits-cutout?ra=253.518491979763&dec=25.8862004390033&layer=decals-dr5&pixscale=0.262&size=256&bands=grz&subimage,https://www.legacysurvey.org/viewer/fits-cutout?ra=253.518491979763&dec=25.8862004390033&layer=decals-dr5&pixscale=0.262&size=256&bands=grz&subimage,2026-09-17T12:51:32.376668+00:00,200,,"Thu, 17 Sep 2026 12:51:33 GMT",1990080,1990080,,,d7acbc8697c75498f5f189027beef03e1fe4fa27ca5ed3e62a879f80748e0a88,,/home/jzsalinas/Documents/galaxy-morphology-discovery/c0/probe/subimages/037.fits,VERIFIED,,False,,
S7,,,,https://www.legacysurvey.org/viewer/bricks/?ralo=253.5174919797631&rahi=253.5194919797631&declo=25.885200439003256&dechi=25.88720043900326&layer=decals-dr5,https://www.legacysurvey.org/viewer/bricks/?ralo=253.5174919797631&rahi=253.5194919797631&declo=25.885200439003256&dechi=25.88720043900326&layer=decals-dr5,2026-09-17T12:51:40.087266+00:00,200,,,163,163,,,7438dbec7ef8a2cb368fad8ed16968915d0175b037bc236fc60a15ad53a101a3,,/home/jzsalinas/Documents/galaxy-morphology-discovery/c0/probe/bricks/037.json,VERIFIED,,False,,
S7,,,,https://www.legacysurvey.org/viewer/fits-cutout?ra=212.742166909375&dec=25.0985126890839&layer=decals-dr5&pixscale=0.262&size=256&bands=grz&subimage,https://www.legacysurvey.org/viewer/fits-cutout?ra=212.742166909375&dec=25.0985126890839&layer=decals-dr5&pixscale=0.262&size=256&bands=grz&subimage,2026-09-17T12:51:41.266854+00:00,200,,"Thu, 17 Sep 2026 12:51:42 GMT",2180160,2180160,,,5c524391507af24d1d414ac83c68c90fb6f46a8c01a0c9db9375f7487538b3e1,,/home/jzsalinas/Documents/galaxy-morphology-discovery/c0/probe/subimages/038.fits,VERIFIED,,False,,
S7,,,,https://www.legacysurvey.org/viewer/bricks/?ralo=212.74116690937493&rahi=212.74316690937493&declo=25.09751268908387&dechi=25.099512689083873&layer=decals-dr5,https://www.legacysurvey.org/viewer/bricks/?ralo=212.74116690937493&rahi=212.74316690937493&declo=25.09751268908387&dechi=25.099512689083873&layer=decals-dr5,2026-09-17T12:51:48.287192+00:00,200,,,165,165,,,e89a3cacd2c377e8c0587588954412b364e3e776ab92f66e2b1ec8fda236e3ca,,/home/jzsalinas/Documents/galaxy-morphology-discovery/c0/probe/bricks/038.json,VERIFIED,,False,,
S7,,,,https://www.legacysurvey.org/viewer/fits-cutout?ra=219.657365516366&dec=18.8957306015592&layer=decals-dr5&pixscale=0.262&size=256&bands=grz&subimage,https://www.legacysurvey.org/viewer/fits-cutout?ra=219.657365516366&dec=18.8957306015592&layer=decals-dr5&pixscale=0.262&size=256&bands=grz&subimage,2026-09-17T12:51:50.021578+00:00,200,,"Thu, 17 Sep 2026 12:51:51 GMT",1609920,1609920,,,0aa68a4f48513502d94a27db255858536a78d154c2fab1230213f243e0305650,,/home/jzsalinas/Documents/galaxy-morphology-discovery/c0/probe/subimages/039.fits,VERIFIED,,False,,
S7,,,,https://www.legacysurvey.org/viewer/bricks/?ralo=219.65636551636604&rahi=219.65836551636605&declo=18.89473060155921&dechi=18.896730601559213&layer=decals-dr5,https://www.legacysurvey.org/viewer/bricks/?ralo=219.65636551636604&rahi=219.65836551636605&declo=18.89473060155921&dechi=18.896730601559213&layer=decals-dr5,2026-09-17T12:51:56.684781+00:00,200,,,163,163,,,d69c51f3056f90b6873508b4adda8ebd40acc4a8e7813dfb11d2f03027ad2d24,,/home/jzsalinas/Documents/galaxy-morphology-discovery/c0/probe/bricks/039.json,VERIFIED,,False,,
S7,,,,https://www.legacysurvey.org/viewer/fits-cutout?ra=209.786055355746&dec=-6.74658439238521&layer=decals-dr5&pixscale=0.262&size=256&bands=grz&subimage,https://www.legacysurvey.org/viewer/fits-cutout?ra=209.786055355746&dec=-6.74658439238521&layer=decals-dr5&pixscale=0.262&size=256&bands=grz&subimage,2026-09-17T12:51:57.854553+00:00,200,,"Thu, 17 Sep 2026 12:51:59 GMT",1609920,1609920,,,cd0085adce755b96502da356f22cbcc2a3b9877566eeefea56879430d758d92f,,/home/jzsalinas/Documents/galaxy-morphology-discovery/c0/probe/subimages/040.fits,VERIFIED,,False,,
S7,,,,https://www.legacysurvey.org/viewer/bricks/?ralo=209.78505535574595&rahi=209.78705535574596&declo=-6.747584392385215&dechi=-6.745584392385214&layer=decals-dr5,https://www.legacysurvey.org/viewer/bricks/?ralo=209.78505535574595&rahi=209.78705535574596&declo=-6.747584392385215&dechi=-6.745584392385214&layer=decals-dr5,2026-09-17T12:52:03.491115+00:00,200,,,163,163,,,34fa1774c7ee22d28fb2456ba044a47e755641de3ceb78384b03243de40d4c16,,/home/jzsalinas/Documents/galaxy-morphology-discovery/c0/probe/bricks/040.json,VERIFIED,,False,,
S7,,,,https://www.legacysurvey.org/viewer/fits-cutout?ra=219.464412821094&dec=27.1001795206056&layer=decals-dr5&pixscale=0.262&size=256&bands=grz&subimage,https://www.legacysurvey.org/viewer/fits-cutout?ra=219.464412821094&dec=27.1001795206056&layer=decals-dr5&pixscale=0.262&size=256&bands=grz&subimage,2026-09-17T12:52:05.040355+00:00,200,,"Thu, 17 Sep 2026 12:52:06 GMT",2456640,2456640,,,d1ee230146bc910d4123448e08618c7148afa0e553f2b7afddf4e02c84690da4,,/home/jzsalinas/Documents/galaxy-morphology-discovery/c0/probe/subimages/041.fits,VERIFIED,,False,,
S7,,,,https://www.legacysurvey.org/viewer/bricks/?ralo=219.46341282109353&rahi=219.46541282109354&declo=27.099179520605592&dechi=27.101179520605594&layer=decals-dr5,https://www.legacysurvey.org/viewer/bricks/?ralo=219.46341282109353&rahi=219.46541282109354&declo=27.099179520605592&dechi=27.101179520605594&layer=decals-dr5,2026-09-17T12:52:13.783284+00:00,200,,,165,165,,,d48661553bc80bed5d5554f02e9fbac857f5b18e724738715fb5139c5bd98a02,,/home/jzsalinas/Documents/galaxy-morphology-discovery/c0/probe/bricks/041.json,VERIFIED,,False,,
S7,,,,https://www.legacysurvey.org/viewer/fits-cutout?ra=245.95936357782&dec=21.1440608209306&layer=decals-dr5&pixscale=0.262&size=256&bands=grz&subimage,https://www.legacysurvey.org/viewer/fits-cutout?ra=245.95936357782&dec=21.1440608209306&layer=decals-dr5&pixscale=0.262&size=256&bands=grz&subimage,2026-09-17T12:52:14.962779+00:00,200,,"Thu, 17 Sep 2026 12:52:16 GMT",1609920,1609920,,,fd9571783ed7eb1c2f2776e5efc9edfa3108132bd2ea0b630f6f637dec035444,,/home/jzsalinas/Documents/galaxy-morphology-discovery/c0/probe/subimages/042.fits,VERIFIED,,False,,
S7,,,,https://www.legacysurvey.org/viewer/bricks/?ralo=245.95836357782002&rahi=245.96036357782003&declo=21.14306082093056&dechi=21.145060820930563&layer=decals-dr5,https://www.legacysurvey.org/viewer/bricks/?ralo=245.95836357782002&rahi=245.96036357782003&declo=21.14306082093056&dechi=21.145060820930563&layer=decals-dr5,2026-09-17T12:52:20.105914+00:00,200,,,163,163,,,3c83931abcc4100a3c8ec3437fed45744f492f3dfc0b48a96cbf667788418eb2,,/home/jzsalinas/Documents/galaxy-morphology-discovery/c0/probe/bricks/042.json,VERIFIED,,False,,
S7,,,,https://www.legacysurvey.org/viewer/fits-cutout?ra=196.362743285505&dec=10.0298956291483&layer=decals-dr5&pixscale=0.262&size=256&bands=grz&subimage,https://www.legacysurvey.org/viewer/fits-cutout?ra=196.362743285505&dec=10.0298956291483&layer=decals-dr5&pixscale=0.262&size=256&bands=grz&subimage,2026-09-17T12:52:21.513363+00:00,200,,"Thu, 17 Sep 2026 12:52:22 GMT",1609920,1609920,,,93fae20fa4e1898f28e3e59803f49c70c24f6ad4e2516c900d3acb2ad9585dea,,/home/jzsalinas/Documents/galaxy-morphology-discovery/c0/probe/subimages/043.fits,VERIFIED,,False,,
S7,,,,https://www.legacysurvey.org/viewer/bricks/?ralo=196.3617432855047&rahi=196.3637432855047&declo=10.028895629148312&dechi=10.030895629148311&layer=decals-dr5,https://www.legacysurvey.org/viewer/bricks/?ralo=196.3617432855047&rahi=196.3637432855047&declo=10.028895629148312&dechi=10.030895629148311&layer=decals-dr5,2026-09-17T12:52:27.372422+00:00,200,,,161,161,,,be06211532afddd80b2f5b0e530f94d0247dc8940dfff01c82b2d0258f01a3d9,,/home/jzsalinas/Documents/galaxy-morphology-discovery/c0/probe/bricks/043.json,VERIFIED,,False,,
S7,,,,https://www.legacysurvey.org/viewer/fits-cutout?ra=143.099935298015&dec=8.98817639096725&layer=decals-dr5&pixscale=0.262&size=256&bands=grz&subimage,https://www.legacysurvey.org/viewer/fits-cutout?ra=143.099935298015&dec=8.98817639096725&layer=decals-dr5&pixscale=0.262&size=256&bands=grz&subimage,2026-09-17T12:52:28.149142+00:00,200,,"Thu, 17 Sep 2026 12:52:29 GMT",2111040,2111040,,,5d14736bec21c59bf29480bb3062dbb3b54cf9d94fd3786793a5335e55ac9b65,,/home/jzsalinas/Documents/galaxy-morphology-discovery/c0/probe/subimages/044.fits,VERIFIED,,False,,
S7,,,,https://www.legacysurvey.org/viewer/bricks/?ralo=143.09893529801525&rahi=143.10093529801526&declo=8.987176390967251&dechi=8.98917639096725&layer=decals-dr5,https://www.legacysurvey.org/viewer/bricks/?ralo=143.09893529801525&rahi=143.10093529801526&declo=8.987176390967251&dechi=8.98917639096725&layer=decals-dr5,2026-09-17T12:52:36.230919+00:00,200,,,159,159,,,436842d573641b0be3b07bbc1f2e7dd23dc5877096c666cde37b0866427931e4,,/home/jzsalinas/Documents/galaxy-morphology-discovery/c0/probe/bricks/044.json,VERIFIED,,False,,
S7,,,,https://www.legacysurvey.org/viewer/fits-cutout?ra=240.886151798013&dec=27.9312031529652&layer=decals-dr5&pixscale=0.262&size=256&bands=grz&subimage,https://www.legacysurvey.org/viewer/fits-cutout?ra=240.886151798013&dec=27.9312031529652&layer=decals-dr5&pixscale=0.262&size=256&bands=grz&subimage,2026-09-17T12:52:42.718620+00:00,200,,"Thu, 17 Sep 2026 12:52:44 GMT",1609920,1609920,,,e525d404f1a7ff5760bea1c7c25c150d6da04db47c38c3bf38b1767cdf3fd71f,,/home/jzsalinas/Documents/galaxy-morphology-discovery/c0/probe/subimages/045.fits,VERIFIED,,False,,
S7,,,,https://www.legacysurvey.org/viewer/bricks/?ralo=240.88515179801325&rahi=240.88715179801326&declo=27.930203152965202&dechi=27.932203152965204&layer=decals-dr5,https://www.legacysurvey.org/viewer/bricks/?ralo=240.88515179801325&rahi=240.88715179801326&declo=27.930203152965202&dechi=27.932203152965204&layer=decals-dr5,2026-09-17T12:52:48.377956+00:00,200,,,163,163,,,792a694193328449d6a15c60ebc96d43328a66482a8e19dcb12746996d32842c,,/home/jzsalinas/Documents/galaxy-morphology-discovery/c0/probe/bricks/045.json,VERIFIED,,False,,
S7,,,,https://www.legacysurvey.org/viewer/fits-cutout?ra=192.485310253555&dec=-4.74385422252708&layer=decals-dr5&pixscale=0.262&size=256&bands=grz&subimage,https://www.legacysurvey.org/viewer/fits-cutout?ra=192.485310253555&dec=-4.74385422252708&layer=decals-dr5&pixscale=0.262&size=256&bands=grz&subimage,2026-09-17T12:52:49.575097+00:00,200,,"Thu, 17 Sep 2026 12:52:50 GMT",1609920,1609920,,,b2027b775e7f6043e7ef021daa316079535109dbe34b95482192b34007a2ac0f,,/home/jzsalinas/Documents/galaxy-morphology-discovery/c0/probe/subimages/046.fits,VERIFIED,,False,,
S7,,,,https://www.legacysurvey.org/viewer/bricks/?ralo=192.4843102535555&rahi=192.4863102535555&declo=-4.744854222527084&dechi=-4.742854222527083&layer=decals-dr5,https://www.legacysurvey.org/viewer/bricks/?ralo=192.4843102535555&rahi=192.4863102535555&declo=-4.744854222527084&dechi=-4.742854222527083&layer=decals-dr5,2026-09-17T12:52:57.416857+00:00,200,,,165,165,,,20f758bf0d05031bae37e9dc90b3f74e1f0c044f8ec25d4cea1a924911c40abf,,/home/jzsalinas/Documents/galaxy-morphology-discovery/c0/probe/bricks/046.json,VERIFIED,,False,,
S7,,,,https://www.legacysurvey.org/viewer/fits-cutout?ra=228.116321515708&dec=23.3819198063462&layer=decals-dr5&pixscale=0.262&size=256&bands=grz&subimage,https://www.legacysurvey.org/viewer/fits-cutout?ra=228.116321515708&dec=23.3819198063462&layer=decals-dr5&pixscale=0.262&size=256&bands=grz&subimage,2026-09-17T12:52:59.974298+00:00,200,,"Thu, 17 Sep 2026 12:53:02 GMT",2352960,2352960,,,7b2829066798ea47667af87b1ff8b69ad781e48c7a63e61b79e40e52bc5ea6b5,,/home/jzsalinas/Documents/galaxy-morphology-discovery/c0/probe/subimages/047.fits,VERIFIED,,False,,
S7,,,,https://www.legacysurvey.org/viewer/bricks/?ralo=228.11532151570844&rahi=228.11732151570845&declo=23.380919806346157&dechi=23.38291980634616&layer=decals-dr5,https://www.legacysurvey.org/viewer/bricks/?ralo=228.11532151570844&rahi=228.11732151570845&declo=23.380919806346157&dechi=23.38291980634616&layer=decals-dr5,2026-09-17T12:53:12.255685+00:00,200,,,161,161,,,4bf56525aa215204018547bf11901608ee69f761800ba068c05db1fc41dd94b8,,/home/jzsalinas/Documents/galaxy-morphology-discovery/c0/probe/bricks/047.json,VERIFIED,,False,,
S7,,,,https://www.legacysurvey.org/viewer/fits-cutout?ra=139.873240518436&dec=6.21564060547513&layer=decals-dr5&pixscale=0.262&size=256&bands=grz&subimage,https://www.legacysurvey.org/viewer/fits-cutout?ra=139.873240518436&dec=6.21564060547513&layer=decals-dr5&pixscale=0.262&size=256&bands=grz&subimage,2026-09-17T12:53:13.340377+00:00,200,,"Thu, 17 Sep 2026 12:53:14 GMT",1609920,1609920,,,3a3cb99637702d23696df879e42c1daffcf651396e8c73bf73bd67899aab7dcb,,/home/jzsalinas/Documents/galaxy-morphology-discovery/c0/probe/subimages/048.fits,VERIFIED,,False,,
S7,,,,https://www.legacysurvey.org/viewer/bricks/?ralo=139.8722405184357&rahi=139.8742405184357&declo=6.214640605475129&dechi=6.2166406054751295&layer=decals-dr5,https://www.legacysurvey.org/viewer/bricks/?ralo=139.8722405184357&rahi=139.8742405184357&declo=6.214640605475129&dechi=6.2166406054751295&layer=decals-dr5,2026-09-17T12:53:19.443775+00:00,200,,,161,161,,,dfda779bc71d292feed65fe32d9f0c97960d46f43c4b5d9b9c14832e2e81f1b3,,/home/jzsalinas/Documents/galaxy-morphology-discovery/c0/probe/bricks/048.json,VERIFIED,,False,,
S7,,,,https://www.legacysurvey.org/viewer/fits-cutout?ra=352.188624423911&dec=-2.06617885905282&layer=decals-dr5&pixscale=0.262&size=256&bands=grz&subimage,https://www.legacysurvey.org/viewer/fits-cutout?ra=352.188624423911&dec=-2.06617885905282&layer=decals-dr5&pixscale=0.262&size=256&bands=grz&subimage,2026-09-17T12:53:20.499152+00:00,200,,"Thu, 17 Sep 2026 12:53:21 GMT",1609920,1609920,,,12abae4317261465c224bc6efb41b3830b55d5e6f2b1682dbe78ba90fe23a8ab,,/home/jzsalinas/Documents/galaxy-morphology-discovery/c0/probe/subimages/049.fits,VERIFIED,,False,,
S7,,,,https://www.legacysurvey.org/viewer/bricks/?ralo=352.18762442391136&rahi=352.1896244239113&declo=-2.067178859052818&dechi=-2.065178859052818&layer=decals-dr5,https://www.legacysurvey.org/viewer/bricks/?ralo=352.18762442391136&rahi=352.1896244239113&declo=-2.067178859052818&dechi=-2.065178859052818&layer=decals-dr5,2026-09-17T12:53:26.212622+00:00,200,,,115,115,,,d79150c4186fd21a978cf44bbe50dfee75cf552eccf83d579712d26dffff52fa,,/home/jzsalinas/Documents/galaxy-morphology-discovery/c0/probe/bricks/049.json,VERIFIED,,False,,
S7,,,,https://www.legacysurvey.org/viewer/fits-cutout?ra=4.71625915377078&dec=0.901699367088117&layer=decals-dr5&pixscale=0.262&size=256&bands=grz&subimage,https://www.legacysurvey.org/viewer/fits-cutout?ra=4.71625915377078&dec=0.901699367088117&layer=decals-dr5&pixscale=0.262&size=256&bands=grz&subimage,2026-09-17T12:53:27.881742+00:00,200,,"Thu, 17 Sep 2026 12:53:29 GMT",1609920,1609920,,,60efd88897e530aad318fb7b42221a4cf8200ba06cfee5615d60ca0d33afb829,,/home/jzsalinas/Documents/galaxy-morphology-discovery/c0/probe/subimages/050.fits,VERIFIED,,False,,
S7,,,,https://www.legacysurvey.org/viewer/bricks/?ralo=4.715259153770781&rahi=4.717259153770781&declo=0.900699367088117&dechi=0.902699367088117&layer=decals-dr5,https://www.legacysurvey.org/viewer/bricks/?ralo=4.715259153770781&rahi=4.717259153770781&declo=0.900699367088117&dechi=0.902699367088117&layer=decals-dr5,2026-09-17T12:53:34.460434+00:00,200,,,103,103,,,bc323375d9fdd389759d6c24a4bd1bffff1336c0d41d4189159dd58bf0192cbe,,/home/jzsalinas/Documents/galaxy-morphology-discovery/c0/probe/bricks/050.json,VERIFIED,,False,,
S7,,,,https://www.legacysurvey.org/viewer/fits-cutout?ra=193.151133719615&dec=8.03312331106563&layer=decals-dr5&pixscale=0.262&size=256&bands=grz&subimage,https://www.legacysurvey.org/viewer/fits-cutout?ra=193.151133719615&dec=8.03312331106563&layer=decals-dr5&pixscale=0.262&size=256&bands=grz&subimage,2026-09-17T12:53:35.881731+00:00,200,,"Thu, 17 Sep 2026 12:53:37 GMT",1609920,1609920,,,c6f3b893ea56f86ca0cec8beb3784ada3a0f6c6d268dd413365f9dc2f91e049d,,/home/jzsalinas/Documents/galaxy-morphology-discovery/c0/probe/subimages/051.fits,VERIFIED,,False,,
S7,,,,https://www.legacysurvey.org/viewer/bricks/?ralo=193.15013371961547&rahi=193.15213371961548&declo=8.032123311065627&dechi=8.034123311065626&layer=decals-dr5,https://www.legacysurvey.org/viewer/bricks/?ralo=193.15013371961547&rahi=193.15213371961548&declo=8.032123311065627&dechi=8.034123311065626&layer=decals-dr5,2026-09-17T12:53:41.432403+00:00,200,,,161,161,,,61640508814d8d61c8ab566770874925291fceede5c18c24995d2201c3a18a28,,/home/jzsalinas/Documents/galaxy-morphology-discovery/c0/probe/bricks/051.json,VERIFIED,,False,,
S7,,,,https://www.legacysurvey.org/viewer/fits-cutout?ra=188.911343785344&dec=4.21243956438408&layer=decals-dr5&pixscale=0.262&size=256&bands=grz&subimage,https://www.legacysurvey.org/viewer/fits-cutout?ra=188.911343785344&dec=4.21243956438408&layer=decals-dr5&pixscale=0.262&size=256&bands=grz&subimage,2026-09-17T12:53:42.722958+00:00,200,,"Thu, 17 Sep 2026 12:53:44 GMT",1609920,1609920,,,b16a5f851a06451bdeb5fd94edfd83d88d825e971f7cf44268350a2a72e7aad0,,/home/jzsalinas/Documents/galaxy-morphology-discovery/c0/probe/subimages/052.fits,VERIFIED,,False,,
S7,,,,https://www.legacysurvey.org/viewer/bricks/?ralo=188.9103437853436&rahi=188.9123437853436&declo=4.21143956438408&dechi=4.213439564384081&layer=decals-dr5,https://www.legacysurvey.org/viewer/bricks/?ralo=188.9103437853436&rahi=188.9123437853436&declo=4.21143956438408&dechi=4.213439564384081&layer=decals-dr5,2026-09-17T12:53:49.104367+00:00,200,,,159,159,,,596a43cea68c355bcdefb52ac9b28c9b3dd598329c7617472ec09fae92e35ef8,,/home/jzsalinas/Documents/galaxy-morphology-discovery/c0/probe/bricks/052.json,VERIFIED,,False,,
S7,,,,https://www.legacysurvey.org/viewer/fits-cutout?ra=325.892352970097&dec=6.16272146433985&layer=decals-dr5&pixscale=0.262&size=256&bands=grz&subimage,https://www.legacysurvey.org/viewer/fits-cutout?ra=325.892352970097&dec=6.16272146433985&layer=decals-dr5&pixscale=0.262&size=256&bands=grz&subimage,2026-09-17T12:53:51.947784+00:00,200,,"Thu, 17 Sep 2026 12:53:53 GMT",1609920,1609920,,,4bca72cbba6764d868ddcbe66033debe8dae0d7ebcef1c362bbd674989772991,,/home/jzsalinas/Documents/galaxy-morphology-discovery/c0/probe/subimages/053.fits,VERIFIED,,False,,
S7,,,,https://www.legacysurvey.org/viewer/bricks/?ralo=325.89135297009693&rahi=325.8933529700969&declo=6.161721464339849&dechi=6.16372146433985&layer=decals-dr5,https://www.legacysurvey.org/viewer/bricks/?ralo=325.89135297009693&rahi=325.8933529700969&declo=6.161721464339849&dechi=6.16372146433985&layer=decals-dr5,2026-09-17T12:53:57.222473+00:00,200,,,159,159,,,763f18ebb45ce722fb74663e1f95944daa6d8653390742e2d06013d0caaf88c3,,/home/jzsalinas/Documents/galaxy-morphology-discovery/c0/probe/bricks/053.json,VERIFIED,,False,,
S7,,,,https://www.legacysurvey.org/viewer/fits-cutout?ra=145.180051007789&dec=3.95886401207445&layer=decals-dr5&pixscale=0.262&size=256&bands=grz&subimage,https://www.legacysurvey.org/viewer/fits-cutout?ra=145.180051007789&dec=3.95886401207445&layer=decals-dr5&pixscale=0.262&size=256&bands=grz&subimage,2026-09-17T12:53:58.694635+00:00,200,,"Thu, 17 Sep 2026 12:54:00 GMT",1609920,1609920,,,743dc5586c61bc5ea8ae40839785a10a6578b12028e1ae5bbbc70e2aeeb26e00,,/home/jzsalinas/Documents/galaxy-morphology-discovery/c0/probe/subimages/054.fits,VERIFIED,,False,,
S7,,,,https://www.legacysurvey.org/viewer/bricks/?ralo=145.17905100778881&rahi=145.18105100778882&declo=3.9578640120744537&dechi=3.9598640120744535&layer=decals-dr5,https://www.legacysurvey.org/viewer/bricks/?ralo=145.17905100778881&rahi=145.18105100778882&declo=3.9578640120744537&dechi=3.9598640120744535&layer=decals-dr5,2026-09-17T12:54:06.610533+00:00,200,,,161,161,,,6e6e36d4438748fd78a020419fac07f37f1a2aec619b1fc3c1190e7c312cc9db,,/home/jzsalinas/Documents/galaxy-morphology-discovery/c0/probe/bricks/054.json,VERIFIED,,False,,
S7,,,,https://www.legacysurvey.org/viewer/fits-cutout?ra=163.635537493555&dec=12.1704196196703&layer=decals-dr5&pixscale=0.262&size=256&bands=grz&subimage,https://www.legacysurvey.org/viewer/fits-cutout?ra=163.635537493555&dec=12.1704196196703&layer=decals-dr5&pixscale=0.262&size=256&bands=grz&subimage,2026-09-17T12:54:07.698055+00:00,200,,"Thu, 17 Sep 2026 12:54:09 GMT",2646720,2646720,,,23364e5bde22f19a2796d6ee2c43db87792a4a775dd301f66e7a89fc991a03f0,,/home/jzsalinas/Documents/galaxy-morphology-discovery/c0/probe/subimages/055.fits,VERIFIED,,False,,
S7,,,,https://www.legacysurvey.org/viewer/bricks/?ralo=163.63453749355526&rahi=163.63653749355527&declo=12.169419619670322&dechi=12.17141961967032&layer=decals-dr5,https://www.legacysurvey.org/viewer/bricks/?ralo=163.63453749355526&rahi=163.63653749355527&declo=12.169419619670322&dechi=12.17141961967032&layer=decals-dr5,2026-09-17T12:54:11.432883+00:00,200,,,317,317,,,85469e691ee4d67ed1bf7183b3525e26b1e5ff309cd2f906efea97536e459560,,/home/jzsalinas/Documents/galaxy-morphology-discovery/c0/probe/bricks/055.json,VERIFIED,,False,,
S7,,,,https://www.legacysurvey.org/viewer/fits-cutout?ra=21.8093509833523&dec=1.25737578612483&layer=decals-dr5&pixscale=0.262&size=256&bands=grz&subimage,https://www.legacysurvey.org/viewer/fits-cutout?ra=21.8093509833523&dec=1.25737578612483&layer=decals-dr5&pixscale=0.262&size=256&bands=grz&subimage,2026-09-17T12:54:12.249109+00:00,200,,"Thu, 17 Sep 2026 12:54:13 GMT",1609920,1609920,,,72975a190ae9946e643fe37f16ad9cd389675bcbadc917d71492612a40613cfe,,/home/jzsalinas/Documents/galaxy-morphology-discovery/c0/probe/subimages/056.fits,VERIFIED,,False,,
S7,,,,https://www.legacysurvey.org/viewer/bricks/?ralo=21.808350983352256&rahi=21.810350983352258&declo=1.2563757861248284&dechi=1.2583757861248281&layer=decals-dr5,https://www.legacysurvey.org/viewer/bricks/?ralo=21.808350983352256&rahi=21.810350983352258&declo=1.2563757861248284&dechi=1.2583757861248281&layer=decals-dr5,2026-09-17T12:54:15.800656+00:00,200,,,107,107,,,6528f291b8d759f93227b59a9ff6b73ae9cbaf6756034b853ec590d0effce5c5,,/home/jzsalinas/Documents/galaxy-morphology-discovery/c0/probe/bricks/056.json,VERIFIED,,False,,
S7,,,,https://www.legacysurvey.org/viewer/fits-cutout?ra=192.322947384103&dec=16.6564847162223&layer=decals-dr5&pixscale=0.262&size=256&bands=grz&subimage,https://www.legacysurvey.org/viewer/fits-cutout?ra=192.322947384103&dec=16.6564847162223&layer=decals-dr5&pixscale=0.262&size=256&bands=grz&subimage,2026-09-17T12:54:16.555199+00:00,200,,"Thu, 17 Sep 2026 12:54:17 GMT",1609920,1609920,,,2b68016eb0cb2de85c00817d335ffbc83835d8ca7758dee0a0220c9fe86cae3d,,/home/jzsalinas/Documents/galaxy-morphology-discovery/c0/probe/subimages/057.fits,VERIFIED,,False,,
S7,,,,https://www.legacysurvey.org/viewer/bricks/?ralo=192.32194738410314&rahi=192.32394738410315&declo=16.655484716222343&dechi=16.657484716222346&layer=decals-dr5,https://www.legacysurvey.org/viewer/bricks/?ralo=192.32194738410314&rahi=192.32394738410315&declo=16.655484716222343&dechi=16.657484716222346&layer=decals-dr5,2026-09-17T12:54:19.911980+00:00,200,,,165,165,,,73d387b9fcb950c548dc979302155fe93f0ad67fbcc8e67dc5c75d086f4b24b5,,/home/jzsalinas/Documents/galaxy-morphology-discovery/c0/probe/bricks/057.json,VERIFIED,,False,,
S7,,,,https://www.legacysurvey.org/viewer/fits-cutout?ra=176.060876271004&dec=3.72204635334954&layer=decals-dr5&pixscale=0.262&size=256&bands=grz&subimage,https://www.legacysurvey.org/viewer/fits-cutout?ra=176.060876271004&dec=3.72204635334954&layer=decals-dr5&pixscale=0.262&size=256&bands=grz&subimage,2026-09-17T12:54:20.952817+00:00,200,,"Thu, 17 Sep 2026 12:54:23 GMT",1609920,1609920,,,96318a590678c77a8b67bdf754ff66f6f77fabc62dad48da1f88a3333f0e7193,,/home/jzsalinas/Documents/galaxy-morphology-discovery/c0/probe/subimages/058.fits,VERIFIED,,False,,
S7,,,,https://www.legacysurvey.org/viewer/bricks/?ralo=176.05987627100401&rahi=176.06187627100402&declo=3.721046353349539&dechi=3.7230463533495386&layer=decals-dr5,https://www.legacysurvey.org/viewer/bricks/?ralo=176.05987627100401&rahi=176.06187627100402&declo=3.721046353349539&dechi=3.7230463533495386&layer=decals-dr5,2026-09-17T12:54:27.215246+00:00,200,,,161,161,,,456f6591e75901b47c2d0a3e2c63c509bf43a8f89c80e07aa828dee0f6c05140,,/home/jzsalinas/Documents/galaxy-morphology-discovery/c0/probe/bricks/058.json,VERIFIED,,False,,
S7,,,,https://www.legacysurvey.org/viewer/fits-cutout?ra=2.58786832292543&dec=14.4469880280765&layer=decals-dr5&pixscale=0.262&size=256&bands=grz&subimage,https://www.legacysurvey.org/viewer/fits-cutout?ra=2.58786832292543&dec=14.4469880280765&layer=decals-dr5&pixscale=0.262&size=256&bands=grz&subimage,2026-09-17T12:54:28.427365+00:00,200,,"Thu, 17 Sep 2026 12:54:29 GMT",2197440,2197440,,,0918f1917557cdff060e6fff386e4a3e4928d5bf760fd491192202705f6d644d,,/home/jzsalinas/Documents/galaxy-morphology-discovery/c0/probe/subimages/059.fits,VERIFIED,,False,,
S7,,,,https://www.legacysurvey.org/viewer/bricks/?ralo=2.586868322925428&rahi=2.588868322925428&declo=14.445988028076483&dechi=14.447988028076482&layer=decals-dr5,https://www.legacysurvey.org/viewer/bricks/?ralo=2.586868322925428&rahi=2.588868322925428&declo=14.445988028076483&dechi=14.447988028076482&layer=decals-dr5,2026-09-17T12:54:32.866468+00:00,200,,,165,165,,,e81522bdba4a789908c8676ec3acc1e1728e8c2b368317c31078fb2d32865554,,/home/jzsalinas/Documents/galaxy-morphology-discovery/c0/probe/bricks/059.json,VERIFIED,,False,,
S7,,,,https://www.legacysurvey.org/viewer/fits-cutout?ra=202.156998739131&dec=-3.56591421884097&layer=decals-dr5&pixscale=0.262&size=256&bands=grz&subimage,https://www.legacysurvey.org/viewer/fits-cutout?ra=202.156998739131&dec=-3.56591421884097&layer=decals-dr5&pixscale=0.262&size=256&bands=grz&subimage,2026-09-17T12:54:33.797201+00:00,200,,"Thu, 17 Sep 2026 12:54:34 GMT",1609920,1609920,,,b84c18e3ad9b9adae2ff9f8009421a703a0eab3276f692eef7b94d1c0df9cde2,,/home/jzsalinas/Documents/galaxy-morphology-discovery/c0/probe/subimages/060.fits,VERIFIED,,False,,
S7,,,,https://www.legacysurvey.org/viewer/bricks/?ralo=202.1559987391306&rahi=202.15799873913062&declo=-3.5669142188409686&dechi=-3.564914218840969&layer=decals-dr5,https://www.legacysurvey.org/viewer/bricks/?ralo=202.1559987391306&rahi=202.15799873913062&declo=-3.5669142188409686&dechi=-3.564914218840969&layer=decals-dr5,2026-09-17T12:54:39.496725+00:00,200,,,163,163,,,bd7dae26a778c90104266ea0fd2410bf35989fb19cd3732b8e872f769ece0e45,,/home/jzsalinas/Documents/galaxy-morphology-discovery/c0/probe/bricks/060.json,VERIFIED,,False,,
S7,,,,https://www.legacysurvey.org/viewer/fits-cutout?ra=198.380208526027&dec=5.91551085186796&layer=decals-dr5&pixscale=0.262&size=256&bands=grz&subimage,https://www.legacysurvey.org/viewer/fits-cutout?ra=198.380208526027&dec=5.91551085186796&layer=decals-dr5&pixscale=0.262&size=256&bands=grz&subimage,2026-09-17T12:54:40.641539+00:00,200,,"Thu, 17 Sep 2026 12:54:42 GMT",1609920,1609920,,,bb51ea6c845674b516ca78ceea84d2cd8fcdd44e9a0855fa74e254f634a3e5d3,,/home/jzsalinas/Documents/galaxy-morphology-discovery/c0/probe/subimages/061.fits,VERIFIED,,False,,
S7,,,,https://www.legacysurvey.org/viewer/bricks/?ralo=198.3792085260269&rahi=198.3812085260269&declo=5.914510851867956&dechi=5.916510851867956&layer=decals-dr5,https://www.legacysurvey.org/viewer/bricks/?ralo=198.3792085260269&rahi=198.3812085260269&declo=5.914510851867956&dechi=5.916510851867956&layer=decals-dr5,2026-09-17T12:54:45.939169+00:00,200,,,159,159,,,86b26102dfcceddfdd9e1bf28121ffb48db7c0c885a5e1ef8bb8a7e35293ff8b,,/home/jzsalinas/Documents/galaxy-morphology-discovery/c0/probe/bricks/061.json,VERIFIED,,False,,
S7,,,,https://www.legacysurvey.org/viewer/fits-cutout?ra=222.778249319276&dec=3.67468286630539&layer=decals-dr5&pixscale=0.262&size=256&bands=grz&subimage,https://www.legacysurvey.org/viewer/fits-cutout?ra=222.778249319276&dec=3.67468286630539&layer=decals-dr5&pixscale=0.262&size=256&bands=grz&subimage,2026-09-17T12:54:47.084761+00:00,200,,"Thu, 17 Sep 2026 12:54:48 GMT",1609920,1609920,,,597a02134e7821b54288e262e8cc0e9e124278cb19ff3c7c840462581db12653,,/home/jzsalinas/Documents/galaxy-morphology-discovery/c0/probe/subimages/062.fits,VERIFIED,,False,,
S7,,,,https://www.legacysurvey.org/viewer/bricks/?ralo=222.77724931927597&rahi=222.77924931927598&declo=3.673682866305388&dechi=3.675682866305388&layer=decals-dr5,https://www.legacysurvey.org/viewer/bricks/?ralo=222.77724931927597&rahi=222.77924931927598&declo=3.673682866305388&dechi=3.675682866305388&layer=decals-dr5,2026-09-17T12:54:52.283100+00:00,200,,,161,161,,,50e4b2f2469a4f217886461773f7bc5c56ee061bb69a3d7ad5146031ff343ba2,,/home/jzsalinas/Documents/galaxy-morphology-discovery/c0/probe/bricks/062.json,VERIFIED,,False,,
S7,,,,https://www.legacysurvey.org/viewer/fits-cutout?ra=12.8594457290696&dec=0.651974002347894&layer=decals-dr5&pixscale=0.262&size=256&bands=grz&subimage,https://www.legacysurvey.org/viewer/fits-cutout?ra=12.8594457290696&dec=0.651974002347894&layer=decals-dr5&pixscale=0.262&size=256&bands=grz&subimage,2026-09-17T12:54:53.271207+00:00,200,,"Thu, 17 Sep 2026 12:54:55 GMT",1609920,1609920,,,fc58b1db579ac8ce8a933965014af1c6ceca42946fad1fd179d012d57aaa73ca,,/home/jzsalinas/Documents/galaxy-morphology-discovery/c0/probe/subimages/063.fits,VERIFIED,,False,,
S7,,,,https://www.legacysurvey.org/viewer/bricks/?ralo=12.85844572906956&rahi=12.860445729069559&declo=0.6509740023478945&dechi=0.6529740023478945&layer=decals-dr5,https://www.legacysurvey.org/viewer/bricks/?ralo=12.85844572906956&rahi=12.860445729069559&declo=0.6509740023478945&dechi=0.6529740023478945&layer=decals-dr5,2026-09-17T12:55:00.410183+00:00,200,,,107,107,,,1d07a83ffd87db759941fd8e7a02b45e6b10eacd65f784d0ab0bd33e3284a60e,,/home/jzsalinas/Documents/galaxy-morphology-discovery/c0/probe/bricks/063.json,VERIFIED,,False,,
S7,,,,https://www.legacysurvey.org/viewer/fits-cutout?ra=156.171370327551&dec=16.5376252926658&layer=decals-dr5&pixscale=0.262&size=256&bands=grz&subimage,https://www.legacysurvey.org/viewer/fits-cutout?ra=156.171370327551&dec=16.5376252926658&layer=decals-dr5&pixscale=0.262&size=256&bands=grz&subimage,2026-09-17T12:55:01.674315+00:00,200,,"Thu, 17 Sep 2026 12:55:03 GMT",1609920,1609920,,,75a29870af8d86bfa3b54d9596a18a35581c94d043cc9f46946f260e38edd850,,/home/jzsalinas/Documents/galaxy-morphology-discovery/c0/probe/subimages/064.fits,VERIFIED,,False,,
S7,,,,https://www.legacysurvey.org/viewer/bricks/?ralo=156.17037032755113&rahi=156.17237032755114&declo=16.536625292665818&dechi=16.53862529266582&layer=decals-dr5,https://www.legacysurvey.org/viewer/bricks/?ralo=156.17037032755113&rahi=156.17237032755114&declo=16.536625292665818&dechi=16.53862529266582&layer=decals-dr5,2026-09-17T12:55:07.414303+00:00,200,,,163,163,,,bc7f01ea7798d72d16d340a075d7ff23770e5128ea4acf224abfb2197b2a4043,,/home/jzsalinas/Documents/galaxy-morphology-discovery/c0/probe/bricks/064.json,VERIFIED,,False,,
S7,,,,https://www.legacysurvey.org/viewer/fits-cutout?ra=165.809508917293&dec=9.27484993873643&layer=decals-dr5&pixscale=0.262&size=256&bands=grz&subimage,https://www.legacysurvey.org/viewer/fits-cutout?ra=165.809508917293&dec=9.27484993873643&layer=decals-dr5&pixscale=0.262&size=256&bands=grz&subimage,2026-09-17T12:55:08.431131+00:00,200,,"Thu, 17 Sep 2026 12:55:10 GMT",1834560,1834560,,,f6eb4a5f60d7356b889c188517ff7cdbf6d0b07d8e4fdd2499f43529e2550efe,,/home/jzsalinas/Documents/galaxy-morphology-discovery/c0/probe/subimages/065.fits,VERIFIED,,False,,
S7,,,,https://www.legacysurvey.org/viewer/bricks/?ralo=165.8085089172925&rahi=165.8105089172925&declo=9.273849938736427&dechi=9.275849938736426&layer=decals-dr5,https://www.legacysurvey.org/viewer/bricks/?ralo=165.8085089172925&rahi=165.8105089172925&declo=9.273849938736427&dechi=9.275849938736426&layer=decals-dr5,2026-09-17T12:55:16.483455+00:00,200,,,161,161,,,59c1471ab4f093c71dac1b6392ef3b1b6498c89140f7022307e7ef2175c841fd,,/home/jzsalinas/Documents/galaxy-morphology-discovery/c0/probe/bricks/065.json,VERIFIED,,False,,
S7,,,,https://www.legacysurvey.org/viewer/fits-cutout?ra=152.185573953082&dec=-0.775490334779431&layer=decals-dr5&pixscale=0.262&size=256&bands=grz&subimage,https://www.legacysurvey.org/viewer/fits-cutout?ra=152.185573953082&dec=-0.775490334779431&layer=decals-dr5&pixscale=0.262&size=256&bands=grz&subimage,2026-09-17T12:55:17.341157+00:00,200,,"Thu, 17 Sep 2026 12:55:18 GMT",1609920,1609920,,,f39c2031d1561eb185764586879bc5a82388fac64dd49389535076efeafa7416,,/home/jzsalinas/Documents/galaxy-morphology-discovery/c0/probe/subimages/066.fits,VERIFIED,,False,,
S7,,,,https://www.legacysurvey.org/viewer/bricks/?ralo=152.18457395308178&rahi=152.1865739530818&declo=-0.7764903347794314&dechi=-0.7744903347794314&layer=decals-dr5,https://www.legacysurvey.org/viewer/bricks/?ralo=152.18457395308178&rahi=152.1865739530818&declo=-0.7764903347794314&dechi=-0.7744903347794314&layer=decals-dr5,2026-09-17T12:55:23.188528+00:00,200,,,115,115,,,a85c2693f9171e84fc9ced1626bba2318d66c64d1329d99da09feaee4d805f6d,,/home/jzsalinas/Documents/galaxy-morphology-discovery/c0/probe/bricks/066.json,VERIFIED,,False,,
S7,,,,https://www.legacysurvey.org/viewer/fits-cutout?ra=152.328930056925&dec=9.55644667388511&layer=decals-dr5&pixscale=0.262&size=256&bands=grz&subimage,https://www.legacysurvey.org/viewer/fits-cutout?ra=152.328930056925&dec=9.55644667388511&layer=decals-dr5&pixscale=0.262&size=256&bands=grz&subimage,2026-09-17T12:55:24.403025+00:00,200,,"Thu, 17 Sep 2026 12:55:25 GMT",1609920,1609920,,,21b08fb2ad00d38ec62c2dbfd4578af5f6fbdb96eacae7648cb8cb7f5051dd6f,,/home/jzsalinas/Documents/galaxy-morphology-discovery/c0/probe/subimages/067.fits,VERIFIED,,False,,
S7,,,,https://www.legacysurvey.org/viewer/bricks/?ralo=152.32793005692508&rahi=152.3299300569251&declo=9.55544667388511&dechi=9.557446673885108&layer=decals-dr5,https://www.legacysurvey.org/viewer/bricks/?ralo=152.32793005692508&rahi=152.3299300569251&declo=9.55544667388511&dechi=9.557446673885108&layer=decals-dr5,2026-09-17T12:55:29.665234+00:00,200,,,159,159,,,8857d90b236ef7560be02fe8d50535f4d389c1452e608a9d99ce7472811c5a42,,/home/jzsalinas/Documents/galaxy-morphology-discovery/c0/probe/bricks/067.json,VERIFIED,,False,,
S7,,,,https://www.legacysurvey.org/viewer/fits-cutout?ra=145.224713557627&dec=5.16581244114199&layer=decals-dr5&pixscale=0.262&size=256&bands=grz&subimage,https://www.legacysurvey.org/viewer/fits-cutout?ra=145.224713557627&dec=5.16581244114199&layer=decals-dr5&pixscale=0.262&size=256&bands=grz&subimage,2026-09-17T12:55:30.522406+00:00,200,,"Thu, 17 Sep 2026 12:55:31 GMT",1609920,1609920,,,14a4df48daf5c7aea25911b4c5cf22a0a5561131bb45df5795b44484b20a108d,,/home/jzsalinas/Documents/galaxy-morphology-discovery/c0/probe/subimages/068.fits,VERIFIED,,False,,
S7,,,,https://www.legacysurvey.org/viewer/bricks/?ralo=145.2237135576265&rahi=145.2257135576265&declo=5.164812441141994&dechi=5.166812441141994&layer=decals-dr5,https://www.legacysurvey.org/viewer/bricks/?ralo=145.2237135576265&rahi=145.2257135576265&declo=5.164812441141994&dechi=5.166812441141994&layer=decals-dr5,2026-09-17T12:55:36.848599+00:00,200,,,161,161,,,43dbe45cabaf535a66fa0557ce56064f888b8235c0da6bf9e2410fce25154d5f,,/home/jzsalinas/Documents/galaxy-morphology-discovery/c0/probe/bricks/068.json,VERIFIED,,False,,
S7,,,,https://www.legacysurvey.org/viewer/fits-cutout?ra=123.796809184991&dec=14.9124406633824&layer=decals-dr5&pixscale=0.262&size=256&bands=grz&subimage,https://www.legacysurvey.org/viewer/fits-cutout?ra=123.796809184991&dec=14.9124406633824&layer=decals-dr5&pixscale=0.262&size=256&bands=grz&subimage,2026-09-17T12:55:41.906654+00:00,200,,"Thu, 17 Sep 2026 12:55:43 GMT",1609920,1609920,,,3c27b188365429d1ea0144961f1426812fb56af9fd2077fed1ca417d626425f1,,/home/jzsalinas/Documents/galaxy-morphology-discovery/c0/probe/subimages/069.fits,VERIFIED,,False,,
S7,,,,https://www.legacysurvey.org/viewer/bricks/?ralo=123.79580918499082&rahi=123.79780918499083&declo=14.911440663382422&dechi=14.91344066338242&layer=decals-dr5,https://www.legacysurvey.org/viewer/bricks/?ralo=123.79580918499082&rahi=123.79780918499083&declo=14.911440663382422&dechi=14.91344066338242&layer=decals-dr5,2026-09-17T12:55:47.099117+00:00,200,,,165,165,,,d6f00c7322f7cda71a9a079a28507d34dd9cbf6f307178c6de4443f87331a4cb,,/home/jzsalinas/Documents/galaxy-morphology-discovery/c0/probe/bricks/069.json,VERIFIED,,False,,
S7,,,,https://www.legacysurvey.org/viewer/fits-cutout?ra=18.6301066750009&dec=-4.90792205030251&layer=decals-dr5&pixscale=0.262&size=256&bands=grz&subimage,https://www.legacysurvey.org/viewer/fits-cutout?ra=18.6301066750009&dec=-4.90792205030251&layer=decals-dr5&pixscale=0.262&size=256&bands=grz&subimage,2026-09-17T12:55:48.300135+00:00,200,,"Thu, 17 Sep 2026 12:55:49 GMT",1609920,1609920,,,31a8953f723a792528d451d4268c7edb68d0d86f3d8058cdb045f5b46a8cc4df,,/home/jzsalinas/Documents/galaxy-morphology-discovery/c0/probe/subimages/070.fits,VERIFIED,,False,,
S7,,,,https://www.legacysurvey.org/viewer/bricks/?ralo=18.62910667500092&rahi=18.63110667500092&declo=-4.90892205030251&dechi=-4.9069220503025095&layer=decals-dr5,https://www.legacysurvey.org/viewer/bricks/?ralo=18.62910667500092&rahi=18.63110667500092&declo=-4.90892205030251&dechi=-4.9069220503025095&layer=decals-dr5,2026-09-17T12:55:53.595140+00:00,200,,,165,165,,,a38f83c1626cf63b7a4c33c6d92b068de18af63ac2059aa4f9e0bdd75917e40b,,/home/jzsalinas/Documents/galaxy-morphology-discovery/c0/probe/bricks/070.json,VERIFIED,,False,,
S7,,,,https://www.legacysurvey.org/viewer/fits-cutout?ra=147.533185396509&dec=26.690473174827&layer=decals-dr5&pixscale=0.262&size=256&bands=grz&subimage,https://www.legacysurvey.org/viewer/fits-cutout?ra=147.533185396509&dec=26.690473174827&layer=decals-dr5&pixscale=0.262&size=256&bands=grz&subimage,2026-09-17T12:55:54.629621+00:00,200,,"Thu, 17 Sep 2026 12:55:56 GMT",1609920,1609920,,,001ea2c487653529db12ddf8a94c189569b5199fa932dcb3975f8706e7d9b123,,/home/jzsalinas/Documents/galaxy-morphology-discovery/c0/probe/subimages/071.fits,VERIFIED,,False,,
S7,,,,https://www.legacysurvey.org/viewer/bricks/?ralo=147.53218539650933&rahi=147.53418539650934&declo=26.689473174827047&dechi=26.69147317482705&layer=decals-dr5,https://www.legacysurvey.org/viewer/bricks/?ralo=147.53218539650933&rahi=147.53418539650934&declo=26.689473174827047&dechi=26.69147317482705&layer=decals-dr5,2026-09-17T12:56:00.362573+00:00,200,,,163,163,,,b5aa1f655960c26bce13a65e7ce72205e59e44fc30a699ad7eddc5a6eddedc88,,/home/jzsalinas/Documents/galaxy-morphology-discovery/c0/probe/bricks/071.json,VERIFIED,,False,,
S7,,,,https://www.legacysurvey.org/viewer/fits-cutout?ra=251.135316552873&dec=27.7839591231972&layer=decals-dr5&pixscale=0.262&size=256&bands=grz&subimage,https://www.legacysurvey.org/viewer/fits-cutout?ra=251.135316552873&dec=27.7839591231972&layer=decals-dr5&pixscale=0.262&size=256&bands=grz&subimage,2026-09-17T12:56:01.264876+00:00,200,,"Thu, 17 Sep 2026 12:56:02 GMT",1609920,1609920,,,31f96b7e05da71e3669978252d3fd49959d28fa1533cdef8b0d56d3094d70c16,,/home/jzsalinas/Documents/galaxy-morphology-discovery/c0/probe/subimages/072.fits,VERIFIED,,False,,
S7,,,,https://www.legacysurvey.org/viewer/bricks/?ralo=251.13431655287317&rahi=251.13631655287318&declo=27.782959123197248&dechi=27.78495912319725&layer=decals-dr5,https://www.legacysurvey.org/viewer/bricks/?ralo=251.13431655287317&rahi=251.13631655287318&declo=27.782959123197248&dechi=27.78495912319725&layer=decals-dr5,2026-09-17T12:56:06.097910+00:00,200,,,165,165,,,bf521cacc179b25e0e3257d5876e7b487eec243b0077fd61db7f9e3c5c92bcad,,/home/jzsalinas/Documents/galaxy-morphology-discovery/c0/probe/bricks/072.json,VERIFIED,,False,,
S7,,,,https://www.legacysurvey.org/viewer/fits-cutout?ra=162.667225335489&dec=32.3654950075138&layer=decals-dr5&pixscale=0.262&size=256&bands=grz&subimage,https://www.legacysurvey.org/viewer/fits-cutout?ra=162.667225335489&dec=32.3654950075138&layer=decals-dr5&pixscale=0.262&size=256&bands=grz&subimage,2026-09-17T12:56:07.107611+00:00,200,,"Thu, 17 Sep 2026 12:56:08 GMT",2128320,2128320,,,af25b9fbd8e2c774e6712ff15d0f6124c8c0122ef39acee4a5e8259206283b2a,,/home/jzsalinas/Documents/galaxy-morphology-discovery/c0/probe/subimages/073.fits,VERIFIED,,False,,
S7,,,,https://www.legacysurvey.org/viewer/bricks/?ralo=162.6662253354888&rahi=162.6682253354888&declo=32.36449500751376&dechi=32.366495007513755&layer=decals-dr5,https://www.legacysurvey.org/viewer/bricks/?ralo=162.6662253354888&rahi=162.6682253354888&declo=32.36449500751376&dechi=32.366495007513755&layer=decals-dr5,2026-09-17T12:56:13.681058+00:00,200,,,163,163,,,d81145771b7219bc3b4208f3f943ab0a55648b354207e7ff14eef4ea13e1b2d3,,/home/jzsalinas/Documents/galaxy-morphology-discovery/c0/probe/bricks/073.json,VERIFIED,,False,,
S7,,,,https://www.legacysurvey.org/viewer/fits-cutout?ra=167.909844670616&dec=30.8036504394979&layer=decals-dr5&pixscale=0.262&size=256&bands=grz&subimage,https://www.legacysurvey.org/viewer/fits-cutout?ra=167.909844670616&dec=30.8036504394979&layer=decals-dr5&pixscale=0.262&size=256&bands=grz&subimage,2026-09-17T12:56:14.891675+00:00,200,,"Thu, 17 Sep 2026 12:56:16 GMT",1609920,1609920,,,c3604640236b4ee05b76f439768b6deb22b3075512f6412f01fcf20fb3f8e53f,,/home/jzsalinas/Documents/galaxy-morphology-discovery/c0/probe/subimages/074.fits,VERIFIED,,False,,
S7,,,,https://www.legacysurvey.org/viewer/bricks/?ralo=167.90884467061596&rahi=167.91084467061597&declo=30.802650439497924&dechi=30.804650439497927&layer=decals-dr5,https://www.legacysurvey.org/viewer/bricks/?ralo=167.90884467061596&rahi=167.91084467061597&declo=30.802650439497924&dechi=30.804650439497927&layer=decals-dr5,2026-09-17T12:56:19.915781+00:00,200,,,163,163,,,238a13f2c287b07da965c1e7e0f06ca213a0294a0f18293a5a2c04b14fbe743f,,/home/jzsalinas/Documents/galaxy-morphology-discovery/c0/probe/bricks/074.json,VERIFIED,,False,,
S7,,,,https://www.legacysurvey.org/viewer/fits-cutout?ra=200.189895587758&dec=15.2591095615025&layer=decals-dr5&pixscale=0.262&size=256&bands=grz&subimage,https://www.legacysurvey.org/viewer/fits-cutout?ra=200.189895587758&dec=15.2591095615025&layer=decals-dr5&pixscale=0.262&size=256&bands=grz&subimage,2026-09-17T12:56:20.951510+00:00,200,,"Thu, 17 Sep 2026 12:56:22 GMT",1609920,1609920,,,dbb838decb7daad66a64e22f227d8afceea1dd72ea170249bc46682ef3ccd2a6,,/home/jzsalinas/Documents/galaxy-morphology-discovery/c0/probe/subimages/075.fits,VERIFIED,,False,,
S7,,,,https://www.legacysurvey.org/viewer/bricks/?ralo=200.18889558775822&rahi=200.19089558775823&declo=15.25810956150255&dechi=15.26010956150255&layer=decals-dr5,https://www.legacysurvey.org/viewer/bricks/?ralo=200.18889558775822&rahi=200.19089558775823&declo=15.25810956150255&dechi=15.26010956150255&layer=decals-dr5,2026-09-17T12:56:26.180999+00:00,200,,,161,161,,,de0ffb40da319c2d54a55b69da335d4ec1984e22d6380786f76c31074238a44c,,/home/jzsalinas/Documents/galaxy-morphology-discovery/c0/probe/bricks/075.json,VERIFIED,,False,,
S7,,,,https://www.legacysurvey.org/viewer/fits-cutout?ra=179.41839495902&dec=2.69853696807831&layer=decals-dr5&pixscale=0.262&size=256&bands=grz&subimage,https://www.legacysurvey.org/viewer/fits-cutout?ra=179.41839495902&dec=2.69853696807831&layer=decals-dr5&pixscale=0.262&size=256&bands=grz&subimage,2026-09-17T12:56:27.177150+00:00,200,,"Thu, 17 Sep 2026 12:56:29 GMT",1609920,1609920,,,878d237d2ff6be501f9d2de8ebe8fc7070738dac64388cf0d3907b8454c678eb,,/home/jzsalinas/Documents/galaxy-morphology-discovery/c0/probe/subimages/076.fits,VERIFIED,,False,,
S7,,,,https://www.legacysurvey.org/viewer/bricks/?ralo=179.41739495902&rahi=179.41939495902&declo=2.697536968078306&dechi=2.6995369680783057&layer=decals-dr5,https://www.legacysurvey.org/viewer/bricks/?ralo=179.41739495902&rahi=179.41939495902&declo=2.697536968078306&dechi=2.6995369680783057&layer=decals-dr5,2026-09-17T12:56:33.274322+00:00,200,,,111,111,,,3b9a6c05df831c02927bc76d78a9b90a0fd9e2082faf5639ac232c2431c784de,,/home/jzsalinas/Documents/galaxy-morphology-discovery/c0/probe/bricks/076.json,VERIFIED,,False,,
S7,,,,https://www.legacysurvey.org/viewer/fits-cutout?ra=196.085996869428&dec=5.45291394170271&layer=decals-dr5&pixscale=0.262&size=256&bands=grz&subimage,https://www.legacysurvey.org/viewer/fits-cutout?ra=196.085996869428&dec=5.45291394170271&layer=decals-dr5&pixscale=0.262&size=256&bands=grz&subimage,2026-09-17T12:56:34.418682+00:00,200,,"Thu, 17 Sep 2026 12:56:35 GMT",1609920,1609920,,,673d60a47c40c2eff087a5810197a18a5cf246a48d75f9aa599635f973f138f1,,/home/jzsalinas/Documents/galaxy-morphology-discovery/c0/probe/subimages/077.fits,VERIFIED,,False,,
S7,,,,https://www.legacysurvey.org/viewer/bricks/?ralo=196.0849968694275&rahi=196.0869968694275&declo=5.451913941702707&dechi=5.453913941702708&layer=decals-dr5,https://www.legacysurvey.org/viewer/bricks/?ralo=196.0849968694275&rahi=196.0869968694275&declo=5.451913941702707&dechi=5.453913941702708&layer=decals-dr5,2026-09-17T12:56:45.225684+00:00,200,,,161,161,,,33938f775c7c8430ccb32b56f7d9691a66d84fae10378e659e5c6ca6f46e58c7,,/home/jzsalinas/Documents/galaxy-morphology-discovery/c0/probe/bricks/077.json,VERIFIED,,False,,
S7,,,,https://www.legacysurvey.org/viewer/fits-cutout?ra=118.020871484396&dec=21.2891154901499&layer=decals-dr5&pixscale=0.262&size=256&bands=grz&subimage,https://www.legacysurvey.org/viewer/fits-cutout?ra=118.020871484396&dec=21.2891154901499&layer=decals-dr5&pixscale=0.262&size=256&bands=grz&subimage,2026-09-17T12:56:46.526478+00:00,200,,"Thu, 17 Sep 2026 12:56:48 GMT",1609920,1609920,,,06564fff1fd6c99075318c4d0d28a9986c234d0a48f82143a751a06c6c8d7737,,/home/jzsalinas/Documents/galaxy-morphology-discovery/c0/probe/subimages/078.fits,VERIFIED,,False,,
S7,,,,https://www.legacysurvey.org/viewer/bricks/?ralo=118.01987148439613&rahi=118.02187148439614&declo=21.28811549014995&dechi=21.29011549014995&layer=decals-dr5,https://www.legacysurvey.org/viewer/bricks/?ralo=118.01987148439613&rahi=118.02187148439614&declo=21.28811549014995&dechi=21.29011549014995&layer=decals-dr5,2026-09-17T12:56:53.113215+00:00,200,,,143,143,,,6364e9ce7c707253905b5de142a990e8b512a582f822a172b1f9f03ada092087,,/home/jzsalinas/Documents/galaxy-morphology-discovery/c0/probe/bricks/078.json,VERIFIED,,False,,
S7,,,,https://www.legacysurvey.org/viewer/fits-cutout?ra=240.793316794581&dec=18.6903530888128&layer=decals-dr5&pixscale=0.262&size=256&bands=grz&subimage,https://www.legacysurvey.org/viewer/fits-cutout?ra=240.793316794581&dec=18.6903530888128&layer=decals-dr5&pixscale=0.262&size=256&bands=grz&subimage,2026-09-17T12:56:54.008832+00:00,200,,"Thu, 17 Sep 2026 12:56:55 GMT",1609920,1609920,,,06ab956736dc3eac4f7518d942245f211ba4463d878efe42aebe80acf29431b5,,/home/jzsalinas/Documents/galaxy-morphology-discovery/c0/probe/subimages/079.fits,VERIFIED,,False,,
S7,,,,https://www.legacysurvey.org/viewer/bricks/?ralo=240.7923167945811&rahi=240.7943167945811&declo=18.689353088812766&dechi=18.691353088812768&layer=decals-dr5,https://www.legacysurvey.org/viewer/bricks/?ralo=240.7923167945811&rahi=240.7943167945811&declo=18.689353088812766&dechi=18.691353088812768&layer=decals-dr5,2026-09-17T12:57:01.722383+00:00,200,,,165,165,,,597d85bb4b8909e5bf9eb4883d778ee731d19850930e0ec3bf6edc8bc7bb4eee,,/home/jzsalinas/Documents/galaxy-morphology-discovery/c0/probe/bricks/079.json,VERIFIED,,False,,
S7,,,,https://www.legacysurvey.org/viewer/fits-cutout?ra=134.623982625359&dec=6.32134749618798&layer=decals-dr5&pixscale=0.262&size=256&bands=grz&subimage,https://www.legacysurvey.org/viewer/fits-cutout?ra=134.623982625359&dec=6.32134749618798&layer=decals-dr5&pixscale=0.262&size=256&bands=grz&subimage,2026-09-17T12:57:03.118152+00:00,200,,"Thu, 17 Sep 2026 12:57:04 GMT",1609920,1609920,,,c1162925b6ca4708d2bdbb2c3f835bd4acd71e86a8796d27c24a0047ba1b382b,,/home/jzsalinas/Documents/galaxy-morphology-discovery/c0/probe/subimages/080.fits,VERIFIED,,False,,
S7,,,,https://www.legacysurvey.org/viewer/bricks/?ralo=134.62298262535862&rahi=134.62498262535863&declo=6.320347496187978&dechi=6.322347496187978&layer=decals-dr5,https://www.legacysurvey.org/viewer/bricks/?ralo=134.62298262535862&rahi=134.62498262535863&declo=6.320347496187978&dechi=6.322347496187978&layer=decals-dr5,2026-09-17T12:57:09.054961+00:00,200,,,159,159,,,c668ed53bd2e8f0d6c18486668d1b702d3287b8b1beae03ac4efc4070607787d,,/home/jzsalinas/Documents/galaxy-morphology-discovery/c0/probe/bricks/080.json,VERIFIED,,False,,
S7,,,,https://www.legacysurvey.org/viewer/fits-cutout?ra=237.317607117194&dec=3.80903734222449&layer=decals-dr5&pixscale=0.262&size=256&bands=grz&subimage,https://www.legacysurvey.org/viewer/fits-cutout?ra=237.317607117194&dec=3.80903734222449&layer=decals-dr5&pixscale=0.262&size=256&bands=grz&subimage,2026-09-17T12:57:10.189919+00:00,200,,"Thu, 17 Sep 2026 12:57:11 GMT",1938240,1938240,,,cb0ee9733f1e9b7400019e15627789f23d3e0537405ac251d3d29db7097393d3,,/home/jzsalinas/Documents/galaxy-morphology-discovery/c0/probe/subimages/081.fits,VERIFIED,,False,,
S7,,,,https://www.legacysurvey.org/viewer/bricks/?ralo=237.31660711719397&rahi=237.31860711719398&declo=3.8080373422244906&dechi=3.8100373422244904&layer=decals-dr5,https://www.legacysurvey.org/viewer/bricks/?ralo=237.31660711719397&rahi=237.31860711719398&declo=3.8080373422244906&dechi=3.8100373422244904&layer=decals-dr5,2026-09-17T12:57:17.007203+00:00,200,,,161,161,,,35cb148449e98a460016eb997b2f56d47bf693a795feb6ece36f404da78748e0,,/home/jzsalinas/Documents/galaxy-morphology-discovery/c0/probe/bricks/081.json,VERIFIED,,False,,
S7,,,,https://www.legacysurvey.org/viewer/fits-cutout?ra=227.668356281021&dec=5.95602019812914&layer=decals-dr5&pixscale=0.262&size=256&bands=grz&subimage,https://www.legacysurvey.org/viewer/fits-cutout?ra=227.668356281021&dec=5.95602019812914&layer=decals-dr5&pixscale=0.262&size=256&bands=grz&subimage,2026-09-17T12:57:17.862672+00:00,200,,"Thu, 17 Sep 2026 12:57:19 GMT",1609920,1609920,,,79a095e8bfa71d69f0f238c0cd013c1f891313e179ad7016bc62105397720037,,/home/jzsalinas/Documents/galaxy-morphology-discovery/c0/probe/subimages/082.fits,VERIFIED,,False,,
S7,,,,https://www.legacysurvey.org/viewer/bricks/?ralo=227.6673562810212&rahi=227.6693562810212&declo=5.955020198129138&dechi=5.957020198129139&layer=decals-dr5,https://www.legacysurvey.org/viewer/bricks/?ralo=227.6673562810212&rahi=227.6693562810212&declo=5.955020198129138&dechi=5.957020198129139&layer=decals-dr5,2026-09-17T12:57:32.399390+00:00,200,,,161,161,,,4736fc597faf233e4d9a58e2261246d09f703a64b074f5137fb7f5d64bea7414,,/home/jzsalinas/Documents/galaxy-morphology-discovery/c0/probe/bricks/082.json,VERIFIED,,False,,
S7,,,,https://www.legacysurvey.org/viewer/fits-cutout?ra=218.913488544215&dec=19.516388534858&layer=decals-dr5&pixscale=0.262&size=256&bands=grz&subimage,https://www.legacysurvey.org/viewer/fits-cutout?ra=218.913488544215&dec=19.516388534858&layer=decals-dr5&pixscale=0.262&size=256&bands=grz&subimage,2026-09-17T12:57:38.245513+00:00,200,,"Thu, 17 Sep 2026 12:57:39 GMT",2681280,2681280,,,44cf2bf2890cd81eb84e3c77b1b87e96e0123a135313436dc335c532c9a49536,,/home/jzsalinas/Documents/galaxy-morphology-discovery/c0/probe/subimages/083.fits,VERIFIED,,False,,
S7,,,,https://www.legacysurvey.org/viewer/bricks/?ralo=218.91248854421454&rahi=218.91448854421455&declo=19.515388534858&dechi=19.517388534858004&layer=decals-dr5,https://www.legacysurvey.org/viewer/bricks/?ralo=218.91248854421454&rahi=218.91448854421455&declo=19.515388534858&dechi=19.517388534858004&layer=decals-dr5,2026-09-17T12:57:47.428983+00:00,200,,,165,165,,,ddc40ed2afc367e9475fa6f63edd65814721e7e72c8b5bf975a09631529acc04,,/home/jzsalinas/Documents/galaxy-morphology-discovery/c0/probe/bricks/083.json,VERIFIED,,False,,
S7,,,,https://www.legacysurvey.org/viewer/fits-cutout?ra=138.449032397635&dec=22.3917603819037&layer=decals-dr5&pixscale=0.262&size=256&bands=grz&subimage,https://www.legacysurvey.org/viewer/fits-cutout?ra=138.449032397635&dec=22.3917603819037&layer=decals-dr5&pixscale=0.262&size=256&bands=grz&subimage,2026-09-17T12:57:48.343060+00:00,200,,"Thu, 17 Sep 2026 12:57:49 GMT",1609920,1609920,,,7c9cad1350aec234693dd804ac5479eef16dd0981ef6274493cea68b9596e0d2,,/home/jzsalinas/Documents/galaxy-morphology-discovery/c0/probe/subimages/084.fits,VERIFIED,,False,,
S7,,,,https://www.legacysurvey.org/viewer/bricks/?ralo=138.44803239763536&rahi=138.45003239763537&declo=22.390760381903725&dechi=22.392760381903727&layer=decals-dr5,https://www.legacysurvey.org/viewer/bricks/?ralo=138.44803239763536&rahi=138.45003239763537&declo=22.390760381903725&dechi=22.392760381903727&layer=decals-dr5,2026-09-17T12:57:54.249381+00:00,200,,,163,163,,,e948132b8cbefa6b1cd02ca607f26ad0d81ec01e6121aa747b3b6d433d7069db,,/home/jzsalinas/Documents/galaxy-morphology-discovery/c0/probe/bricks/084.json,VERIFIED,,False,,
S7,,,,https://www.legacysurvey.org/viewer/fits-cutout?ra=203.216884341454&dec=9.98936469019414&layer=decals-dr5&pixscale=0.262&size=256&bands=grz&subimage,https://www.legacysurvey.org/viewer/fits-cutout?ra=203.216884341454&dec=9.98936469019414&layer=decals-dr5&pixscale=0.262&size=256&bands=grz&subimage,2026-09-17T12:57:55.759093+00:00,200,,"Thu, 17 Sep 2026 12:57:56 GMT",1609920,1609920,,,719f5ffeee522a25b0bf1be9928d8c905fd0b86f27e43516c3abe757169589df,,/home/jzsalinas/Documents/galaxy-morphology-discovery/c0/probe/subimages/085.fits,VERIFIED,,False,,
S7,,,,https://www.legacysurvey.org/viewer/bricks/?ralo=203.21588434145434&rahi=203.21788434145435&declo=9.988364690194139&dechi=9.990364690194138&layer=decals-dr5,https://www.legacysurvey.org/viewer/bricks/?ralo=203.21588434145434&rahi=203.21788434145435&declo=9.988364690194139&dechi=9.990364690194138&layer=decals-dr5,2026-09-17T12:58:02.923792+00:00,200,,,163,163,,,09e13279e7b2c905079b2138ace58cf5ab3c4f482a77dd7b3d94fd2480e0ae0d,,/home/jzsalinas/Documents/galaxy-morphology-discovery/c0/probe/bricks/085.json,VERIFIED,,False,,
S7,,,,https://www.legacysurvey.org/viewer/fits-cutout?ra=246.350284315408&dec=11.3157424257558&layer=decals-dr5&pixscale=0.262&size=256&bands=grz&subimage,https://www.legacysurvey.org/viewer/fits-cutout?ra=246.350284315408&dec=11.3157424257558&layer=decals-dr5&pixscale=0.262&size=256&bands=grz&subimage,2026-09-17T12:58:04.441204+00:00,200,,"Thu, 17 Sep 2026 12:58:05 GMT",1609920,1609920,,,04dfad458cef06d64813a822a7ecfc1425e2f073203f985a381578d9f732eaa0,,/home/jzsalinas/Documents/galaxy-morphology-discovery/c0/probe/subimages/086.fits,VERIFIED,,False,,
S7,,,,https://www.legacysurvey.org/viewer/bricks/?ralo=246.34928431540797&rahi=246.35128431540798&declo=11.314742425755826&dechi=11.316742425755825&layer=decals-dr5,https://www.legacysurvey.org/viewer/bricks/?ralo=246.34928431540797&rahi=246.35128431540798&declo=11.314742425755826&dechi=11.316742425755825&layer=decals-dr5,2026-09-17T12:58:10.618078+00:00,200,,,163,163,,,5dc1e860f81d082ffe560ad244bb0a93b436a2734bcd4cffc166e3df790d3bfc,,/home/jzsalinas/Documents/galaxy-morphology-discovery/c0/probe/bricks/086.json,VERIFIED,,False,,
S7,,,,https://www.legacysurvey.org/viewer/fits-cutout?ra=328.057720500275&dec=-7.87693160333038&layer=decals-dr5&pixscale=0.262&size=256&bands=grz&subimage,https://www.legacysurvey.org/viewer/fits-cutout?ra=328.057720500275&dec=-7.87693160333038&layer=decals-dr5&pixscale=0.262&size=256&bands=grz&subimage,2026-09-17T12:58:11.839093+00:00,200,,"Thu, 17 Sep 2026 12:58:13 GMT",2646720,2646720,,,3f8bfd9d477e792148fdbb86055468e908622d3b2539592ae546d291bca877d2,,/home/jzsalinas/Documents/galaxy-morphology-discovery/c0/probe/subimages/087.fits,VERIFIED,,False,,
S7,,,,https://www.legacysurvey.org/viewer/bricks/?ralo=328.05672050027476&rahi=328.0587205002747&declo=-7.877931603330385&dechi=-7.875931603330384&layer=decals-dr5,https://www.legacysurvey.org/viewer/bricks/?ralo=328.05672050027476&rahi=328.0587205002747&declo=-7.877931603330385&dechi=-7.875931603330384&layer=decals-dr5,2026-09-17T12:58:18.558991+00:00,200,,,161,161,,,448d1a1dbda547b0e1fd40bd12a2611d00a7c290845de8d2bc3b4cff3276e1b2,,/home/jzsalinas/Documents/galaxy-morphology-discovery/c0/probe/bricks/087.json,VERIFIED,,False,,
S7,,,,https://www.legacysurvey.org/viewer/fits-cutout?ra=199.969062455288&dec=7.20108927814913&layer=decals-dr5&pixscale=0.262&size=256&bands=grz&subimage,https://www.legacysurvey.org/viewer/fits-cutout?ra=199.969062455288&dec=7.20108927814913&layer=decals-dr5&pixscale=0.262&size=256&bands=grz&subimage,2026-09-17T12:58:19.615035+00:00,200,,"Thu, 17 Sep 2026 12:58:20 GMT",1609920,1609920,,,01ca0b22dd7c3dff82fb203e52559bee8803c4556e92a11fdf7b3fd44e81023d,,/home/jzsalinas/Documents/galaxy-morphology-discovery/c0/probe/subimages/088.fits,VERIFIED,,False,,
S7,,,,https://www.legacysurvey.org/viewer/bricks/?ralo=199.96806245528754&rahi=199.97006245528755&declo=7.200089278149126&dechi=7.202089278149127&layer=decals-dr5,https://www.legacysurvey.org/viewer/bricks/?ralo=199.96806245528754&rahi=199.97006245528755&declo=7.200089278149126&dechi=7.202089278149127&layer=decals-dr5,2026-09-17T12:58:25.354599+00:00,200,,,159,159,,,f564cabbb693bab14820fa15654f9f1ba48bcf076f11f9b40baa6c372ef15184,,/home/jzsalinas/Documents/galaxy-morphology-discovery/c0/probe/bricks/088.json,VERIFIED,,False,,
S7,,,,https://www.legacysurvey.org/viewer/fits-cutout?ra=172.177160633654&dec=19.8870017642785&layer=decals-dr5&pixscale=0.262&size=256&bands=grz&subimage,https://www.legacysurvey.org/viewer/fits-cutout?ra=172.177160633654&dec=19.8870017642785&layer=decals-dr5&pixscale=0.262&size=256&bands=grz&subimage,2026-09-17T12:58:26.228651+00:00,200,,"Thu, 17 Sep 2026 12:58:27 GMT",1920960,1920960,,,8d9c8416dc4474b87c8b88ccd02f6453351b229d746432fdaff187d8829b0a58,,/home/jzsalinas/Documents/galaxy-morphology-discovery/c0/probe/subimages/089.fits,VERIFIED,,False,,
S7,,,,https://www.legacysurvey.org/viewer/bricks/?ralo=172.1761606336543&rahi=172.1781606336543&declo=19.886001764278504&dechi=19.888001764278506&layer=decals-dr5,https://www.legacysurvey.org/viewer/bricks/?ralo=172.1761606336543&rahi=172.1781606336543&declo=19.886001764278504&dechi=19.888001764278506&layer=decals-dr5,2026-09-17T12:58:31.762716+00:00,200,,,163,163,,,47545bb65c1ef146c503d632d5e85b67bae06961bf447456d841a0758ad75b87,,/home/jzsalinas/Documents/galaxy-morphology-discovery/c0/probe/bricks/089.json,VERIFIED,,False,,
S7,,,,https://www.legacysurvey.org/viewer/fits-cutout?ra=226.821618569501&dec=7.18481596125293&layer=decals-dr5&pixscale=0.262&size=256&bands=grz&subimage,https://www.legacysurvey.org/viewer/fits-cutout?ra=226.821618569501&dec=7.18481596125293&layer=decals-dr5&pixscale=0.262&size=256&bands=grz&subimage,2026-09-17T12:58:32.928879+00:00,200,,"Thu, 17 Sep 2026 12:58:34 GMT",2646720,2646720,,,a1d3c1e8420d1a28122c5d07f837b6984e717335af88e01f5be4b9f97e28d7cd,,/home/jzsalinas/Documents/galaxy-morphology-discovery/c0/probe/subimages/090.fits,VERIFIED,,False,,
S7,,,,https://www.legacysurvey.org/viewer/bricks/?ralo=226.8206185695012&rahi=226.8226185695012&declo=7.183815961252926&dechi=7.185815961252927&layer=decals-dr5,https://www.legacysurvey.org/viewer/bricks/?ralo=226.8206185695012&rahi=226.8226185695012&declo=7.183815961252926&dechi=7.185815961252927&layer=decals-dr5,2026-09-17T12:58:39.890618+00:00,200,,,161,161,,,6f5798f74e418273608bf1fb5c2f534c63f8cfc94b49d22209a0e99661e8da76,,/home/jzsalinas/Documents/galaxy-morphology-discovery/c0/probe/bricks/090.json,VERIFIED,,False,,
S7,,,,https://www.legacysurvey.org/viewer/fits-cutout?ra=7.28852766302373&dec=-0.105451529940371&layer=decals-dr5&pixscale=0.262&size=256&bands=grz&subimage,https://www.legacysurvey.org/viewer/fits-cutout?ra=7.28852766302373&dec=-0.105451529940371&layer=decals-dr5&pixscale=0.262&size=256&bands=grz&subimage,2026-09-17T12:58:41.426239+00:00,200,,"Thu, 17 Sep 2026 12:58:43 GMT",1609920,1609920,,,58ff90ca1cc7d994211663d39e7fe39dbd3278dbc67bae0ac7a5ce4b3b3e968c,,/home/jzsalinas/Documents/galaxy-morphology-discovery/c0/probe/subimages/091.fits,VERIFIED,,False,,
S7,,,,https://www.legacysurvey.org/viewer/bricks/?ralo=7.2875276630237344&rahi=7.289527663023735&declo=-0.10645152994037067&dechi=-0.10445152994037067&layer=decals-dr5,https://www.legacysurvey.org/viewer/bricks/?ralo=7.2875276630237344&rahi=7.289527663023735&declo=-0.10645152994037067&dechi=-0.10445152994037067&layer=decals-dr5,2026-09-17T12:58:48.005175+00:00,200,,,105,105,,,4e1fa40f8e4cf61493903558856663d12b219c13ce6fd9299fc964329249ff7f,,/home/jzsalinas/Documents/galaxy-morphology-discovery/c0/probe/bricks/091.json,VERIFIED,,False,,
S7,,,,https://www.legacysurvey.org/viewer/fits-cutout?ra=175.463284759789&dec=20.9600152095899&layer=decals-dr5&pixscale=0.262&size=256&bands=grz&subimage,https://www.legacysurvey.org/viewer/fits-cutout?ra=175.463284759789&dec=20.9600152095899&layer=decals-dr5&pixscale=0.262&size=256&bands=grz&subimage,2026-09-17T12:58:49.312011+00:00,200,,"Thu, 17 Sep 2026 12:58:51 GMT",2145600,2145600,,,9af72d6292f6e4d824a911a8ea03d81cc92e5436a21bf186d7ae66f5c5f3a6ff,,/home/jzsalinas/Documents/galaxy-morphology-discovery/c0/probe/subimages/092.fits,VERIFIED,,False,,
S7,,,,https://www.legacysurvey.org/viewer/bricks/?ralo=175.46228475978873&rahi=175.46428475978874&declo=20.959015209589882&dechi=20.961015209589885&layer=decals-dr5,https://www.legacysurvey.org/viewer/bricks/?ralo=175.46228475978873&rahi=175.46428475978874&declo=20.959015209589882&dechi=20.961015209589885&layer=decals-dr5,2026-09-17T12:58:57.369385+00:00,200,,,163,163,,,5275e3208b3e13d9f97c8080ad746a198a621689fe22bfec37b4b29b8442d562,,/home/jzsalinas/Documents/galaxy-morphology-discovery/c0/probe/bricks/092.json,VERIFIED,,False,,
S7,,,,https://www.legacysurvey.org/viewer/fits-cutout?ra=124.420124340133&dec=17.8563985122422&layer=decals-dr5&pixscale=0.262&size=256&bands=grz&subimage,https://www.legacysurvey.org/viewer/fits-cutout?ra=124.420124340133&dec=17.8563985122422&layer=decals-dr5&pixscale=0.262&size=256&bands=grz&subimage,2026-09-17T12:58:58.504989+00:00,200,,"Thu, 17 Sep 2026 12:59:00 GMT",1609920,1609920,,,f4c3349ce8197b3ace0f85d7e6b33727f0d66efb1a643d33936b78a4ae057d88,,/home/jzsalinas/Documents/galaxy-morphology-discovery/c0/probe/subimages/093.fits,VERIFIED,,False,,
S7,,,,https://www.legacysurvey.org/viewer/bricks/?ralo=124.41912434013281&rahi=124.42112434013282&declo=17.855398512242196&dechi=17.8573985122422&layer=decals-dr5,https://www.legacysurvey.org/viewer/bricks/?ralo=124.41912434013281&rahi=124.42112434013282&declo=17.855398512242196&dechi=17.8573985122422&layer=decals-dr5,2026-09-17T12:59:04.999381+00:00,200,,,165,165,,,979e586ab9edc305afcb79e349b491663fb86402d7a64c1fad0737ead31953a8,,/home/jzsalinas/Documents/galaxy-morphology-discovery/c0/probe/bricks/093.json,VERIFIED,,False,,
S7,,,,https://www.legacysurvey.org/viewer/fits-cutout?ra=207.366106226852&dec=18.6856436293099&layer=decals-dr5&pixscale=0.262&size=256&bands=grz&subimage,https://www.legacysurvey.org/viewer/fits-cutout?ra=207.366106226852&dec=18.6856436293099&layer=decals-dr5&pixscale=0.262&size=256&bands=grz&subimage,2026-09-17T12:59:06.111300+00:00,200,,"Thu, 17 Sep 2026 12:59:07 GMT",1609920,1609920,,,b4167282cd9a74a6a63b2b56b945b1f369a3f06a43a212ae5c33c3fde9278e3b,,/home/jzsalinas/Documents/galaxy-morphology-discovery/c0/probe/subimages/094.fits,VERIFIED,,False,,
S7,,,,https://www.legacysurvey.org/viewer/bricks/?ralo=207.3651062268516&rahi=207.3671062268516&declo=18.684643629309868&dechi=18.68664362930987&layer=decals-dr5,https://www.legacysurvey.org/viewer/bricks/?ralo=207.3651062268516&rahi=207.3671062268516&declo=18.684643629309868&dechi=18.68664362930987&layer=decals-dr5,2026-09-17T12:59:12.757962+00:00,200,,,163,163,,,2c5436c00528823a340c9727e19a042e9e8f40849ee7b533499a46aada2c045d,,/home/jzsalinas/Documents/galaxy-morphology-discovery/c0/probe/bricks/094.json,VERIFIED,,False,,
S7,,,,https://www.legacysurvey.org/viewer/fits-cutout?ra=166.146531386648&dec=13.7168022526208&layer=decals-dr5&pixscale=0.262&size=256&bands=grz&subimage,https://www.legacysurvey.org/viewer/fits-cutout?ra=166.146531386648&dec=13.7168022526208&layer=decals-dr5&pixscale=0.262&size=256&bands=grz&subimage,2026-09-17T12:59:13.995997+00:00,200,,"Thu, 17 Sep 2026 12:59:15 GMT",1609920,1609920,,,9521e14db628d47c50c9e3c770960ef92c143185a9724169f9686d3e0ac927f9,,/home/jzsalinas/Documents/galaxy-morphology-discovery/c0/probe/subimages/095.fits,VERIFIED,,False,,
S7,,,,https://www.legacysurvey.org/viewer/bricks/?ralo=166.14553138664786&rahi=166.14753138664787&declo=13.715802252620819&dechi=13.717802252620817&layer=decals-dr5,https://www.legacysurvey.org/viewer/bricks/?ralo=166.14553138664786&rahi=166.14753138664787&declo=13.715802252620819&dechi=13.717802252620817&layer=decals-dr5,2026-09-17T12:59:19.675812+00:00,200,,,165,165,,,d07fd302e05eb2046df13081a7dbb41182f6f60f28c095f20401f4fba0bd91d7,,/home/jzsalinas/Documents/galaxy-morphology-discovery/c0/probe/bricks/095.json,VERIFIED,,False,,
S7,,,,https://www.legacysurvey.org/viewer/fits-cutout?ra=210.899887503503&dec=16.2792318212058&layer=decals-dr5&pixscale=0.262&size=256&bands=grz&subimage,https://www.legacysurvey.org/viewer/fits-cutout?ra=210.899887503503&dec=16.2792318212058&layer=decals-dr5&pixscale=0.262&size=256&bands=grz&subimage,2026-09-17T12:59:20.949387+00:00,200,,"Thu, 17 Sep 2026 12:59:22 GMT",1609920,1609920,,,d7e68dee2c2a3b46eb43d14fb1619da7efb0dd6c95d7432dab671a5b40710099,,/home/jzsalinas/Documents/galaxy-morphology-discovery/c0/probe/subimages/096.fits,VERIFIED,,False,,
S7,,,,https://www.legacysurvey.org/viewer/bricks/?ralo=210.89888750350303&rahi=210.90088750350304&declo=16.278231821205797&dechi=16.2802318212058&layer=decals-dr5,https://www.legacysurvey.org/viewer/bricks/?ralo=210.89888750350303&rahi=210.90088750350304&declo=16.278231821205797&dechi=16.2802318212058&layer=decals-dr5,2026-09-17T12:59:27.082154+00:00,200,,,163,163,,,134f076f2e37a60653ed3035f187769142dbb87629e06ed6db974784507627bc,,/home/jzsalinas/Documents/galaxy-morphology-discovery/c0/probe/bricks/096.json,VERIFIED,,False,,
S6,,,,https://portal.nersc.gov/cfs/cosmo/data/legacysurvey/dr5/tractor/185/tractor-1853p160.fits,https://portal.nersc.gov/cfs/cosmo/data/legacysurvey/dr5/tractor/185/tractor-1853p160.fits,2026-09-17T13:08:06.683278+00:00,200,"""87b400-55759d6712b40""","Tue, 22 Aug 2017 16:10:45 GMT",8893440,0,,,,,,METADATA_ONLY,,True,,
S6-DATALAB,,,,https://datalab.noirlab.edu/tap/sync?REQUEST=doQuery&LANG=ADQL&FORMAT=csv&QUERY=SELECT+TOP+1+table_name%2Cdescription+FROM+TAP_SCHEMA.tables+WHERE+table_name%3D%27ls_dr5.tractor%27,https://datalab.noirlab.edu/tap/sync?REQUEST=doQuery&LANG=ADQL&FORMAT=csv&QUERY=SELECT+TOP+1+table_name%2Cdescription+FROM+TAP_SCHEMA.tables+WHERE+table_name%3D%27ls_dr5.tractor%27,2026-09-17T13:09:07.534868+00:00,200,,,,23,,,dae5636c0e75d03dff10d4ab7ed3cc127d58fc5257c51c54a1fc2a66b6bb5a84,,/home/jzsalinas/Documents/galaxy-morphology-discovery/c0/provenance/raw_metadata/DATALAB_DR5_TABLE_METADATA.csv,VERIFIED,,True,,
S6-DATALAB,,,,https://datalab.noirlab.edu/tap/sync?REQUEST=doQuery&LANG=ADQL&FORMAT=csv&QUERY=SELECT+table_name%2Cdescription+FROM+TAP_SCHEMA.tables+WHERE+table_name+LIKE+%27%25dr5%25%27,https://datalab.noirlab.edu/tap/sync?REQUEST=doQuery&LANG=ADQL&FORMAT=csv&QUERY=SELECT+table_name%2Cdescription+FROM+TAP_SCHEMA.tables+WHERE+table_name+LIKE+%27%25dr5%25%27,2026-09-17T13:09:30.587326+00:00,200,,,,2158,,,37c036bb7129b6de6062f1918ee7ee0771592c198c62988516ed7de585ac5c7a,,/home/jzsalinas/Documents/galaxy-morphology-discovery/c0/provenance/raw_metadata/DATALAB_DR5_TABLES.csv,VERIFIED,,True,,
S6,,,,https://portal.nersc.gov/cfs/cosmo/data/legacysurvey/dr5/coadd/011/0111p012/legacysurvey-0111p012-image-g.fits.fz,https://portal.nersc.gov/cfs/cosmo/data/legacysurvey/dr5/coadd/011/0111p012/legacysurvey-0111p012-image-g.fits.fz,2026-09-17T13:14:27.421733+00:00,200,"""b74080-5561a77c39c80""","Sun, 06 Aug 2017 19:09:22 GMT",12009600,0,,,,,,METADATA_ONLY,,True,,
S6,,,,https://portal.nersc.gov/cfs/cosmo/data/legacysurvey/dr5/coadd/011/0111p012/legacysurvey-0111p012-image-r.fits.fz,https://portal.nersc.gov/cfs/cosmo/data/legacysurvey/dr5/coadd/011/0111p012/legacysurvey-0111p012-image-r.fits.fz,2026-09-17T13:14:28.768628+00:00,200,"""c885c0-5561a78b7c080""","Sun, 06 Aug 2017 19:09:38 GMT",13141440,0,,,,,,METADATA_ONLY,,True,,
S6,,,,https://portal.nersc.gov/cfs/cosmo/data/legacysurvey/dr5/coadd/011/0111p012/legacysurvey-0111p012-image-z.fits.fz,https://portal.nersc.gov/cfs/cosmo/data/legacysurvey/dr5/coadd/011/0111p012/legacysurvey-0111p012-image-z.fits.fz,2026-09-17T13:14:29.824726+00:00,200,"""f13740-5561a79abe480""","Sun, 06 Aug 2017 19:09:54 GMT",15808320,0,,,,,,METADATA_ONLY,,True,,
S6,,,,https://portal.nersc.gov/cfs/cosmo/data/legacysurvey/dr5/coadd/032/0321m002/legacysurvey-0321m002-image-g.fits.fz,https://portal.nersc.gov/cfs/cosmo/data/legacysurvey/dr5/coadd/032/0321m002/legacysurvey-0321m002-image-g.fits.fz,2026-09-17T13:14:30.959241+00:00,200,"""b778c0-556ae0c3a5140""","Mon, 14 Aug 2017 03:13:33 GMT",12024000,0,,,,,,METADATA_ONLY,,True,,
S6,,,,https://portal.nersc.gov/cfs/cosmo/data/legacysurvey/dr5/coadd/032/0321m002/legacysurvey-0321m002-image-r.fits.fz,https://portal.nersc.gov/cfs/cosmo/data/legacysurvey/dr5/coadd/032/0321m002/legacysurvey-0321m002-image-r.fits.fz,2026-09-17T13:14:31.836826+00:00,200,"""c46f80-556ae0d0ff0c0""","Mon, 14 Aug 2017 03:13:47 GMT",12873600,0,,,,,,METADATA_ONLY,,True,,
S6,,,,https://portal.nersc.gov/cfs/cosmo/data/legacysurvey/dr5/coadd/032/0321m002/legacysurvey-0321m002-image-z.fits.fz,https://portal.nersc.gov/cfs/cosmo/data/legacysurvey/dr5/coadd/032/0321m002/legacysurvey-0321m002-image-z.fits.fz,2026-09-17T13:14:32.866836+00:00,200,"""ef3d00-556ae0e31db80""","Mon, 14 Aug 2017 03:14:06 GMT",15678720,0,,,,,,METADATA_ONLY,,True,,
S6,,,,https://portal.nersc.gov/cfs/cosmo/data/legacysurvey/dr5/coadd/171/1710p257/legacysurvey-1710p257-image-g.fits.fz,https://portal.nersc.gov/cfs/cosmo/data/legacysurvey/dr5/coadd/171/1710p257/legacysurvey-1710p257-image-g.fits.fz,2026-09-17T13:14:33.813511+00:00,200,"""bcd540-559074b265600""","Wed, 13 Sep 2017 00:32:24 GMT",12375360,0,,,,,,METADATA_ONLY,,True,,
S6,,,,https://portal.nersc.gov/cfs/cosmo/data/legacysurvey/dr5/coadd/171/1710p257/legacysurvey-1710p257-image-r.fits.fz,https://portal.nersc.gov/cfs/cosmo/data/legacysurvey/dr5/coadd/171/1710p257/legacysurvey-1710p257-image-r.fits.fz,2026-09-17T13:14:34.864650+00:00,200,"""cb1d80-559074b81e380""","Wed, 13 Sep 2017 00:32:30 GMT",13311360,0,,,,,,METADATA_ONLY,,True,,
S6,,,,https://portal.nersc.gov/cfs/cosmo/data/legacysurvey/dr5/coadd/171/1710p257/legacysurvey-1710p257-image-z.fits.fz,https://portal.nersc.gov/cfs/cosmo/data/legacysurvey/dr5/coadd/171/1710p257/legacysurvey-1710p257-image-z.fits.fz,2026-09-17T13:14:36.176732+00:00,200,"""f9a740-559074c578300""","Wed, 13 Sep 2017 00:32:44 GMT",16361280,0,,,,,,METADATA_ONLY,,True,,
S6,,,,https://portal.nersc.gov/cfs/cosmo/data/legacysurvey/dr5/coadd/176/1766m027/legacysurvey-1766m027-image-g.fits.fz,https://portal.nersc.gov/cfs/cosmo/data/legacysurvey/dr5/coadd/176/1766m027/legacysurvey-1766m027-image-g.fits.fz,2026-09-17T13:14:37.196199+00:00,200,"""c81540-55908995a5dc0""","Wed, 13 Sep 2017 02:05:51 GMT",13112640,0,,,,,,METADATA_ONLY,,True,,
S6,,,,https://portal.nersc.gov/cfs/cosmo/data/legacysurvey/dr5/coadd/176/1766m027/legacysurvey-1766m027-image-r.fits.fz,https://portal.nersc.gov/cfs/cosmo/data/legacysurvey/dr5/coadd/176/1766m027/legacysurvey-1766m027-image-r.fits.fz,2026-09-17T13:14:38.626903+00:00,200,"""d8dec0-559089a023680""","Wed, 13 Sep 2017 02:06:02 GMT",14212800,0,,,,,,METADATA_ONLY,,True,,
S6,,,,https://portal.nersc.gov/cfs/cosmo/data/legacysurvey/dr5/coadd/176/1766m027/legacysurvey-1766m027-image-z.fits.fz,https://portal.nersc.gov/cfs/cosmo/data/legacysurvey/dr5/coadd/176/1766m027/legacysurvey-1766m027-image-z.fits.fz,2026-09-17T13:14:39.764288+00:00,200,"""e5ca40-559089b42a5c0""","Wed, 13 Sep 2017 02:06:23 GMT",15059520,0,,,,,,METADATA_ONLY,,True,,
S6,,,,https://portal.nersc.gov/cfs/cosmo/data/legacysurvey/dr5/coadd/183/1831p085/legacysurvey-1831p085-image-g.fits.fz,https://portal.nersc.gov/cfs/cosmo/data/legacysurvey/dr5/coadd/183/1831p085/legacysurvey-1831p085-image-g.fits.fz,2026-09-17T13:14:40.987817+00:00,200,"""997500-5575736388bc0""","Tue, 22 Aug 2017 13:02:47 GMT",10056960,0,,,,,,METADATA_ONLY,,True,,
S6,,,,https://portal.nersc.gov/cfs/cosmo/data/legacysurvey/dr5/coadd/183/1831p085/legacysurvey-1831p085-image-r.fits.fz,https://portal.nersc.gov/cfs/cosmo/data/legacysurvey/dr5/coadd/183/1831p085/legacysurvey-1831p085-image-r.fits.fz,2026-09-17T13:14:42.170279+00:00,200,"""d17180-5575736fee900""","Tue, 22 Aug 2017 13:03:00 GMT",13726080,0,,,,,,METADATA_ONLY,,True,,
S6,,,,https://portal.nersc.gov/cfs/cosmo/data/legacysurvey/dr5/coadd/183/1831p085/legacysurvey-1831p085-image-z.fits.fz,https://portal.nersc.gov/cfs/cosmo/data/legacysurvey/dr5/coadd/183/1831p085/legacysurvey-1831p085-image-z.fits.fz,2026-09-17T13:14:42.919870+00:00,200,"""f0c6c0-5575738024f40""","Tue, 22 Aug 2017 13:03:17 GMT",15779520,0,,,,,,METADATA_ONLY,,True,,
S6,,,,https://portal.nersc.gov/cfs/cosmo/data/legacysurvey/dr5/coadd/185/1850p132/legacysurvey-1850p132-image-g.fits.fz,https://portal.nersc.gov/cfs/cosmo/data/legacysurvey/dr5/coadd/185/1850p132/legacysurvey-1850p132-image-g.fits.fz,2026-09-17T13:14:43.762165+00:00,200,"""c25ec0-55758b2cbea00""","Tue, 22 Aug 2017 14:49:12 GMT",12738240,0,,,,,,METADATA_ONLY,,True,,
S6,,,,https://portal.nersc.gov/cfs/cosmo/data/legacysurvey/dr5/coadd/185/1850p132/legacysurvey-1850p132-image-r.fits.fz,https://portal.nersc.gov/cfs/cosmo/data/legacysurvey/dr5/coadd/185/1850p132/legacysurvey-1850p132-image-r.fits.fz,2026-09-17T13:14:44.520255+00:00,200,"""d7f280-55758b3b0cbc0""","Tue, 22 Aug 2017 14:49:27 GMT",14152320,0,,,,,,METADATA_ONLY,,True,,
S6,,,,https://portal.nersc.gov/cfs/cosmo/data/legacysurvey/dr5/coadd/185/1850p132/legacysurvey-1850p132-image-z.fits.fz,https://portal.nersc.gov/cfs/cosmo/data/legacysurvey/dr5/coadd/185/1850p132/legacysurvey-1850p132-image-z.fits.fz,2026-09-17T13:14:45.391041+00:00,200,"""f2aa80-55758b4a4efc0""","Tue, 22 Aug 2017 14:49:43 GMT",15903360,0,,,,,,METADATA_ONLY,,True,,
S6,,,,https://portal.nersc.gov/cfs/cosmo/data/legacysurvey/dr5/coadd/185/1852p132/legacysurvey-1852p132-image-g.fits.fz,https://portal.nersc.gov/cfs/cosmo/data/legacysurvey/dr5/coadd/185/1852p132/legacysurvey-1852p132-image-g.fits.fz,2026-09-17T13:14:46.207794+00:00,200,"""bef140-5590ce42a2480""","Wed, 13 Sep 2017 07:13:06 GMT",12513600,0,,,,,,METADATA_ONLY,,True,,
S6,,,,https://portal.nersc.gov/cfs/cosmo/data/legacysurvey/dr5/coadd/185/1852p132/legacysurvey-1852p132-image-r.fits.fz,https://portal.nersc.gov/cfs/cosmo/data/legacysurvey/dr5/coadd/185/1852p132/legacysurvey-1852p132-image-r.fits.fz,2026-09-17T13:14:46.946714+00:00,200,"""d398c0-5590ce51e4880""","Wed, 13 Sep 2017 07:13:22 GMT",13867200,0,,,,,,METADATA_ONLY,,True,,
S6,,,,https://portal.nersc.gov/cfs/cosmo/data/legacysurvey/dr5/coadd/185/1852p132/legacysurvey-1852p132-image-z.fits.fz,https://portal.nersc.gov/cfs/cosmo/data/legacysurvey/dr5/coadd/185/1852p132/legacysurvey-1852p132-image-z.fits.fz,2026-09-17T13:14:47.613224+00:00,200,"""f0bb80-5590ce6032a40""","Wed, 13 Sep 2017 07:13:37 GMT",15776640,0,,,,,,METADATA_ONLY,,True,,
S6,,,,https://portal.nersc.gov/cfs/cosmo/data/legacysurvey/dr5/coadd/185/1853p160/legacysurvey-1853p160-image-g.fits.fz,https://portal.nersc.gov/cfs/cosmo/data/legacysurvey/dr5/coadd/185/1853p160/legacysurvey-1853p160-image-g.fits.fz,2026-09-17T13:14:48.431151+00:00,200,"""c9f900-55759cb88cf80""","Tue, 22 Aug 2017 16:07:42 GMT",13236480,0,,,,,,METADATA_ONLY,,True,,
S6,,,,https://portal.nersc.gov/cfs/cosmo/data/legacysurvey/dr5/coadd/185/1853p160/legacysurvey-1853p160-image-r.fits.fz,https://portal.nersc.gov/cfs/cosmo/data/legacysurvey/dr5/coadd/185/1853p160/legacysurvey-1853p160-image-r.fits.fz,2026-09-17T13:14:49.261155+00:00,200,"""d38d80-55759cd158a00""","Tue, 22 Aug 2017 16:08:08 GMT",13864320,0,,,,,,METADATA_ONLY,,True,,
S6,,,,https://portal.nersc.gov/cfs/cosmo/data/legacysurvey/dr5/coadd/185/1853p160/legacysurvey-1853p160-image-z.fits.fz,https://portal.nersc.gov/cfs/cosmo/data/legacysurvey/dr5/coadd/185/1853p160/legacysurvey-1853p160-image-z.fits.fz,2026-09-17T13:14:50.048093+00:00,200,"""e2e3c0-55759ce46b700""","Tue, 22 Aug 2017 16:08:28 GMT",14869440,0,,,,,,METADATA_ONLY,,True,,
S6,,,,https://portal.nersc.gov/cfs/cosmo/data/legacysurvey/dr5/coadd/194/1949p190/legacysurvey-1949p190-image-g.fits.fz,https://portal.nersc.gov/cfs/cosmo/data/legacysurvey/dr5/coadd/194/1949p190/legacysurvey-1949p190-image-g.fits.fz,2026-09-17T13:14:50.793825+00:00,200,"""c68040-5575e7724dc40""","Tue, 22 Aug 2017 21:42:01 GMT",13008960,0,,,,,,METADATA_ONLY,,True,,
S6,,,,https://portal.nersc.gov/cfs/cosmo/data/legacysurvey/dr5/coadd/194/1949p190/legacysurvey-1949p190-image-r.fits.fz,https://portal.nersc.gov/cfs/cosmo/data/legacysurvey/dr5/coadd/194/1949p190/legacysurvey-1949p190-image-r.fits.fz,2026-09-17T13:14:51.633400+00:00,200,"""d65240-5575e77ae3080""","Tue, 22 Aug 2017 21:42:10 GMT",14045760,0,,,,,,METADATA_ONLY,,True,,
S6,,,,https://portal.nersc.gov/cfs/cosmo/data/legacysurvey/dr5/coadd/194/1949p190/legacysurvey-1949p190-image-z.fits.fz,https://portal.nersc.gov/cfs/cosmo/data/legacysurvey/dr5/coadd/194/1949p190/legacysurvey-1949p190-image-z.fits.fz,2026-09-17T13:14:52.357061+00:00,200,"""f6e280-5575e78748dc0""","Tue, 22 Aug 2017 21:42:23 GMT",16179840,0,,,,,,METADATA_ONLY,,True,,
S6,,,,https://portal.nersc.gov/cfs/cosmo/data/legacysurvey/dr5/coadd/195/1951p190/legacysurvey-1951p190-image-g.fits.fz,https://portal.nersc.gov/cfs/cosmo/data/legacysurvey/dr5/coadd/195/1951p190/legacysurvey-1951p190-image-g.fits.fz,2026-09-17T13:14:58.081158+00:00,200,"""c62640-557b730dd6280""","Sun, 27 Aug 2017 07:33:14 GMT",12985920,0,,,,,,METADATA_ONLY,,True,,
S6,,,,https://portal.nersc.gov/cfs/cosmo/data/legacysurvey/dr5/coadd/195/1951p190/legacysurvey-1951p190-image-r.fits.fz,https://portal.nersc.gov/cfs/cosmo/data/legacysurvey/dr5/coadd/195/1951p190/legacysurvey-1951p190-image-r.fits.fz,2026-09-17T13:14:59.229797+00:00,200,"""d041c0-557b73138f000""","Sun, 27 Aug 2017 07:33:20 GMT",13648320,0,,,,,,METADATA_ONLY,,True,,
S6,,,,https://portal.nersc.gov/cfs/cosmo/data/legacysurvey/dr5/coadd/195/1951p190/legacysurvey-1951p190-image-z.fits.fz,https://portal.nersc.gov/cfs/cosmo/data/legacysurvey/dr5/coadd/195/1951p190/legacysurvey-1951p190-image-z.fits.fz,2026-09-17T13:15:00.026829+00:00,200,"""fb25c0-557b731ff4d40""","Sun, 27 Aug 2017 07:33:33 GMT",16459200,0,,,,,,METADATA_ONLY,,True,,
S6,,,,https://portal.nersc.gov/cfs/cosmo/data/legacysurvey/dr5/coadd/199/1998m022/legacysurvey-1998m022-image-g.fits.fz,https://portal.nersc.gov/cfs/cosmo/data/legacysurvey/dr5/coadd/199/1998m022/legacysurvey-1998m022-image-g.fits.fz,2026-09-17T13:15:00.850065+00:00,200,"""bf1300-55763f8acb440""","Wed, 23 Aug 2017 04:16:09 GMT",12522240,0,,,,,,METADATA_ONLY,,True,,
S6,,,,https://portal.nersc.gov/cfs/cosmo/data/legacysurvey/dr5/coadd/199/1998m022/legacysurvey-1998m022-image-r.fits.fz,https://portal.nersc.gov/cfs/cosmo/data/legacysurvey/dr5/coadd/199/1998m022/legacysurvey-1998m022-image-r.fits.fz,2026-09-17T13:15:01.601712+00:00,200,"""c86400-55763fa2a2c80""","Wed, 23 Aug 2017 04:16:34 GMT",13132800,0,,,,,,METADATA_ONLY,,True,,
S6,,,,https://portal.nersc.gov/cfs/cosmo/data/legacysurvey/dr5/coadd/199/1998m022/legacysurvey-1998m022-image-z.fits.fz,https://portal.nersc.gov/cfs/cosmo/data/legacysurvey/dr5/coadd/199/1998m022/legacysurvey-1998m022-image-z.fits.fz,2026-09-17T13:15:02.598179+00:00,200,"""e46240-55763fc6e0200""","Wed, 23 Aug 2017 04:17:12 GMT",14967360,0,,,,,,METADATA_ONLY,,True,,
S6,,,,https://portal.nersc.gov/cfs/cosmo/data/legacysurvey/dr5/coadd/213/2139p050/legacysurvey-2139p050-image-g.fits.fz,https://portal.nersc.gov/cfs/cosmo/data/legacysurvey/dr5/coadd/213/2139p050/legacysurvey-2139p050-image-g.fits.fz,2026-09-17T13:15:03.624395+00:00,200,"""c2ad80-55779ff556880""","Thu, 24 Aug 2017 06:32:50 GMT",12758400,0,,,,,,METADATA_ONLY,,True,,
S6,,,,https://portal.nersc.gov/cfs/cosmo/data/legacysurvey/dr5/coadd/213/2139p050/legacysurvey-2139p050-image-r.fits.fz,https://portal.nersc.gov/cfs/cosmo/data/legacysurvey/dr5/coadd/213/2139p050/legacysurvey-2139p050-image-r.fits.fz,2026-09-17T13:15:05.149695+00:00,200,"""cf8280-5577a00869580""","Thu, 24 Aug 2017 06:33:10 GMT",13599360,0,,,,,,METADATA_ONLY,,True,,
S6,,,,https://portal.nersc.gov/cfs/cosmo/data/legacysurvey/dr5/coadd/213/2139p050/legacysurvey-2139p050-image-z.fits.fz,https://portal.nersc.gov/cfs/cosmo/data/legacysurvey/dr5/coadd/213/2139p050/legacysurvey-2139p050-image-z.fits.fz,2026-09-17T13:15:06.074182+00:00,200,"""e0b140-5577a01e58940""","Thu, 24 Aug 2017 06:33:33 GMT",14725440,0,,,,,,METADATA_ONLY,,True,,
S6,,,,https://portal.nersc.gov/cfs/cosmo/data/legacysurvey/dr5/coadd/220/2205p137/legacysurvey-2205p137-image-g.fits.fz,https://portal.nersc.gov/cfs/cosmo/data/legacysurvey/dr5/coadd/220/2205p137/legacysurvey-2205p137-image-g.fits.fz,2026-09-17T13:15:06.997390+00:00,200,"""c2f100-5577dc79c6fc0""","Thu, 24 Aug 2017 11:03:35 GMT",12775680,0,,,,,,METADATA_ONLY,,True,,
S6,,,,https://portal.nersc.gov/cfs/cosmo/data/legacysurvey/dr5/coadd/220/2205p137/legacysurvey-2205p137-image-r.fits.fz,https://portal.nersc.gov/cfs/cosmo/data/legacysurvey/dr5/coadd/220/2205p137/legacysurvey-2205p137-image-r.fits.fz,2026-09-17T13:15:08.221932+00:00,200,"""d0b240-5577dc8538ac0""","Thu, 24 Aug 2017 11:03:47 GMT",13677120,0,,,,,,METADATA_ONLY,,True,,
S6,,,,https://portal.nersc.gov/cfs/cosmo/data/legacysurvey/dr5/coadd/220/2205p137/legacysurvey-2205p137-image-z.fits.fz,https://portal.nersc.gov/cfs/cosmo/data/legacysurvey/dr5/coadd/220/2205p137/legacysurvey-2205p137-image-z.fits.fz,2026-09-17T13:15:09.454467+00:00,200,"""f37500-5577dc9663340""","Thu, 24 Aug 2017 11:04:05 GMT",15955200,0,,,,,,METADATA_ONLY,,True,,
S6,,,,https://portal.nersc.gov/cfs/cosmo/data/legacysurvey/dr5/coadd/241/2417p112/legacysurvey-2417p112-image-g.fits.fz,https://portal.nersc.gov/cfs/cosmo/data/legacysurvey/dr5/coadd/241/2417p112/legacysurvey-2417p112-image-g.fits.fz,2026-09-17T13:15:10.272931+00:00,200,"""bd9480-5558052b016c0""","Sun, 30 Jul 2017 03:15:15 GMT",12424320,0,,,,,,METADATA_ONLY,,True,,
S6,,,,https://portal.nersc.gov/cfs/cosmo/data/legacysurvey/dr5/coadd/241/2417p112/legacysurvey-2417p112-image-r.fits.fz,https://portal.nersc.gov/cfs/cosmo/data/legacysurvey/dr5/coadd/241/2417p112/legacysurvey-2417p112-image-r.fits.fz,2026-09-17T13:15:11.910648+00:00,200,"""cece80-55580544c1380""","Sun, 30 Jul 2017 03:15:42 GMT",13553280,0,,,,,,METADATA_ONLY,,True,,
S6,,,,https://portal.nersc.gov/cfs/cosmo/data/legacysurvey/dr5/coadd/241/2417p112/legacysurvey-2417p112-image-z.fits.fz,https://portal.nersc.gov/cfs/cosmo/data/legacysurvey/dr5/coadd/241/2417p112/legacysurvey-2417p112-image-z.fits.fz,2026-09-17T13:15:13.546302+00:00,200,"""e8c740-5558055ba4980""","Sun, 30 Jul 2017 03:16:06 GMT",15255360,0,,,,,,METADATA_ONLY,,True,,
S6,,,,https://portal.nersc.gov/cfs/cosmo/data/legacysurvey/dr5/coadd/002/0024p145/legacysurvey-0024p145-nexp-g.fits.fz,https://portal.nersc.gov/cfs/cosmo/data/legacysurvey/dr5/coadd/002/0024p145/legacysurvey-0024p145-nexp-g.fits.fz,2026-09-17T13:15:14.579466+00:00,200,"""16800-555dfee9eb640""","Thu, 03 Aug 2017 21:19:13 GMT",92160,0,,,,,,METADATA_ONLY,,True,,
S6,,,,https://portal.nersc.gov/cfs/cosmo/data/legacysurvey/dr5/coadd/002/0024p145/legacysurvey-0024p145-nexp-r.fits.fz,https://portal.nersc.gov/cfs/cosmo/data/legacysurvey/dr5/coadd/002/0024p145/legacysurvey-0024p145-nexp-r.fits.fz,2026-09-17T13:15:15.459792+00:00,200,"""11940-555dfeefa43c0""","Thu, 03 Aug 2017 21:19:19 GMT",72000,0,,,,,,METADATA_ONLY,,True,,
S6,,,,https://portal.nersc.gov/cfs/cosmo/data/legacysurvey/dr5/coadd/002/0024p145/legacysurvey-0024p145-nexp-z.fits.fz,https://portal.nersc.gov/cfs/cosmo/data/legacysurvey/dr5/coadd/002/0024p145/legacysurvey-0024p145-nexp-z.fits.fz,2026-09-17T13:15:16.379260+00:00,200,"""24900-555dff06879c0""","Thu, 03 Aug 2017 21:19:43 GMT",149760,0,,,,,,METADATA_ONLY,,True,,
S6,,,,https://portal.nersc.gov/cfs/cosmo/data/legacysurvey/dr5/coadd/002/0027p145/legacysurvey-0027p145-nexp-g.fits.fz,https://portal.nersc.gov/cfs/cosmo/data/legacysurvey/dr5/coadd/002/0027p145/legacysurvey-0027p145-nexp-g.fits.fz,2026-09-17T13:15:17.700055+00:00,200,"""14640-555e15fc06480""","Thu, 03 Aug 2017 23:02:26 GMT",83520,0,,,,,,METADATA_ONLY,,True,,
S6,,,,https://portal.nersc.gov/cfs/cosmo/data/legacysurvey/dr5/coadd/002/0027p145/legacysurvey-0027p145-nexp-r.fits.fz,https://portal.nersc.gov/cfs/cosmo/data/legacysurvey/dr5/coadd/002/0027p145/legacysurvey-0027p145-nexp-r.fits.fz,2026-09-17T13:15:18.977315+00:00,200,"""11940-555e1601bf200""","Thu, 03 Aug 2017 23:02:32 GMT",72000,0,,,,,,METADATA_ONLY,,True,,
S6,,,,https://portal.nersc.gov/cfs/cosmo/data/legacysurvey/dr5/coadd/002/0027p145/legacysurvey-0027p145-nexp-z.fits.fz,https://portal.nersc.gov/cfs/cosmo/data/legacysurvey/dr5/coadd/002/0027p145/legacysurvey-0027p145-nexp-z.fits.fz,2026-09-17T13:15:20.202737+00:00,200,"""24900-555e1617ae5c0""","Thu, 03 Aug 2017 23:02:55 GMT",149760,0,,,,,,METADATA_ONLY,,True,,
S6,,,,https://portal.nersc.gov/cfs/cosmo/data/legacysurvey/dr5/coadd/004/0046p010/legacysurvey-0046p010-nexp-g.fits.fz,https://portal.nersc.gov/cfs/cosmo/data/legacysurvey/dr5/coadd/004/0046p010/legacysurvey-0046p010-nexp-g.fits.fz,2026-09-17T13:15:21.500346+00:00,200,"""35700-555f2dcc68e80""","Fri, 04 Aug 2017 19:54:18 GMT",218880,0,,,,,,METADATA_ONLY,,True,,
S6,,,,https://portal.nersc.gov/cfs/cosmo/data/legacysurvey/dr5/coadd/004/0046p010/legacysurvey-0046p010-nexp-r.fits.fz,https://portal.nersc.gov/cfs/cosmo/data/legacysurvey/dr5/coadd/004/0046p010/legacysurvey-0046p010-nexp-r.fits.fz,2026-09-17T13:15:22.455264+00:00,200,"""22740-555f2dd8cebc0""","Fri, 04 Aug 2017 19:54:31 GMT",141120,0,,,,,,METADATA_ONLY,,True,,
S6,,,,https://portal.nersc.gov/cfs/cosmo/data/legacysurvey/dr5/coadd/004/0046p010/legacysurvey-0046p010-nexp-z.fits.fz,https://portal.nersc.gov/cfs/cosmo/data/legacysurvey/dr5/coadd/004/0046p010/legacysurvey-0046p010-nexp-z.fits.fz,2026-09-17T13:15:23.481115+00:00,200,"""21c00-555f2de4406c0""","Fri, 04 Aug 2017 19:54:43 GMT",138240,0,,,,,,METADATA_ONLY,,True,,
S6,,,,https://portal.nersc.gov/cfs/cosmo/data/legacysurvey/dr5/coadd/007/0073p000/legacysurvey-0073p000-nexp-g.fits.fz,https://portal.nersc.gov/cfs/cosmo/data/legacysurvey/dr5/coadd/007/0073p000/legacysurvey-0073p000-nexp-g.fits.fz,2026-09-17T13:15:24.506002+00:00,200,"""26ac0-555fd49280680""","Sat, 05 Aug 2017 08:20:26 GMT",158400,0,,,,,,METADATA_ONLY,,True,,
S6,,,,https://portal.nersc.gov/cfs/cosmo/data/legacysurvey/dr5/coadd/007/0073p000/legacysurvey-0073p000-nexp-r.fits.fz,https://portal.nersc.gov/cfs/cosmo/data/legacysurvey/dr5/coadd/007/0073p000/legacysurvey-0073p000-nexp-r.fits.fz,2026-09-17T13:15:25.383099+00:00,200,"""24900-555fd4a1c2a80""","Sat, 05 Aug 2017 08:20:42 GMT",149760,0,,,,,,METADATA_ONLY,,True,,
S6,,,,https://portal.nersc.gov/cfs/cosmo/data/legacysurvey/dr5/coadd/007/0073p000/legacysurvey-0073p000-nexp-z.fits.fz,https://portal.nersc.gov/cfs/cosmo/data/legacysurvey/dr5/coadd/007/0073p000/legacysurvey-0073p000-nexp-z.fits.fz,2026-09-17T13:15:26.246879+00:00,200,"""2db40-555fd4bb82740""","Sat, 05 Aug 2017 08:21:09 GMT",187200,0,,,,,,METADATA_ONLY,,True,,
S6,,,,https://portal.nersc.gov/cfs/cosmo/data/legacysurvey/dr5/coadd/011/0111p012/legacysurvey-0111p012-nexp-g.fits.fz,https://portal.nersc.gov/cfs/cosmo/data/legacysurvey/dr5/coadd/011/0111p012/legacysurvey-0111p012-nexp-g.fits.fz,2026-09-17T13:15:27.160746+00:00,200,"""22740-5561a77d2dec0""","Sun, 06 Aug 2017 19:09:23 GMT",141120,0,,,,,,METADATA_ONLY,,True,,
S6,,,,https://portal.nersc.gov/cfs/cosmo/data/legacysurvey/dr5/coadd/011/0111p012/legacysurvey-0111p012-nexp-r.fits.fz,https://portal.nersc.gov/cfs/cosmo/data/legacysurvey/dr5/coadd/011/0111p012/legacysurvey-0111p012-nexp-r.fits.fz,2026-09-17T13:15:28.601240+00:00,200,"""1e3c0-5561a78c702c0""","Sun, 06 Aug 2017 19:09:39 GMT",123840,0,,,,,,METADATA_ONLY,,True,,
S6,,,,https://portal.nersc.gov/cfs/cosmo/data/legacysurvey/dr5/coadd/011/0111p012/legacysurvey-0111p012-nexp-z.fits.fz,https://portal.nersc.gov/cfs/cosmo/data/legacysurvey/dr5/coadd/011/0111p012/legacysurvey-0111p012-nexp-z.fits.fz,2026-09-17T13:15:29.440799+00:00,200,"""1cd40-5561a79bb26c0""","Sun, 06 Aug 2017 19:09:55 GMT",118080,0,,,,,,METADATA_ONLY,,True,,
S6,,,,https://portal.nersc.gov/cfs/cosmo/data/legacysurvey/dr5/coadd/012/0128p007/legacysurvey-0128p007-nexp-g.fits.fz,https://portal.nersc.gov/cfs/cosmo/data/legacysurvey/dr5/coadd/012/0128p007/legacysurvey-0128p007-nexp-g.fits.fz,2026-09-17T13:15:30.107620+00:00,200,"""2c4c0-5562500b20a40""","Mon, 07 Aug 2017 07:43:29 GMT",181440,0,,,,,,METADATA_ONLY,,True,,
S6,,,,https://portal.nersc.gov/cfs/cosmo/data/legacysurvey/dr5/coadd/012/0128p007/legacysurvey-0128p007-nexp-r.fits.fz,https://portal.nersc.gov/cfs/cosmo/data/legacysurvey/dr5/coadd/012/0128p007/legacysurvey-0128p007-nexp-r.fits.fz,2026-09-17T13:15:30.974219+00:00,200,"""23280-5562501c4b2c0""","Mon, 07 Aug 2017 07:43:47 GMT",144000,0,,,,,,METADATA_ONLY,,True,,
S6,,,,https://portal.nersc.gov/cfs/cosmo/data/legacysurvey/dr5/coadd/012/0128p007/legacysurvey-0128p007-nexp-z.fits.fz,https://portal.nersc.gov/cfs/cosmo/data/legacysurvey/dr5/coadd/012/0128p007/legacysurvey-0128p007-nexp-z.fits.fz,2026-09-17T13:15:31.778212+00:00,200,"""20580-5562502d75b40""","Mon, 07 Aug 2017 07:44:05 GMT",132480,0,,,,,,METADATA_ONLY,,True,,
S6,,,,https://portal.nersc.gov/cfs/cosmo/data/legacysurvey/dr5/coadd/013/0136m015/legacysurvey-0136m015-nexp-g.fits.fz,https://portal.nersc.gov/cfs/cosmo/data/legacysurvey/dr5/coadd/013/0136m015/legacysurvey-0136m015-nexp-g.fits.fz,2026-09-17T13:15:32.587738+00:00,200,"""25f80-5562c7f8c3c80""","Mon, 07 Aug 2017 16:40:02 GMT",155520,0,,,,,,METADATA_ONLY,,True,,
S6,,,,https://portal.nersc.gov/cfs/cosmo/data/legacysurvey/dr5/coadd/013/0136m015/legacysurvey-0136m015-nexp-r.fits.fz,https://portal.nersc.gov/cfs/cosmo/data/legacysurvey/dr5/coadd/013/0136m015/legacysurvey-0136m015-nexp-r.fits.fz,2026-09-17T13:15:33.395441+00:00,200,"""2ae40-5562c80bd6980""","Mon, 07 Aug 2017 16:40:22 GMT",175680,0,,,,,,METADATA_ONLY,,True,,
S6,,,,https://portal.nersc.gov/cfs/cosmo/data/legacysurvey/dr5/coadd/013/0136m015/legacysurvey-0136m015-nexp-z.fits.fz,https://portal.nersc.gov/cfs/cosmo/data/legacysurvey/dr5/coadd/013/0136m015/legacysurvey-0136m015-nexp-z.fits.fz,2026-09-17T13:15:34.391030+00:00,200,"""20580-5562c81a24b40""","Mon, 07 Aug 2017 16:40:37 GMT",132480,0,,,,,,METADATA_ONLY,,True,,
S6,,,,https://portal.nersc.gov/cfs/cosmo/data/legacysurvey/dr5/coadd/014/0141m005/legacysurvey-0141m005-nexp-g.fits.fz,https://portal.nersc.gov/cfs/cosmo/data/legacysurvey/dr5/coadd/014/0141m005/legacysurvey-0141m005-nexp-g.fits.fz,2026-09-17T13:15:35.568563+00:00,200,"""26ac0-5562b1e91b000""","Mon, 07 Aug 2017 15:01:20 GMT",158400,0,,,,,,METADATA_ONLY,,True,,
S6,,,,https://portal.nersc.gov/cfs/cosmo/data/legacysurvey/dr5/coadd/014/0141m005/legacysurvey-0141m005-nexp-r.fits.fz,https://portal.nersc.gov/cfs/cosmo/data/legacysurvey/dr5/coadd/014/0141m005/legacysurvey-0141m005-nexp-r.fits.fz,2026-09-17T13:15:36.386892+00:00,200,"""210c0-5562b1f7691c0""","Mon, 07 Aug 2017 15:01:35 GMT",135360,0,,,,,,METADATA_ONLY,,True,,
S6,,,,https://portal.nersc.gov/cfs/cosmo/data/legacysurvey/dr5/coadd/014/0141m005/legacysurvey-0141m005-nexp-z.fits.fz,https://portal.nersc.gov/cfs/cosmo/data/legacysurvey/dr5/coadd/014/0141m005/legacysurvey-0141m005-nexp-z.fits.fz,2026-09-17T13:15:37.317117+00:00,200,"""210c0-5562b206ab5c0""","Mon, 07 Aug 2017 15:01:51 GMT",135360,0,,,,,,METADATA_ONLY,,True,,
S6,,,,https://portal.nersc.gov/cfs/cosmo/data/legacysurvey/dr5/coadd/017/0179m057/legacysurvey-0179m057-nexp-g.fits.fz,https://portal.nersc.gov/cfs/cosmo/data/legacysurvey/dr5/coadd/017/0179m057/legacysurvey-0179m057-nexp-g.fits.fz,2026-09-17T13:15:48.025384+00:00,200,"""1cd40-5568be725a480""","Sat, 12 Aug 2017 10:29:22 GMT",118080,0,,,,,,METADATA_ONLY,,True,,
S6,,,,https://portal.nersc.gov/cfs/cosmo/data/legacysurvey/dr5/coadd/017/0179m057/legacysurvey-0179m057-nexp-r.fits.fz,https://portal.nersc.gov/cfs/cosmo/data/legacysurvey/dr5/coadd/017/0179m057/legacysurvey-0179m057-nexp-r.fits.fz,2026-09-17T13:15:48.913602+00:00,200,"""1e3c0-5568be80a8640""","Sat, 12 Aug 2017 10:29:37 GMT",123840,0,,,,,,METADATA_ONLY,,True,,
S6,,,,https://portal.nersc.gov/cfs/cosmo/data/legacysurvey/dr5/coadd/017/0179m057/legacysurvey-0179m057-nexp-z.fits.fz,https://portal.nersc.gov/cfs/cosmo/data/legacysurvey/dr5/coadd/017/0179m057/legacysurvey-0179m057-nexp-z.fits.fz,2026-09-17T13:15:49.948679+00:00,200,"""1fa40-5568be90dec80""","Sat, 12 Aug 2017 10:29:54 GMT",129600,0,,,,,,METADATA_ONLY,,True,,
S6,,,,https://portal.nersc.gov/cfs/cosmo/data/legacysurvey/dr5/coadd/018/0186m050/legacysurvey-0186m050-nexp-g.fits.fz,https://portal.nersc.gov/cfs/cosmo/data/legacysurvey/dr5/coadd/018/0186m050/legacysurvey-0186m050-nexp-g.fits.fz,2026-09-17T13:15:50.969173+00:00,200,"""25f80-5568d8c7e05c0""","Sat, 12 Aug 2017 12:27:11 GMT",155520,0,,,,,,METADATA_ONLY,,True,,
S6,,,,https://portal.nersc.gov/cfs/cosmo/data/legacysurvey/dr5/coadd/018/0186m050/legacysurvey-0186m050-nexp-r.fits.fz,https://portal.nersc.gov/cfs/cosmo/data/legacysurvey/dr5/coadd/018/0186m050/legacysurvey-0186m050-nexp-r.fits.fz,2026-09-17T13:15:52.737943+00:00,200,"""1e3c0-5568d8d446300""","Sat, 12 Aug 2017 12:27:24 GMT",123840,0,,,,,,METADATA_ONLY,,True,,
S6,,,,https://portal.nersc.gov/cfs/cosmo/data/legacysurvey/dr5/coadd/018/0186m050/legacysurvey-0186m050-nexp-z.fits.fz,https://portal.nersc.gov/cfs/cosmo/data/legacysurvey/dr5/coadd/018/0186m050/legacysurvey-0186m050-nexp-z.fits.fz,2026-09-17T13:15:53.692076+00:00,200,"""23280-5568d8e570b80""","Sat, 12 Aug 2017 12:27:42 GMT",144000,0,,,,,,METADATA_ONLY,,True,,
S6,,,,https://portal.nersc.gov/cfs/cosmo/data/legacysurvey/dr5/coadd/019/0198p002/legacysurvey-0198p002-nexp-g.fits.fz,https://portal.nersc.gov/cfs/cosmo/data/legacysurvey/dr5/coadd/019/0198p002/legacysurvey-0198p002-nexp-g.fits.fz,2026-09-17T13:15:54.820805+00:00,200,"""28140-55692e44cb6c0""","Sat, 12 Aug 2017 18:49:39 GMT",164160,0,,,,,,METADATA_ONLY,,True,,
S6,,,,https://portal.nersc.gov/cfs/cosmo/data/legacysurvey/dr5/coadd/019/0198p002/legacysurvey-0198p002-nexp-r.fits.fz,https://portal.nersc.gov/cfs/cosmo/data/legacysurvey/dr5/coadd/019/0198p002/legacysurvey-0198p002-nexp-r.fits.fz,2026-09-17T13:15:55.696508+00:00,200,"""22740-55692e55f5f40""","Sat, 12 Aug 2017 18:49:57 GMT",141120,0,,,,,,METADATA_ONLY,,True,,
S6,,,,https://portal.nersc.gov/cfs/cosmo/data/legacysurvey/dr5/coadd/019/0198p002/legacysurvey-0198p002-nexp-z.fits.fz,https://portal.nersc.gov/cfs/cosmo/data/legacysurvey/dr5/coadd/019/0198p002/legacysurvey-0198p002-nexp-z.fits.fz,2026-09-17T13:15:56.401244+00:00,200,"""31380-55692e6fb5c00""","Sat, 12 Aug 2017 18:50:24 GMT",201600,0,,,,,,METADATA_ONLY,,True,,
S6,,,,https://portal.nersc.gov/cfs/cosmo/data/legacysurvey/dr5/coadd/020/0201p002/legacysurvey-0201p002-nexp-g.fits.fz,https://portal.nersc.gov/cfs/cosmo/data/legacysurvey/dr5/coadd/020/0201p002/legacysurvey-0201p002-nexp-g.fits.fz,2026-09-17T13:15:57.107882+00:00,200,"""2f1c0-556917ed9c180""","Sat, 12 Aug 2017 17:09:42 GMT",192960,0,,,,,,METADATA_ONLY,,True,,
S6,,,,https://portal.nersc.gov/cfs/cosmo/data/legacysurvey/dr5/coadd/020/0201p002/legacysurvey-0201p002-nexp-r.fits.fz,https://portal.nersc.gov/cfs/cosmo/data/legacysurvey/dr5/coadd/020/0201p002/legacysurvey-0201p002-nexp-r.fits.fz,2026-09-17T13:15:58.402348+00:00,200,"""24900-556917fbea340""","Sat, 12 Aug 2017 17:09:57 GMT",149760,0,,,,,,METADATA_ONLY,,True,,
S6,,,,https://portal.nersc.gov/cfs/cosmo/data/legacysurvey/dr5/coadd/020/0201p002/legacysurvey-0201p002-nexp-z.fits.fz,https://portal.nersc.gov/cfs/cosmo/data/legacysurvey/dr5/coadd/020/0201p002/legacysurvey-0201p002-nexp-z.fits.fz,2026-09-17T13:15:59.655875+00:00,200,"""38400-55691813c1b80""","Sat, 12 Aug 2017 17:10:22 GMT",230400,0,,,,,,METADATA_ONLY,,True,,
S6,,,,https://portal.nersc.gov/cfs/cosmo/data/legacysurvey/dr5/coadd/021/0213p087/legacysurvey-0213p087-nexp-g.fits.fz,https://portal.nersc.gov/cfs/cosmo/data/legacysurvey/dr5/coadd/021/0213p087/legacysurvey-0213p087-nexp-g.fits.fz,2026-09-17T13:16:00.743579+00:00,200,"""14640-556902b66f3c0""","Sat, 12 Aug 2017 15:34:47 GMT",83520,0,,,,,,METADATA_ONLY,,True,,
S6,,,,https://portal.nersc.gov/cfs/cosmo/data/legacysurvey/dr5/coadd/021/0213p087/legacysurvey-0213p087-nexp-r.fits.fz,https://portal.nersc.gov/cfs/cosmo/data/legacysurvey/dr5/coadd/021/0213p087/legacysurvey-0213p087-nexp-r.fits.fz,2026-09-17T13:16:01.811711+00:00,200,"""13b00-556902bb33f00""","Sat, 12 Aug 2017 15:34:52 GMT",80640,0,,,,,,METADATA_ONLY,,True,,
S6,,,,https://portal.nersc.gov/cfs/cosmo/data/legacysurvey/dr5/coadd/021/0213p087/legacysurvey-0213p087-nexp-z.fits.fz,https://portal.nersc.gov/cfs/cosmo/data/legacysurvey/dr5/coadd/021/0213p087/legacysurvey-0213p087-nexp-z.fits.fz,2026-09-17T13:16:02.753283+00:00,200,"""13b00-556902bff8a40""","Sat, 12 Aug 2017 15:34:57 GMT",80640,0,,,,,,METADATA_ONLY,,True,,
S6,,,,https://portal.nersc.gov/cfs/cosmo/data/legacysurvey/dr5/coadd/021/0218p012/legacysurvey-0218p012-nexp-g.fits.fz,https://portal.nersc.gov/cfs/cosmo/data/legacysurvey/dr5/coadd/021/0218p012/legacysurvey-0218p012-nexp-g.fits.fz,2026-09-17T13:16:03.764558+00:00,200,"""28c80-55694a3cfb3c0""","Sat, 12 Aug 2017 20:54:47 GMT",167040,0,,,,,,METADATA_ONLY,,True,,
S6,,,,https://portal.nersc.gov/cfs/cosmo/data/legacysurvey/dr5/coadd/021/0218p012/legacysurvey-0218p012-nexp-r.fits.fz,https://portal.nersc.gov/cfs/cosmo/data/legacysurvey/dr5/coadd/021/0218p012/legacysurvey-0218p012-nexp-r.fits.fz,2026-09-17T13:16:04.633194+00:00,200,"""22740-55694a4b49580""","Sat, 12 Aug 2017 20:55:02 GMT",141120,0,,,,,,METADATA_ONLY,,True,,
S6,,,,https://portal.nersc.gov/cfs/cosmo/data/legacysurvey/dr5/coadd/021/0218p012/legacysurvey-0218p012-nexp-z.fits.fz,https://portal.nersc.gov/cfs/cosmo/data/legacysurvey/dr5/coadd/021/0218p012/legacysurvey-0218p012-nexp-z.fits.fz,2026-09-17T13:16:05.923774+00:00,200,"""23280-55694a5a8b980""","Sat, 12 Aug 2017 20:55:18 GMT",144000,0,,,,,,METADATA_ONLY,,True,,
S6,,,,https://portal.nersc.gov/cfs/cosmo/data/legacysurvey/dr5/coadd/032/0321m002/legacysurvey-0321m002-nexp-g.fits.fz,https://portal.nersc.gov/cfs/cosmo/data/legacysurvey/dr5/coadd/032/0321m002/legacysurvey-0321m002-nexp-g.fits.fz,2026-09-17T13:16:06.911296+00:00,200,"""25f80-556ae0c499380""","Mon, 14 Aug 2017 03:13:34 GMT",155520,0,,,,,,METADATA_ONLY,,True,,
S6,,,,https://portal.nersc.gov/cfs/cosmo/data/legacysurvey/dr5/coadd/032/0321m002/legacysurvey-0321m002-nexp-r.fits.fz,https://portal.nersc.gov/cfs/cosmo/data/legacysurvey/dr5/coadd/032/0321m002/legacysurvey-0321m002-nexp-r.fits.fz,2026-09-17T13:16:08.151742+00:00,200,"""21c00-556ae0d1f3300""","Mon, 14 Aug 2017 03:13:48 GMT",138240,0,,,,,,METADATA_ONLY,,True,,
S6,,,,https://portal.nersc.gov/cfs/cosmo/data/legacysurvey/dr5/coadd/032/0321m002/legacysurvey-0321m002-nexp-z.fits.fz,https://portal.nersc.gov/cfs/cosmo/data/legacysurvey/dr5/coadd/032/0321m002/legacysurvey-0321m002-nexp-z.fits.fz,2026-09-17T13:16:08.944909+00:00,200,"""1ef00-556ae0e411dc0""","Mon, 14 Aug 2017 03:14:07 GMT",126720,0,,,,,,METADATA_ONLY,,True,,
S6,,,,https://portal.nersc.gov/cfs/cosmo/data/legacysurvey/dr5/coadd/117/1179p212/legacysurvey-1179p212-nexp-g.fits.fz,https://portal.nersc.gov/cfs/cosmo/data/legacysurvey/dr5/coadd/117/1179p212/legacysurvey-1179p212-nexp-g.fits.fz,2026-09-17T13:16:09.918540+00:00,200,"""1ef00-556f1610e7dc0""","Thu, 17 Aug 2017 11:33:19 GMT",126720,0,,,,,,METADATA_ONLY,,True,,
S6,,,,https://portal.nersc.gov/cfs/cosmo/data/legacysurvey/dr5/coadd/117/1179p212/legacysurvey-1179p212-nexp-r.fits.fz,https://portal.nersc.gov/cfs/cosmo/data/legacysurvey/dr5/coadd/117/1179p212/legacysurvey-1179p212-nexp-r.fits.fz,2026-09-17T13:16:11.404977+00:00,200,"""1a040-556f16197d200""","Thu, 17 Aug 2017 11:33:28 GMT",106560,0,,,,,,METADATA_ONLY,,True,,
S6,,,,https://portal.nersc.gov/cfs/cosmo/data/legacysurvey/dr5/coadd/117/1179p212/legacysurvey-1179p212-nexp-z.fits.fz,https://portal.nersc.gov/cfs/cosmo/data/legacysurvey/dr5/coadd/117/1179p212/legacysurvey-1179p212-nexp-z.fits.fz,2026-09-17T13:16:12.435165+00:00,200,"""1c200-556f162306880""","Thu, 17 Aug 2017 11:33:38 GMT",115200,0,,,,,,METADATA_ONLY,,True,,
S6,,,,https://portal.nersc.gov/cfs/cosmo/data/legacysurvey/dr5/coadd/118/1184p180/legacysurvey-1184p180-nexp-g.fits.fz,https://portal.nersc.gov/cfs/cosmo/data/legacysurvey/dr5/coadd/118/1184p180/legacysurvey-1184p180-nexp-g.fits.fz,2026-09-17T13:16:13.246277+00:00,200,"""1a040-556f214b47b40""","Thu, 17 Aug 2017 12:23:33 GMT",106560,0,,,,,,METADATA_ONLY,,True,,
S6,,,,https://portal.nersc.gov/cfs/cosmo/data/legacysurvey/dr5/coadd/118/1184p180/legacysurvey-1184p180-nexp-r.fits.fz,https://portal.nersc.gov/cfs/cosmo/data/legacysurvey/dr5/coadd/118/1184p180/legacysurvey-1184p180-nexp-r.fits.fz,2026-09-17T13:16:14.030339+00:00,200,"""17340-556f2153dcf80""","Thu, 17 Aug 2017 12:23:42 GMT",95040,0,,,,,,METADATA_ONLY,,True,,
S6,,,,https://portal.nersc.gov/cfs/cosmo/data/legacysurvey/dr5/coadd/118/1184p180/legacysurvey-1184p180-nexp-z.fits.fz,https://portal.nersc.gov/cfs/cosmo/data/legacysurvey/dr5/coadd/118/1184p180/legacysurvey-1184p180-nexp-z.fits.fz,2026-09-17T13:16:14.909480+00:00,200,"""1b6c0-556f215d66600""","Thu, 17 Aug 2017 12:23:52 GMT",112320,0,,,,,,METADATA_ONLY,,True,,
S6,,,,https://portal.nersc.gov/cfs/cosmo/data/legacysurvey/dr5/coadd/118/1186p182/legacysurvey-1186p182-nexp-g.fits.fz,https://portal.nersc.gov/cfs/cosmo/data/legacysurvey/dr5/coadd/118/1186p182/legacysurvey-1186p182-nexp-g.fits.fz,2026-09-17T13:16:15.852425+00:00,200,"""1ab80-556f2a4b5b740""","Thu, 17 Aug 2017 13:03:49 GMT",109440,0,,,,,,METADATA_ONLY,,True,,
S6,,,,https://portal.nersc.gov/cfs/cosmo/data/legacysurvey/dr5/coadd/118/1186p182/legacysurvey-1186p182-nexp-r.fits.fz,https://portal.nersc.gov/cfs/cosmo/data/legacysurvey/dr5/coadd/118/1186p182/legacysurvey-1186p182-nexp-r.fits.fz,2026-09-17T13:16:16.940760+00:00,200,"""19500-556f2a57c1480""","Thu, 17 Aug 2017 13:04:02 GMT",103680,0,,,,,,METADATA_ONLY,,True,,
S6,,,,https://portal.nersc.gov/cfs/cosmo/data/legacysurvey/dr5/coadd/118/1186p182/legacysurvey-1186p182-nexp-z.fits.fz,https://portal.nersc.gov/cfs/cosmo/data/legacysurvey/dr5/coadd/118/1186p182/legacysurvey-1186p182-nexp-z.fits.fz,2026-09-17T13:16:17.998041+00:00,200,"""1a040-556f2a623ed40""","Thu, 17 Aug 2017 13:04:13 GMT",106560,0,,,,,,METADATA_ONLY,,True,,
S6,,,,https://portal.nersc.gov/cfs/cosmo/data/legacysurvey/dr5/coadd/118/1187p180/legacysurvey-1187p180-nexp-g.fits.fz,https://portal.nersc.gov/cfs/cosmo/data/legacysurvey/dr5/coadd/118/1187p180/legacysurvey-1187p180-nexp-g.fits.fz,2026-09-17T13:16:18.786406+00:00,200,"""19500-556f296d26b00""","Thu, 17 Aug 2017 12:59:56 GMT",103680,0,,,,,,METADATA_ONLY,,True,,
S6,,,,https://portal.nersc.gov/cfs/cosmo/data/legacysurvey/dr5/coadd/118/1187p180/legacysurvey-1187p180-nexp-r.fits.fz,https://portal.nersc.gov/cfs/cosmo/data/legacysurvey/dr5/coadd/118/1187p180/legacysurvey-1187p180-nexp-r.fits.fz,2026-09-17T13:16:19.453381+00:00,200,"""17e80-556f2974c7d00""","Thu, 17 Aug 2017 13:00:04 GMT",97920,0,,,,,,METADATA_ONLY,,True,,
S6,,,,https://portal.nersc.gov/cfs/cosmo/data/legacysurvey/dr5/coadd/118/1187p180/legacysurvey-1187p180-nexp-z.fits.fz,https://portal.nersc.gov/cfs/cosmo/data/legacysurvey/dr5/coadd/118/1187p180/legacysurvey-1187p180-nexp-z.fits.fz,2026-09-17T13:16:20.293524+00:00,200,"""1cd40-556f297e51380""","Thu, 17 Aug 2017 13:00:14 GMT",118080,0,,,,,,METADATA_ONLY,,True,,
S6,,,,https://portal.nersc.gov/cfs/cosmo/data/legacysurvey/dr5/coadd/123/1237p150/legacysurvey-1237p150-nexp-g.fits.fz,https://portal.nersc.gov/cfs/cosmo/data/legacysurvey/dr5/coadd/123/1237p150/legacysurvey-1237p150-nexp-g.fits.fz,2026-09-17T13:16:21.083650+00:00,200,"""16800-556fcb0c4fb40""","Fri, 18 Aug 2017 01:03:01 GMT",92160,0,,,,,,METADATA_ONLY,,True,,
S6,,,,https://portal.nersc.gov/cfs/cosmo/data/legacysurvey/dr5/coadd/123/1237p150/legacysurvey-1237p150-nexp-r.fits.fz,https://portal.nersc.gov/cfs/cosmo/data/legacysurvey/dr5/coadd/123/1237p150/legacysurvey-1237p150-nexp-r.fits.fz,2026-09-17T13:16:21.858116+00:00,200,"""26ac0-556fcb1f62840""","Fri, 18 Aug 2017 01:03:21 GMT",158400,0,,,,,,METADATA_ONLY,,True,,
S6,,,,https://portal.nersc.gov/cfs/cosmo/data/legacysurvey/dr5/coadd/123/1237p150/legacysurvey-1237p150-nexp-z.fits.fz,https://portal.nersc.gov/cfs/cosmo/data/legacysurvey/dr5/coadd/123/1237p150/legacysurvey-1237p150-nexp-z.fits.fz,2026-09-17T13:16:22.790077+00:00,200,"""17e80-556fcb2703a40""","Fri, 18 Aug 2017 01:03:29 GMT",97920,0,,,,,,METADATA_ONLY,,True,,
S6,,,,https://portal.nersc.gov/cfs/cosmo/data/legacysurvey/dr5/coadd/124/1243p177/legacysurvey-1243p177-nexp-g.fits.fz,https://portal.nersc.gov/cfs/cosmo/data/legacysurvey/dr5/coadd/124/1243p177/legacysurvey-1243p177-nexp-g.fits.fz,2026-09-17T13:16:23.515116+00:00,200,"""12fc0-556fd42faca80""","Fri, 18 Aug 2017 01:43:54 GMT",77760,0,,,,,,METADATA_ONLY,,True,,
S6,,,,https://portal.nersc.gov/cfs/cosmo/data/legacysurvey/dr5/coadd/124/1243p177/legacysurvey-1243p177-nexp-r.fits.fz,https://portal.nersc.gov/cfs/cosmo/data/legacysurvey/dr5/coadd/124/1243p177/legacysurvey-1243p177-nexp-r.fits.fz,2026-09-17T13:16:24.734360+00:00,200,"""15180-556fd43659a40""","Fri, 18 Aug 2017 01:44:01 GMT",86400,0,,,,,,METADATA_ONLY,,True,,
S6,,,,https://portal.nersc.gov/cfs/cosmo/data/legacysurvey/dr5/coadd/124/1243p177/legacysurvey-1243p177-nexp-z.fits.fz,https://portal.nersc.gov/cfs/cosmo/data/legacysurvey/dr5/coadd/124/1243p177/legacysurvey-1243p177-nexp-z.fits.fz,2026-09-17T13:16:25.526872+00:00,200,"""1d880-556fd444a7c00""","Fri, 18 Aug 2017 01:44:16 GMT",120960,0,,,,,,METADATA_ONLY,,True,,
S6,,,,https://portal.nersc.gov/cfs/cosmo/data/legacysurvey/dr5/coadd/134/1346p062/legacysurvey-1346p062-nexp-g.fits.fz,https://portal.nersc.gov/cfs/cosmo/data/legacysurvey/dr5/coadd/134/1346p062/legacysurvey-1346p062-nexp-g.fits.fz,2026-09-17T13:16:26.901131+00:00,200,"""16800-5571f3fc48640""","Sat, 19 Aug 2017 18:16:49 GMT",92160,0,,,,,,METADATA_ONLY,,True,,
S6,,,,https://portal.nersc.gov/cfs/cosmo/data/legacysurvey/dr5/coadd/134/1346p062/legacysurvey-1346p062-nexp-r.fits.fz,https://portal.nersc.gov/cfs/cosmo/data/legacysurvey/dr5/coadd/134/1346p062/legacysurvey-1346p062-nexp-r.fits.fz,2026-09-17T13:16:27.946280+00:00,200,"""1a040-5571f406c5f00""","Sat, 19 Aug 2017 18:17:00 GMT",106560,0,,,,,,METADATA_ONLY,,True,,
S6,,,,https://portal.nersc.gov/cfs/cosmo/data/legacysurvey/dr5/coadd/134/1346p062/legacysurvey-1346p062-nexp-z.fits.fz,https://portal.nersc.gov/cfs/cosmo/data/legacysurvey/dr5/coadd/134/1346p062/legacysurvey-1346p062-nexp-z.fits.fz,2026-09-17T13:16:28.915858+00:00,200,"""24900-5571f418e49c0""","Sat, 19 Aug 2017 18:17:19 GMT",149760,0,,,,,,METADATA_ONLY,,True,,
S6,,,,https://portal.nersc.gov/cfs/cosmo/data/legacysurvey/dr5/coadd/138/1385p225/legacysurvey-1385p225-nexp-g.fits.fz,https://portal.nersc.gov/cfs/cosmo/data/legacysurvey/dr5/coadd/138/1385p225/legacysurvey-1385p225-nexp-g.fits.fz,2026-09-17T13:16:30.135597+00:00,200,"""210c0-55723b635bc00""","Sat, 19 Aug 2017 23:36:16 GMT",135360,0,,,,,,METADATA_ONLY,,True,,
S6,,,,https://portal.nersc.gov/cfs/cosmo/data/legacysurvey/dr5/coadd/138/1385p225/legacysurvey-1385p225-nexp-r.fits.fz,https://portal.nersc.gov/cfs/cosmo/data/legacysurvey/dr5/coadd/138/1385p225/legacysurvey-1385p225-nexp-r.fits.fz,2026-09-17T13:16:32.107692+00:00,200,"""22740-55723b70b5b80""","Sat, 19 Aug 2017 23:36:30 GMT",141120,0,,,,,,METADATA_ONLY,,True,,
S6,,,,https://portal.nersc.gov/cfs/cosmo/data/legacysurvey/dr5/coadd/138/1385p225/legacysurvey-1385p225-nexp-z.fits.fz,https://portal.nersc.gov/cfs/cosmo/data/legacysurvey/dr5/coadd/138/1385p225/legacysurvey-1385p225-nexp-z.fits.fz,2026-09-17T13:16:32.994287+00:00,200,"""22740-55723b7d1b8c0""","Sat, 19 Aug 2017 23:36:43 GMT",141120,0,,,,,,METADATA_ONLY,,True,,
S6,,,,https://portal.nersc.gov/cfs/cosmo/data/legacysurvey/dr5/coadd/139/1399p062/legacysurvey-1399p062-nexp-g.fits.fz,https://portal.nersc.gov/cfs/cosmo/data/legacysurvey/dr5/coadd/139/1399p062/legacysurvey-1399p062-nexp-g.fits.fz,2026-09-17T13:16:33.999385+00:00,200,"""1d880-5572646197300""","Sun, 20 Aug 2017 02:39:40 GMT",120960,0,,,,,,METADATA_ONLY,,True,,
S6,,,,https://portal.nersc.gov/cfs/cosmo/data/legacysurvey/dr5/coadd/139/1399p062/legacysurvey-1399p062-nexp-r.fits.fz,https://portal.nersc.gov/cfs/cosmo/data/legacysurvey/dr5/coadd/139/1399p062/legacysurvey-1399p062-nexp-r.fits.fz,2026-09-17T13:16:35.200136+00:00,200,"""14640-5572646938500""","Sun, 20 Aug 2017 02:39:48 GMT",83520,0,,,,,,METADATA_ONLY,,True,,
S6,,,,https://portal.nersc.gov/cfs/cosmo/data/legacysurvey/dr5/coadd/139/1399p062/legacysurvey-1399p062-nexp-z.fits.fz,https://portal.nersc.gov/cfs/cosmo/data/legacysurvey/dr5/coadd/139/1399p062/legacysurvey-1399p062-nexp-z.fits.fz,2026-09-17T13:16:36.080675+00:00,200,"""24900-557264801bb00""","Sun, 20 Aug 2017 02:40:12 GMT",149760,0,,,,,,METADATA_ONLY,,True,,
S6,,,,https://portal.nersc.gov/cfs/cosmo/data/legacysurvey/dr5/coadd/142/1429p090/legacysurvey-1429p090-nexp-g.fits.fz,https://portal.nersc.gov/cfs/cosmo/data/legacysurvey/dr5/coadd/142/1429p090/legacysurvey-1429p090-nexp-g.fits.fz,2026-09-17T13:16:36.958026+00:00,200,"""2d000-5572c54b6d8c0""","Sun, 20 Aug 2017 09:53:15 GMT",184320,0,,,,,,METADATA_ONLY,,True,,
S6,,,,https://portal.nersc.gov/cfs/cosmo/data/legacysurvey/dr5/coadd/142/1429p090/legacysurvey-1429p090-nexp-r.fits.fz,https://portal.nersc.gov/cfs/cosmo/data/legacysurvey/dr5/coadd/142/1429p090/legacysurvey-1429p090-nexp-r.fits.fz,2026-09-17T13:16:38.759424+00:00,200,"""28140-5572c559bba80""","Sun, 20 Aug 2017 09:53:30 GMT",164160,0,,,,,,METADATA_ONLY,,True,,
S6,,,,https://portal.nersc.gov/cfs/cosmo/data/legacysurvey/dr5/coadd/142/1429p090/legacysurvey-1429p090-nexp-z.fits.fz,https://portal.nersc.gov/cfs/cosmo/data/legacysurvey/dr5/coadd/142/1429p090/legacysurvey-1429p090-nexp-z.fits.fz,2026-09-17T13:16:39.575933+00:00,200,"""25440-5572c571932c0""","Sun, 20 Aug 2017 09:53:55 GMT",152640,0,,,,,,METADATA_ONLY,,True,,
S6,,,,https://portal.nersc.gov/cfs/cosmo/data/legacysurvey/dr5/coadd/143/1432p090/legacysurvey-1432p090-nexp-g.fits.fz,https://portal.nersc.gov/cfs/cosmo/data/legacysurvey/dr5/coadd/143/1432p090/legacysurvey-1432p090-nexp-g.fits.fz,2026-09-17T13:16:40.288778+00:00,200,"""2a300-5572d153cbc40""","Sun, 20 Aug 2017 10:47:05 GMT",172800,0,,,,,,METADATA_ONLY,,True,,
S6,,,,https://portal.nersc.gov/cfs/cosmo/data/legacysurvey/dr5/coadd/143/1432p090/legacysurvey-1432p090-nexp-r.fits.fz,https://portal.nersc.gov/cfs/cosmo/data/legacysurvey/dr5/coadd/143/1432p090/legacysurvey-1432p090-nexp-r.fits.fz,2026-09-17T13:16:41.299111+00:00,200,"""27600-5572d164f64c0""","Sun, 20 Aug 2017 10:47:23 GMT",161280,0,,,,,,METADATA_ONLY,,True,,
S6,,,,https://portal.nersc.gov/cfs/cosmo/data/legacysurvey/dr5/coadd/143/1432p090/legacysurvey-1432p090-nexp-z.fits.fz,https://portal.nersc.gov/cfs/cosmo/data/legacysurvey/dr5/coadd/143/1432p090/legacysurvey-1432p090-nexp-z.fits.fz,2026-09-17T13:16:42.230014+00:00,200,"""28140-5572d1752cb00""","Sun, 20 Aug 2017 10:47:40 GMT",164160,0,,,,,,METADATA_ONLY,,True,,
S6,,,,https://portal.nersc.gov/cfs/cosmo/data/legacysurvey/dr5/coadd/145/1450p040/legacysurvey-1450p040-nexp-g.fits.fz,https://portal.nersc.gov/cfs/cosmo/data/legacysurvey/dr5/coadd/145/1450p040/legacysurvey-1450p040-nexp-g.fits.fz,2026-09-17T13:16:43.163506+00:00,200,"""210c0-5572fea356300""","Sun, 20 Aug 2017 14:09:48 GMT",135360,0,,,,,,METADATA_ONLY,,True,,
S6,,,,https://portal.nersc.gov/cfs/cosmo/data/legacysurvey/dr5/coadd/145/1450p040/legacysurvey-1450p040-nexp-r.fits.fz,https://portal.nersc.gov/cfs/cosmo/data/legacysurvey/dr5/coadd/145/1450p040/legacysurvey-1450p040-nexp-r.fits.fz,2026-09-17T13:16:43.992816+00:00,200,"""20580-5572feb38c940""","Sun, 20 Aug 2017 14:10:05 GMT",132480,0,,,,,,METADATA_ONLY,,True,,
S6,,,,https://portal.nersc.gov/cfs/cosmo/data/legacysurvey/dr5/coadd/145/1450p040/legacysurvey-1450p040-nexp-z.fits.fz,https://portal.nersc.gov/cfs/cosmo/data/legacysurvey/dr5/coadd/145/1450p040/legacysurvey-1450p040-nexp-z.fits.fz,2026-09-17T13:16:45.009293+00:00,200,"""25440-5572fec5ab400""","Sun, 20 Aug 2017 14:10:24 GMT",152640,0,,,,,,METADATA_ONLY,,True,,
S6,,,,https://portal.nersc.gov/cfs/cosmo/data/legacysurvey/dr5/coadd/145/1452p052/legacysurvey-1452p052-nexp-g.fits.fz,https://portal.nersc.gov/cfs/cosmo/data/legacysurvey/dr5/coadd/145/1452p052/legacysurvey-1452p052-nexp-g.fits.fz,2026-09-17T13:16:46.113088+00:00,200,"""28c80-557309184cec0""","Sun, 20 Aug 2017 14:56:35 GMT",167040,0,,,,,,METADATA_ONLY,,True,,
S6,,,,https://portal.nersc.gov/cfs/cosmo/data/legacysurvey/dr5/coadd/145/1452p052/legacysurvey-1452p052-nexp-r.fits.fz,https://portal.nersc.gov/cfs/cosmo/data/legacysurvey/dr5/coadd/145/1452p052/legacysurvey-1452p052-nexp-r.fits.fz,2026-09-17T13:16:47.470358+00:00,200,"""22740-5573092e3c280""","Sun, 20 Aug 2017 14:56:58 GMT",141120,0,,,,,,METADATA_ONLY,,True,,
S6,,,,https://portal.nersc.gov/cfs/cosmo/data/legacysurvey/dr5/coadd/145/1452p052/legacysurvey-1452p052-nexp-z.fits.fz,https://portal.nersc.gov/cfs/cosmo/data/legacysurvey/dr5/coadd/145/1452p052/legacysurvey-1452p052-nexp-z.fits.fz,2026-09-17T13:16:48.475595+00:00,200,"""22740-5573093b96200""","Sun, 20 Aug 2017 14:57:12 GMT",141120,0,,,,,,METADATA_ONLY,,True,,
S6,,,,https://portal.nersc.gov/cfs/cosmo/data/legacysurvey/dr5/coadd/146/1468m005/legacysurvey-1468m005-nexp-g.fits.fz,https://portal.nersc.gov/cfs/cosmo/data/legacysurvey/dr5/coadd/146/1468m005/legacysurvey-1468m005-nexp-g.fits.fz,2026-09-17T13:16:49.392199+00:00,200,"""459c0-5573301480900""","Sun, 20 Aug 2017 17:51:00 GMT",285120,0,,,,,,METADATA_ONLY,,True,,
S6,,,,https://portal.nersc.gov/cfs/cosmo/data/legacysurvey/dr5/coadd/146/1468m005/legacysurvey-1468m005-nexp-r.fits.fz,https://portal.nersc.gov/cfs/cosmo/data/legacysurvey/dr5/coadd/146/1468m005/legacysurvey-1468m005-nexp-r.fits.fz,2026-09-17T13:16:50.316356+00:00,200,"""2e680-55733025ab180""","Sun, 20 Aug 2017 17:51:18 GMT",190080,0,,,,,,METADATA_ONLY,,True,,
S6,,,,https://portal.nersc.gov/cfs/cosmo/data/legacysurvey/dr5/coadd/146/1468m005/legacysurvey-1468m005-nexp-z.fits.fz,https://portal.nersc.gov/cfs/cosmo/data/legacysurvey/dr5/coadd/146/1468m005/legacysurvey-1468m005-nexp-z.fits.fz,2026-09-17T13:16:55.948043+00:00,200,"""23dc0-557330311cc80""","Sun, 20 Aug 2017 17:51:30 GMT",146880,0,,,,,,METADATA_ONLY,,True,,
S6,,,,https://portal.nersc.gov/cfs/cosmo/data/legacysurvey/dr5/coadd/147/1474p267/legacysurvey-1474p267-nexp-g.fits.fz,https://portal.nersc.gov/cfs/cosmo/data/legacysurvey/dr5/coadd/147/1474p267/legacysurvey-1474p267-nexp-g.fits.fz,2026-09-17T13:16:56.625300+00:00,200,"""19500-5573302e405c0""","Sun, 20 Aug 2017 17:51:27 GMT",103680,0,,,,,,METADATA_ONLY,,True,,
S6,,,,https://portal.nersc.gov/cfs/cosmo/data/legacysurvey/dr5/coadd/147/1474p267/legacysurvey-1474p267-nexp-r.fits.fz,https://portal.nersc.gov/cfs/cosmo/data/legacysurvey/dr5/coadd/147/1474p267/legacysurvey-1474p267-nexp-r.fits.fz,2026-09-17T13:16:57.911636+00:00,200,"""19500-55733038bde80""","Sun, 20 Aug 2017 17:51:38 GMT",103680,0,,,,,,METADATA_ONLY,,True,,
S6,,,,https://portal.nersc.gov/cfs/cosmo/data/legacysurvey/dr5/coadd/147/1474p267/legacysurvey-1474p267-nexp-z.fits.fz,https://portal.nersc.gov/cfs/cosmo/data/legacysurvey/dr5/coadd/147/1474p267/legacysurvey-1474p267-nexp-z.fits.fz,2026-09-17T13:16:58.998697+00:00,200,"""1d880-55733048f44c0""","Sun, 20 Aug 2017 17:51:55 GMT",120960,0,,,,,,METADATA_ONLY,,True,,
S6,,,,https://portal.nersc.gov/cfs/cosmo/data/legacysurvey/dr5/coadd/150/1503m027/legacysurvey-1503m027-nexp-g.fits.fz,https://portal.nersc.gov/cfs/cosmo/data/legacysurvey/dr5/coadd/150/1503m027/legacysurvey-1503m027-nexp-g.fits.fz,2026-09-17T13:17:00.155925+00:00,200,"""30840-5573a120b3f80""","Mon, 21 Aug 2017 02:16:46 GMT",198720,0,,,,,,METADATA_ONLY,,True,,
S6,,,,https://portal.nersc.gov/cfs/cosmo/data/legacysurvey/dr5/coadd/150/1503m027/legacysurvey-1503m027-nexp-r.fits.fz,https://portal.nersc.gov/cfs/cosmo/data/legacysurvey/dr5/coadd/150/1503m027/legacysurvey-1503m027-nexp-r.fits.fz,2026-09-17T13:17:01.671958+00:00,200,"""2c4c0-5573a1397fa00""","Mon, 21 Aug 2017 02:17:12 GMT",181440,0,,,,,,METADATA_ONLY,,True,,
S6,,,,https://portal.nersc.gov/cfs/cosmo/data/legacysurvey/dr5/coadd/150/1503m027/legacysurvey-1503m027-nexp-z.fits.fz,https://portal.nersc.gov/cfs/cosmo/data/legacysurvey/dr5/coadd/150/1503m027/legacysurvey-1503m027-nexp-z.fits.fz,2026-09-17T13:17:02.992560+00:00,200,"""1fa40-5573a147cdbc0""","Mon, 21 Aug 2017 02:17:27 GMT",129600,0,,,,,,METADATA_ONLY,,True,,
S6,,,,https://portal.nersc.gov/cfs/cosmo/data/legacysurvey/dr5/coadd/152/1521m007/legacysurvey-1521m007-nexp-g.fits.fz,https://portal.nersc.gov/cfs/cosmo/data/legacysurvey/dr5/coadd/152/1521m007/legacysurvey-1521m007-nexp-g.fits.fz,2026-09-17T13:17:08.878523+00:00,200,"""33540-5573d8145a540""","Mon, 21 Aug 2017 06:22:37 GMT",210240,0,,,,,,METADATA_ONLY,,True,,
S6,,,,https://portal.nersc.gov/cfs/cosmo/data/legacysurvey/dr5/coadd/152/1521m007/legacysurvey-1521m007-nexp-r.fits.fz,https://portal.nersc.gov/cfs/cosmo/data/legacysurvey/dr5/coadd/152/1521m007/legacysurvey-1521m007-nexp-r.fits.fz,2026-09-17T13:17:10.134312+00:00,200,"""27600-5573d81cef980""","Mon, 21 Aug 2017 06:22:46 GMT",161280,0,,,,,,METADATA_ONLY,,True,,
S6,,,,https://portal.nersc.gov/cfs/cosmo/data/legacysurvey/dr5/coadd/152/1521m007/legacysurvey-1521m007-nexp-z.fits.fz,https://portal.nersc.gov/cfs/cosmo/data/legacysurvey/dr5/coadd/152/1521m007/legacysurvey-1521m007-nexp-z.fits.fz,2026-09-17T13:17:11.917570+00:00,200,"""34bc0-5573d83c683c0""","Mon, 21 Aug 2017 06:23:19 GMT",216000,0,,,,,,METADATA_ONLY,,True,,
S6,,,,https://portal.nersc.gov/cfs/cosmo/data/legacysurvey/dr5/coadd/152/1522p095/legacysurvey-1522p095-nexp-g.fits.fz,https://portal.nersc.gov/cfs/cosmo/data/legacysurvey/dr5/coadd/152/1522p095/legacysurvey-1522p095-nexp-g.fits.fz,2026-09-17T13:17:12.984203+00:00,200,"""16800-5573a4a5ecdc0""","Mon, 21 Aug 2017 02:32:31 GMT",92160,0,,,,,,METADATA_ONLY,,True,,
S6,,,,https://portal.nersc.gov/cfs/cosmo/data/legacysurvey/dr5/coadd/152/1522p095/legacysurvey-1522p095-nexp-r.fits.fz,https://portal.nersc.gov/cfs/cosmo/data/legacysurvey/dr5/coadd/152/1522p095/legacysurvey-1522p095-nexp-r.fits.fz,2026-09-17T13:17:13.668228+00:00,200,"""17340-5573a4ae82200""","Mon, 21 Aug 2017 02:32:40 GMT",95040,0,,,,,,METADATA_ONLY,,True,,
S6,,,,https://portal.nersc.gov/cfs/cosmo/data/legacysurvey/dr5/coadd/152/1522p095/legacysurvey-1522p095-nexp-z.fits.fz,https://portal.nersc.gov/cfs/cosmo/data/legacysurvey/dr5/coadd/152/1522p095/legacysurvey-1522p095-nexp-z.fits.fz,2026-09-17T13:17:14.422532+00:00,200,"""1c200-5573a4bcd03c0""","Mon, 21 Aug 2017 02:32:55 GMT",115200,0,,,,,,METADATA_ONLY,,True,,
S6,,,,https://portal.nersc.gov/cfs/cosmo/data/legacysurvey/dr5/coadd/155/1552p067/legacysurvey-1552p067-nexp-g.fits.fz,https://portal.nersc.gov/cfs/cosmo/data/legacysurvey/dr5/coadd/155/1552p067/legacysurvey-1552p067-nexp-g.fits.fz,2026-09-17T13:17:15.528437+00:00,200,"""17340-5573f3f2ca580""","Mon, 21 Aug 2017 08:27:18 GMT",95040,0,,,,,,METADATA_ONLY,,True,,
S6,,,,https://portal.nersc.gov/cfs/cosmo/data/legacysurvey/dr5/coadd/155/1552p067/legacysurvey-1552p067-nexp-r.fits.fz,https://portal.nersc.gov/cfs/cosmo/data/legacysurvey/dr5/coadd/155/1552p067/legacysurvey-1552p067-nexp-r.fits.fz,2026-09-17T13:17:16.577482+00:00,200,"""15cc0-5573f3fb5f9c0""","Mon, 21 Aug 2017 08:27:27 GMT",89280,0,,,,,,METADATA_ONLY,,True,,
S6,,,,https://portal.nersc.gov/cfs/cosmo/data/legacysurvey/dr5/coadd/155/1552p067/legacysurvey-1552p067-nexp-z.fits.fz,https://portal.nersc.gov/cfs/cosmo/data/legacysurvey/dr5/coadd/155/1552p067/legacysurvey-1552p067-nexp-z.fits.fz,2026-09-17T13:17:18.364405+00:00,200,"""189c0-5573f405dd280""","Mon, 21 Aug 2017 08:27:38 GMT",100800,0,,,,,,METADATA_ONLY,,True,,
S6,,,,https://portal.nersc.gov/cfs/cosmo/data/legacysurvey/dr5/coadd/155/1552p070/legacysurvey-1552p070-nexp-g.fits.fz,https://portal.nersc.gov/cfs/cosmo/data/legacysurvey/dr5/coadd/155/1552p070/legacysurvey-1552p070-nexp-g.fits.fz,2026-09-17T13:17:19.726294+00:00,200,"""1cd40-5573f859146c0""","Mon, 21 Aug 2017 08:46:59 GMT",118080,0,,,,,,METADATA_ONLY,,True,,
S6,,,,https://portal.nersc.gov/cfs/cosmo/data/legacysurvey/dr5/coadd/155/1552p070/legacysurvey-1552p070-nexp-r.fits.fz,https://portal.nersc.gov/cfs/cosmo/data/legacysurvey/dr5/coadd/155/1552p070/legacysurvey-1552p070-nexp-r.fits.fz,2026-09-17T13:17:20.781393+00:00,200,"""1c200-5573f864861c0""","Mon, 21 Aug 2017 08:47:11 GMT",115200,0,,,,,,METADATA_ONLY,,True,,
S6,,,,https://portal.nersc.gov/cfs/cosmo/data/legacysurvey/dr5/coadd/155/1552p070/legacysurvey-1552p070-nexp-z.fits.fz,https://portal.nersc.gov/cfs/cosmo/data/legacysurvey/dr5/coadd/155/1552p070/legacysurvey-1552p070-nexp-z.fits.fz,2026-09-17T13:17:21.761097+00:00,200,"""210c0-5573f871e0140""","Mon, 21 Aug 2017 08:47:25 GMT",135360,0,,,,,,METADATA_ONLY,,True,,
S6,,,,https://portal.nersc.gov/cfs/cosmo/data/legacysurvey/dr5/coadd/156/1560m032/legacysurvey-1560m032-nexp-g.fits.fz,https://portal.nersc.gov/cfs/cosmo/data/legacysurvey/dr5/coadd/156/1560m032/legacysurvey-1560m032-nexp-g.fits.fz,2026-09-17T13:17:22.908935+00:00,200,"""17e80-5574188f80680""","Mon, 21 Aug 2017 11:11:06 GMT",97920,0,,,,,,METADATA_ONLY,,True,,
S6,,,,https://portal.nersc.gov/cfs/cosmo/data/legacysurvey/dr5/coadd/156/1560m032/legacysurvey-1560m032-nexp-r.fits.fz,https://portal.nersc.gov/cfs/cosmo/data/legacysurvey/dr5/coadd/156/1560m032/legacysurvey-1560m032-nexp-r.fits.fz,2026-09-17T13:17:23.826144+00:00,200,"""1d880-5574189be63c0""","Mon, 21 Aug 2017 11:11:19 GMT",120960,0,,,,,,METADATA_ONLY,,True,,
S6,,,,https://portal.nersc.gov/cfs/cosmo/data/legacysurvey/dr5/coadd/156/1560m032/legacysurvey-1560m032-nexp-z.fits.fz,https://portal.nersc.gov/cfs/cosmo/data/legacysurvey/dr5/coadd/156/1560m032/legacysurvey-1560m032-nexp-z.fits.fz,2026-09-17T13:17:25.478481+00:00,200,"""20580-557418aa34580""","Mon, 21 Aug 2017 11:11:34 GMT",132480,0,,,,,,METADATA_ONLY,,True,,
S6,,,,https://portal.nersc.gov/cfs/cosmo/data/legacysurvey/dr5/coadd/156/1561p165/legacysurvey-1561p165-nexp-g.fits.fz,https://portal.nersc.gov/cfs/cosmo/data/legacysurvey/dr5/coadd/156/1561p165/legacysurvey-1561p165-nexp-g.fits.fz,2026-09-17T13:17:26.805643+00:00,200,"""16800-557b60c9f8ac0""","Sun, 27 Aug 2017 06:11:31 GMT",92160,0,,,,,,METADATA_ONLY,,True,,
S6,,,,https://portal.nersc.gov/cfs/cosmo/data/legacysurvey/dr5/coadd/156/1561p165/legacysurvey-1561p165-nexp-r.fits.fz,https://portal.nersc.gov/cfs/cosmo/data/legacysurvey/dr5/coadd/156/1561p165/legacysurvey-1561p165-nexp-r.fits.fz,2026-09-17T13:17:28.610776+00:00,200,"""28140-557b60dfe7e80""","Sun, 27 Aug 2017 06:11:54 GMT",164160,0,,,,,,METADATA_ONLY,,True,,
S6,,,,https://portal.nersc.gov/cfs/cosmo/data/legacysurvey/dr5/coadd/156/1561p165/legacysurvey-1561p165-nexp-z.fits.fz,https://portal.nersc.gov/cfs/cosmo/data/legacysurvey/dr5/coadd/156/1561p165/legacysurvey-1561p165-nexp-z.fits.fz,2026-09-17T13:17:29.644174+00:00,200,"""1a040-557b60eb59980""","Sun, 27 Aug 2017 06:12:06 GMT",106560,0,,,,,,METADATA_ONLY,,True,,
S6,,,,https://portal.nersc.gov/cfs/cosmo/data/legacysurvey/dr5/coadd/156/1563m032/legacysurvey-1563m032-nexp-g.fits.fz,https://portal.nersc.gov/cfs/cosmo/data/legacysurvey/dr5/coadd/156/1563m032/legacysurvey-1563m032-nexp-g.fits.fz,2026-09-17T13:17:30.847310+00:00,200,"""1b6c0-55742204e1740""","Mon, 21 Aug 2017 11:53:25 GMT",112320,0,,,,,,METADATA_ONLY,,True,,
S6,,,,https://portal.nersc.gov/cfs/cosmo/data/legacysurvey/dr5/coadd/156/1563m032/legacysurvey-1563m032-nexp-r.fits.fz,https://portal.nersc.gov/cfs/cosmo/data/legacysurvey/dr5/coadd/156/1563m032/legacysurvey-1563m032-nexp-r.fits.fz,2026-09-17T13:17:31.733530+00:00,200,"""23dc0-55742217f4440""","Mon, 21 Aug 2017 11:53:45 GMT",146880,0,,,,,,METADATA_ONLY,,True,,
S6,,,,https://portal.nersc.gov/cfs/cosmo/data/legacysurvey/dr5/coadd/156/1563m032/legacysurvey-1563m032-nexp-z.fits.fz,https://portal.nersc.gov/cfs/cosmo/data/legacysurvey/dr5/coadd/156/1563m032/legacysurvey-1563m032-nexp-z.fits.fz,2026-09-17T13:17:33.744221+00:00,200,"""23280-557422282aa80""","Mon, 21 Aug 2017 11:54:02 GMT",144000,0,,,,,,METADATA_ONLY,,True,,
S6,,,,https://portal.nersc.gov/cfs/cosmo/data/legacysurvey/dr5/coadd/157/1570p037/legacysurvey-1570p037-nexp-g.fits.fz,https://portal.nersc.gov/cfs/cosmo/data/legacysurvey/dr5/coadd/157/1570p037/legacysurvey-1570p037-nexp-g.fits.fz,2026-09-17T13:17:34.707149+00:00,200,"""1cd40-5574488ad3a80""","Mon, 21 Aug 2017 14:45:46 GMT",118080,0,,,,,,METADATA_ONLY,,True,,
S6,,,,https://portal.nersc.gov/cfs/cosmo/data/legacysurvey/dr5/coadd/157/1570p037/legacysurvey-1570p037-nexp-r.fits.fz,https://portal.nersc.gov/cfs/cosmo/data/legacysurvey/dr5/coadd/157/1570p037/legacysurvey-1570p037-nexp-r.fits.fz,2026-09-17T13:17:35.666970+00:00,200,"""1ab80-5574489551340""","Mon, 21 Aug 2017 14:45:57 GMT",109440,0,,,,,,METADATA_ONLY,,True,,
S6,,,,https://portal.nersc.gov/cfs/cosmo/data/legacysurvey/dr5/coadd/157/1570p037/legacysurvey-1570p037-nexp-z.fits.fz,https://portal.nersc.gov/cfs/cosmo/data/legacysurvey/dr5/coadd/157/1570p037/legacysurvey-1570p037-nexp-z.fits.fz,2026-09-17T13:17:38.148193+00:00,200,"""28c80-557448a67bbc0""","Mon, 21 Aug 2017 14:46:15 GMT",167040,0,,,,,,METADATA_ONLY,,True,,
S6,,,,https://portal.nersc.gov/cfs/cosmo/data/legacysurvey/dr5/coadd/162/1627p322/legacysurvey-1627p322-nexp-g.fits.fz,https://portal.nersc.gov/cfs/cosmo/data/legacysurvey/dr5/coadd/162/1627p322/legacysurvey-1627p322-nexp-g.fits.fz,2026-09-17T13:17:39.355656+00:00,200,"""13b00-5574a33a1ee40""","Mon, 21 Aug 2017 21:31:29 GMT",80640,0,,,,,,METADATA_ONLY,,True,,
S6,,,,https://portal.nersc.gov/cfs/cosmo/data/legacysurvey/dr5/coadd/162/1627p322/legacysurvey-1627p322-nexp-r.fits.fz,https://portal.nersc.gov/cfs/cosmo/data/legacysurvey/dr5/coadd/162/1627p322/legacysurvey-1627p322-nexp-r.fits.fz,2026-09-17T13:17:40.214648+00:00,200,"""15cc0-5574a343a84c0""","Mon, 21 Aug 2017 21:31:39 GMT",89280,0,,,,,,METADATA_ONLY,,True,,
S6,,,,https://portal.nersc.gov/cfs/cosmo/data/legacysurvey/dr5/coadd/162/1627p322/legacysurvey-1627p322-nexp-z.fits.fz,https://portal.nersc.gov/cfs/cosmo/data/legacysurvey/dr5/coadd/162/1627p322/legacysurvey-1627p322-nexp-z.fits.fz,2026-09-17T13:17:41.216826+00:00,200,"""1d880-5574a352ea8c0""","Mon, 21 Aug 2017 21:31:55 GMT",120960,0,,,,,,METADATA_ONLY,,True,,
S6,,,,https://portal.nersc.gov/cfs/cosmo/data/legacysurvey/dr5/coadd/162/1627p325/legacysurvey-1627p325-nexp-g.fits.fz,https://portal.nersc.gov/cfs/cosmo/data/legacysurvey/dr5/coadd/162/1627p325/legacysurvey-1627p325-nexp-g.fits.fz,2026-09-17T13:17:42.350786+00:00,200,"""12480-55749fd182380""","Mon, 21 Aug 2017 21:16:14 GMT",74880,0,,,,,,METADATA_ONLY,,True,,
S6,,,,https://portal.nersc.gov/cfs/cosmo/data/legacysurvey/dr5/coadd/162/1627p325/legacysurvey-1627p325-nexp-r.fits.fz,https://portal.nersc.gov/cfs/cosmo/data/legacysurvey/dr5/coadd/162/1627p325/legacysurvey-1627p325-nexp-r.fits.fz,2026-09-17T13:17:45.749647+00:00,200,"""15180-55749fd923580""","Mon, 21 Aug 2017 21:16:22 GMT",86400,0,,,,,,METADATA_ONLY,,True,,
S6,,,,https://portal.nersc.gov/cfs/cosmo/data/legacysurvey/dr5/coadd/162/1627p325/legacysurvey-1627p325-nexp-z.fits.fz,https://portal.nersc.gov/cfs/cosmo/data/legacysurvey/dr5/coadd/162/1627p325/legacysurvey-1627p325-nexp-z.fits.fz,2026-09-17T13:17:49.610610+00:00,200,"""1b6c0-55749fe3a0e40""","Mon, 21 Aug 2017 21:16:33 GMT",112320,0,,,,,,METADATA_ONLY,,True,,
S6,,,,https://portal.nersc.gov/cfs/cosmo/data/legacysurvey/dr5/coadd/163/1635p122/legacysurvey-1635p122-nexp-g.fits.fz,https://portal.nersc.gov/cfs/cosmo/data/legacysurvey/dr5/coadd/163/1635p122/legacysurvey-1635p122-nexp-g.fits.fz,2026-09-17T13:17:50.341473+00:00,200,"""14640-5574aac82c140""","Mon, 21 Aug 2017 22:05:17 GMT",83520,0,,,,,,METADATA_ONLY,,True,,
S6,,,,https://portal.nersc.gov/cfs/cosmo/data/legacysurvey/dr5/coadd/163/1635p122/legacysurvey-1635p122-nexp-r.fits.fz,https://portal.nersc.gov/cfs/cosmo/data/legacysurvey/dr5/coadd/163/1635p122/legacysurvey-1635p122-nexp-r.fits.fz,2026-09-17T13:17:51.337116+00:00,200,"""13b00-5574aacde4ec0""","Mon, 21 Aug 2017 22:05:23 GMT",80640,0,,,,,,METADATA_ONLY,,True,,
S6,,,,https://portal.nersc.gov/cfs/cosmo/data/legacysurvey/dr5/coadd/163/1635p122/legacysurvey-1635p122-nexp-z.fits.fz,https://portal.nersc.gov/cfs/cosmo/data/legacysurvey/dr5/coadd/163/1635p122/legacysurvey-1635p122-nexp-z.fits.fz,2026-09-17T13:17:52.827728+00:00,200,"""1e3c0-5574aadc33080""","Mon, 21 Aug 2017 22:05:38 GMT",123840,0,,,,,,METADATA_ONLY,,True,,
S6,,,,https://portal.nersc.gov/cfs/cosmo/data/legacysurvey/dr5/coadd/163/1637p122/legacysurvey-1637p122-nexp-g.fits.fz,https://portal.nersc.gov/cfs/cosmo/data/legacysurvey/dr5/coadd/163/1637p122/legacysurvey-1637p122-nexp-g.fits.fz,2026-09-17T13:17:53.981624+00:00,200,"""12fc0-5574ae0d7f8c0""","Mon, 21 Aug 2017 22:19:55 GMT",77760,0,,,,,,METADATA_ONLY,,True,,
S6,,,,https://portal.nersc.gov/cfs/cosmo/data/legacysurvey/dr5/coadd/163/1637p122/legacysurvey-1637p122-nexp-r.fits.fz,https://portal.nersc.gov/cfs/cosmo/data/legacysurvey/dr5/coadd/163/1637p122/legacysurvey-1637p122-nexp-r.fits.fz,2026-09-17T13:17:55.502434+00:00,200,"""12fc0-5574ae1338640""","Mon, 21 Aug 2017 22:20:01 GMT",77760,0,,,,,,METADATA_ONLY,,True,,
S6,,,,https://portal.nersc.gov/cfs/cosmo/data/legacysurvey/dr5/coadd/163/1637p122/legacysurvey-1637p122-nexp-z.fits.fz,https://portal.nersc.gov/cfs/cosmo/data/legacysurvey/dr5/coadd/163/1637p122/legacysurvey-1637p122-nexp-z.fits.fz,2026-09-17T13:17:56.575559+00:00,200,"""1cd40-5574ae2186800""","Mon, 21 Aug 2017 22:20:16 GMT",118080,0,,,,,,METADATA_ONLY,,True,,
S6,,,,https://portal.nersc.gov/cfs/cosmo/data/legacysurvey/dr5/coadd/165/1656p092/legacysurvey-1656p092-nexp-g.fits.fz,https://portal.nersc.gov/cfs/cosmo/data/legacysurvey/dr5/coadd/165/1656p092/legacysurvey-1656p092-nexp-g.fits.fz,2026-09-17T13:17:58.014304+00:00,200,"""15180-5574cda784780""","Tue, 22 Aug 2017 00:41:18 GMT",86400,0,,,,,,METADATA_ONLY,,True,,
S6,,,,https://portal.nersc.gov/cfs/cosmo/data/legacysurvey/dr5/coadd/165/1656p092/legacysurvey-1656p092-nexp-r.fits.fz,https://portal.nersc.gov/cfs/cosmo/data/legacysurvey/dr5/coadd/165/1656p092/legacysurvey-1656p092-nexp-r.fits.fz,2026-09-17T13:17:58.774434+00:00,200,"""189c0-5574cdb3ea4c0""","Tue, 22 Aug 2017 00:41:31 GMT",100800,0,,,,,,METADATA_ONLY,,True,,
S6,,,,https://portal.nersc.gov/cfs/cosmo/data/legacysurvey/dr5/coadd/165/1656p092/legacysurvey-1656p092-nexp-z.fits.fz,https://portal.nersc.gov/cfs/cosmo/data/legacysurvey/dr5/coadd/165/1656p092/legacysurvey-1656p092-nexp-z.fits.fz,2026-09-17T13:17:59.723760+00:00,200,"""24900-5574cdc32c8c0""","Tue, 22 Aug 2017 00:41:47 GMT",149760,0,,,,,,METADATA_ONLY,,True,,
S6,,,,https://portal.nersc.gov/cfs/cosmo/data/legacysurvey/dr5/coadd/165/1659p092/legacysurvey-1659p092-nexp-g.fits.fz,https://portal.nersc.gov/cfs/cosmo/data/legacysurvey/dr5/coadd/165/1659p092/legacysurvey-1659p092-nexp-g.fits.fz,2026-09-17T13:18:00.677290+00:00,200,"""12fc0-5574d0c2e1c00""","Tue, 22 Aug 2017 00:55:12 GMT",77760,0,,,,,,METADATA_ONLY,,True,,
S6,,,,https://portal.nersc.gov/cfs/cosmo/data/legacysurvey/dr5/coadd/165/1659p092/legacysurvey-1659p092-nexp-r.fits.fz,https://portal.nersc.gov/cfs/cosmo/data/legacysurvey/dr5/coadd/165/1659p092/legacysurvey-1659p092-nexp-r.fits.fz,2026-09-17T13:18:01.369181+00:00,200,"""189c0-5574d0cb77040""","Tue, 22 Aug 2017 00:55:21 GMT",100800,0,,,,,,METADATA_ONLY,,True,,
S6,,,,https://portal.nersc.gov/cfs/cosmo/data/legacysurvey/dr5/coadd/165/1659p092/legacysurvey-1659p092-nexp-z.fits.fz,https://portal.nersc.gov/cfs/cosmo/data/legacysurvey/dr5/coadd/165/1659p092/legacysurvey-1659p092-nexp-z.fits.fz,2026-09-17T13:18:02.306896+00:00,200,"""25f80-5574d0dd95b00""","Tue, 22 Aug 2017 00:55:40 GMT",155520,0,,,,,,METADATA_ONLY,,True,,
S6,,,,https://portal.nersc.gov/cfs/cosmo/data/legacysurvey/dr5/coadd/166/1662p137/legacysurvey-1662p137-nexp-g.fits.fz,https://portal.nersc.gov/cfs/cosmo/data/legacysurvey/dr5/coadd/166/1662p137/legacysurvey-1662p137-nexp-g.fits.fz,2026-09-17T13:18:03.109419+00:00,200,"""14640-5574d00519c40""","Tue, 22 Aug 2017 00:51:53 GMT",83520,0,,,,,,METADATA_ONLY,,True,,
S6,,,,https://portal.nersc.gov/cfs/cosmo/data/legacysurvey/dr5/coadd/166/1662p137/legacysurvey-1662p137-nexp-r.fits.fz,https://portal.nersc.gov/cfs/cosmo/data/legacysurvey/dr5/coadd/166/1662p137/legacysurvey-1662p137-nexp-r.fits.fz,2026-09-17T13:18:03.767511+00:00,200,"""12fc0-5574d00bc6c00""","Tue, 22 Aug 2017 00:52:00 GMT",77760,0,,,,,,METADATA_ONLY,,True,,
S6,,,,https://portal.nersc.gov/cfs/cosmo/data/legacysurvey/dr5/coadd/166/1662p137/legacysurvey-1662p137-nexp-z.fits.fz,https://portal.nersc.gov/cfs/cosmo/data/legacysurvey/dr5/coadd/166/1662p137/legacysurvey-1662p137-nexp-z.fits.fz,2026-09-17T13:18:04.467222+00:00,200,"""210c0-5574d01b09000""","Tue, 22 Aug 2017 00:52:16 GMT",135360,0,,,,,,METADATA_ONLY,,True,,
S6,,,,https://portal.nersc.gov/cfs/cosmo/data/legacysurvey/dr5/coadd/167/1671p000/legacysurvey-1671p000-nexp-g.fits.fz,https://portal.nersc.gov/cfs/cosmo/data/legacysurvey/dr5/coadd/167/1671p000/legacysurvey-1671p000-nexp-g.fits.fz,2026-09-17T13:18:11.503974+00:00,200,"""38400-55750f2334600""","Tue, 22 Aug 2017 05:34:16 GMT",230400,0,,,,,,METADATA_ONLY,,True,,
S6,,,,https://portal.nersc.gov/cfs/cosmo/data/legacysurvey/dr5/coadd/167/1671p000/legacysurvey-1671p000-nexp-r.fits.fz,https://portal.nersc.gov/cfs/cosmo/data/legacysurvey/dr5/coadd/167/1671p000/legacysurvey-1671p000-nexp-r.fits.fz,2026-09-17T13:18:12.406438+00:00,200,"""22740-55750f3276a00""","Tue, 22 Aug 2017 05:34:32 GMT",141120,0,,,,,,METADATA_ONLY,,True,,
S6,,,,https://portal.nersc.gov/cfs/cosmo/data/legacysurvey/dr5/coadd/167/1671p000/legacysurvey-1671p000-nexp-z.fits.fz,https://portal.nersc.gov/cfs/cosmo/data/legacysurvey/dr5/coadd/167/1671p000/legacysurvey-1671p000-nexp-z.fits.fz,2026-09-17T13:18:13.379384+00:00,200,"""26ac0-55750f4589700""","Tue, 22 Aug 2017 05:34:52 GMT",158400,0,,,,,,METADATA_ONLY,,True,,
S6,,,,https://portal.nersc.gov/cfs/cosmo/data/legacysurvey/dr5/coadd/167/1679p307/legacysurvey-1679p307-nexp-g.fits.fz,https://portal.nersc.gov/cfs/cosmo/data/legacysurvey/dr5/coadd/167/1679p307/legacysurvey-1679p307-nexp-g.fits.fz,2026-09-17T13:18:14.274901+00:00,200,"""13b00-5574e654a7f80""","Tue, 22 Aug 2017 02:31:42 GMT",80640,0,,,,,,METADATA_ONLY,,True,,
S6,,,,https://portal.nersc.gov/cfs/cosmo/data/legacysurvey/dr5/coadd/167/1679p307/legacysurvey-1679p307-nexp-r.fits.fz,https://portal.nersc.gov/cfs/cosmo/data/legacysurvey/dr5/coadd/167/1679p307/legacysurvey-1679p307-nexp-r.fits.fz,2026-09-17T13:18:14.981246+00:00,200,"""17e80-5574e65d3d3c0""","Tue, 22 Aug 2017 02:31:51 GMT",97920,0,,,,,,METADATA_ONLY,,True,,
S6,,,,https://portal.nersc.gov/cfs/cosmo/data/legacysurvey/dr5/coadd/167/1679p307/legacysurvey-1679p307-nexp-z.fits.fz,https://portal.nersc.gov/cfs/cosmo/data/legacysurvey/dr5/coadd/167/1679p307/legacysurvey-1679p307-nexp-z.fits.fz,2026-09-17T13:18:15.904497+00:00,200,"""26ac0-5574e66f5be80""","Tue, 22 Aug 2017 02:32:10 GMT",158400,0,,,,,,METADATA_ONLY,,True,,
S6,,,,https://portal.nersc.gov/cfs/cosmo/data/legacysurvey/dr5/coadd/171/1710p257/legacysurvey-1710p257-nexp-g.fits.fz,https://portal.nersc.gov/cfs/cosmo/data/legacysurvey/dr5/coadd/171/1710p257/legacysurvey-1710p257-nexp-g.fits.fz,2026-09-17T13:18:16.728377+00:00,200,"""12480-559074b359840""","Wed, 13 Sep 2017 00:32:25 GMT",74880,0,,,,,,METADATA_ONLY,,True,,
S6,,,,https://portal.nersc.gov/cfs/cosmo/data/legacysurvey/dr5/coadd/171/1710p257/legacysurvey-1710p257-nexp-r.fits.fz,https://portal.nersc.gov/cfs/cosmo/data/legacysurvey/dr5/coadd/171/1710p257/legacysurvey-1710p257-nexp-r.fits.fz,2026-09-17T13:18:18.129024+00:00,200,"""12480-559074b9125c0""","Wed, 13 Sep 2017 00:32:31 GMT",74880,0,,,,,,METADATA_ONLY,,True,,
S6,,,,https://portal.nersc.gov/cfs/cosmo/data/legacysurvey/dr5/coadd/171/1710p257/legacysurvey-1710p257-nexp-z.fits.fz,https://portal.nersc.gov/cfs/cosmo/data/legacysurvey/dr5/coadd/171/1710p257/legacysurvey-1710p257-nexp-z.fits.fz,2026-09-17T13:18:18.987330+00:00,200,"""1ef00-559074c66c540""","Wed, 13 Sep 2017 00:32:45 GMT",126720,0,,,,,,METADATA_ONLY,,True,,
S6,,,,https://portal.nersc.gov/cfs/cosmo/data/legacysurvey/dr5/coadd/172/1720m057/legacysurvey-1720m057-nexp-g.fits.fz,https://portal.nersc.gov/cfs/cosmo/data/legacysurvey/dr5/coadd/172/1720m057/legacysurvey-1720m057-nexp-g.fits.fz,2026-09-17T13:18:20.222523+00:00,200,"""17e80-557516cce9a40""","Tue, 22 Aug 2017 06:08:33 GMT",97920,0,,,,,,METADATA_ONLY,,True,,
S6,,,,https://portal.nersc.gov/cfs/cosmo/data/legacysurvey/dr5/coadd/172/1720m057/legacysurvey-1720m057-nexp-r.fits.fz,https://portal.nersc.gov/cfs/cosmo/data/legacysurvey/dr5/coadd/172/1720m057/legacysurvey-1720m057-nexp-r.fits.fz,2026-09-17T13:18:21.030690+00:00,200,"""1b6c0-557516d6730c0""","Tue, 22 Aug 2017 06:08:43 GMT",112320,0,,,,,,METADATA_ONLY,,True,,
S6,,,,https://portal.nersc.gov/cfs/cosmo/data/legacysurvey/dr5/coadd/172/1720m057/legacysurvey-1720m057-nexp-z.fits.fz,https://portal.nersc.gov/cfs/cosmo/data/legacysurvey/dr5/coadd/172/1720m057/legacysurvey-1720m057-nexp-z.fits.fz,2026-09-17T13:18:21.981695+00:00,200,"""1cd40-557516e1e4bc0""","Tue, 22 Aug 2017 06:08:55 GMT",118080,0,,,,,,METADATA_ONLY,,True,,
S6,,,,https://portal.nersc.gov/cfs/cosmo/data/legacysurvey/dr5/coadd/172/1721p197/legacysurvey-1721p197-nexp-g.fits.fz,https://portal.nersc.gov/cfs/cosmo/data/legacysurvey/dr5/coadd/172/1721p197/legacysurvey-1721p197-nexp-g.fits.fz,2026-09-17T13:18:22.904309+00:00,200,"""17340-557512da04940""","Tue, 22 Aug 2017 05:50:53 GMT",95040,0,,,,,,METADATA_ONLY,,True,,
S6,,,,https://portal.nersc.gov/cfs/cosmo/data/legacysurvey/dr5/coadd/172/1721p197/legacysurvey-1721p197-nexp-r.fits.fz,https://portal.nersc.gov/cfs/cosmo/data/legacysurvey/dr5/coadd/172/1721p197/legacysurvey-1721p197-nexp-r.fits.fz,2026-09-17T13:18:24.087096+00:00,200,"""17e80-557512e299d80""","Tue, 22 Aug 2017 05:51:02 GMT",97920,0,,,,,,METADATA_ONLY,,True,,
S6,,,,https://portal.nersc.gov/cfs/cosmo/data/legacysurvey/dr5/coadd/172/1721p197/legacysurvey-1721p197-nexp-z.fits.fz,https://portal.nersc.gov/cfs/cosmo/data/legacysurvey/dr5/coadd/172/1721p197/legacysurvey-1721p197-nexp-z.fits.fz,2026-09-17T13:18:25.217687+00:00,200,"""28140-557512f1dc180""","Tue, 22 Aug 2017 05:51:18 GMT",164160,0,,,,,,METADATA_ONLY,,True,,
S6,,,,https://portal.nersc.gov/cfs/cosmo/data/legacysurvey/dr5/coadd/172/1721p200/legacysurvey-1721p200-nexp-g.fits.fz,https://portal.nersc.gov/cfs/cosmo/data/legacysurvey/dr5/coadd/172/1721p200/legacysurvey-1721p200-nexp-g.fits.fz,2026-09-17T13:18:26.352619+00:00,200,"""11940-55750ecf48000""","Tue, 22 Aug 2017 05:32:48 GMT",72000,0,,,,,,METADATA_ONLY,,True,,
S6,,,,https://portal.nersc.gov/cfs/cosmo/data/legacysurvey/dr5/coadd/172/1721p200/legacysurvey-1721p200-nexp-r.fits.fz,https://portal.nersc.gov/cfs/cosmo/data/legacysurvey/dr5/coadd/172/1721p200/legacysurvey-1721p200-nexp-r.fits.fz,2026-09-17T13:18:27.703514+00:00,200,"""12fc0-55750ed500d80""","Tue, 22 Aug 2017 05:32:54 GMT",77760,0,,,,,,METADATA_ONLY,,True,,
S6,,,,https://portal.nersc.gov/cfs/cosmo/data/legacysurvey/dr5/coadd/172/1721p200/legacysurvey-1721p200-nexp-z.fits.fz,https://portal.nersc.gov/cfs/cosmo/data/legacysurvey/dr5/coadd/172/1721p200/legacysurvey-1721p200-nexp-z.fits.fz,2026-09-17T13:18:28.384205+00:00,200,"""210c0-55750ee25ad00""","Tue, 22 Aug 2017 05:33:08 GMT",135360,0,,,,,,METADATA_ONLY,,True,,
S6,,,,https://portal.nersc.gov/cfs/cosmo/data/legacysurvey/dr5/coadd/174/1742p117/legacysurvey-1742p117-nexp-g.fits.fz,https://portal.nersc.gov/cfs/cosmo/data/legacysurvey/dr5/coadd/174/1742p117/legacysurvey-1742p117-nexp-g.fits.fz,2026-09-17T13:18:29.268496+00:00,200,"""189c0-5575220561340""","Tue, 22 Aug 2017 06:58:45 GMT",100800,0,,,,,,METADATA_ONLY,,True,,
S6,,,,https://portal.nersc.gov/cfs/cosmo/data/legacysurvey/dr5/coadd/174/1742p117/legacysurvey-1742p117-nexp-r.fits.fz,https://portal.nersc.gov/cfs/cosmo/data/legacysurvey/dr5/coadd/174/1742p117/legacysurvey-1742p117-nexp-r.fits.fz,2026-09-17T13:18:30.557270+00:00,200,"""19500-5575220d02540""","Tue, 22 Aug 2017 06:58:53 GMT",103680,0,,,,,,METADATA_ONLY,,True,,
S6,,,,https://portal.nersc.gov/cfs/cosmo/data/legacysurvey/dr5/coadd/174/1742p117/legacysurvey-1742p117-nexp-z.fits.fz,https://portal.nersc.gov/cfs/cosmo/data/legacysurvey/dr5/coadd/174/1742p117/legacysurvey-1742p117-nexp-z.fits.fz,2026-09-17T13:18:32.075726+00:00,200,"""21c00-5575221a5c4c0""","Tue, 22 Aug 2017 06:59:07 GMT",138240,0,,,,,,METADATA_ONLY,,True,,
S6,,,,https://portal.nersc.gov/cfs/cosmo/data/legacysurvey/dr5/coadd/175/1753p210/legacysurvey-1753p210-nexp-g.fits.fz,https://portal.nersc.gov/cfs/cosmo/data/legacysurvey/dr5/coadd/175/1753p210/legacysurvey-1753p210-nexp-g.fits.fz,2026-09-17T13:18:34.476420+00:00,200,"""1a040-55752edac9a80""","Tue, 22 Aug 2017 07:56:10 GMT",106560,0,,,,,,METADATA_ONLY,,True,,
S6,,,,https://portal.nersc.gov/cfs/cosmo/data/legacysurvey/dr5/coadd/175/1753p210/legacysurvey-1753p210-nexp-r.fits.fz,https://portal.nersc.gov/cfs/cosmo/data/legacysurvey/dr5/coadd/175/1753p210/legacysurvey-1753p210-nexp-r.fits.fz,2026-09-17T13:18:35.613575+00:00,200,"""15cc0-55752ee453100""","Tue, 22 Aug 2017 07:56:20 GMT",89280,0,,,,,,METADATA_ONLY,,True,,
S6,,,,https://portal.nersc.gov/cfs/cosmo/data/legacysurvey/dr5/coadd/175/1753p210/legacysurvey-1753p210-nexp-z.fits.fz,https://portal.nersc.gov/cfs/cosmo/data/legacysurvey/dr5/coadd/175/1753p210/legacysurvey-1753p210-nexp-z.fits.fz,2026-09-17T13:18:36.421752+00:00,200,"""1e3c0-55752ef395500""","Tue, 22 Aug 2017 07:56:36 GMT",123840,0,,,,,,METADATA_ONLY,,True,,
S6,,,,https://portal.nersc.gov/cfs/cosmo/data/legacysurvey/dr5/coadd/175/1755p210/legacysurvey-1755p210-nexp-g.fits.fz,https://portal.nersc.gov/cfs/cosmo/data/legacysurvey/dr5/coadd/175/1755p210/legacysurvey-1755p210-nexp-g.fits.fz,2026-09-17T13:18:42.555624+00:00,200,"""17e80-5575312bf9200""","Tue, 22 Aug 2017 08:06:32 GMT",97920,0,,,,,,METADATA_ONLY,,True,,
S6,,,,https://portal.nersc.gov/cfs/cosmo/data/legacysurvey/dr5/coadd/175/1755p210/legacysurvey-1755p210-nexp-r.fits.fz,https://portal.nersc.gov/cfs/cosmo/data/legacysurvey/dr5/coadd/175/1755p210/legacysurvey-1755p210-nexp-r.fits.fz,2026-09-17T13:18:43.990497+00:00,200,"""16800-557531348e640""","Tue, 22 Aug 2017 08:06:41 GMT",92160,0,,,,,,METADATA_ONLY,,True,,
S6,,,,https://portal.nersc.gov/cfs/cosmo/data/legacysurvey/dr5/coadd/175/1755p210/legacysurvey-1755p210-nexp-z.fits.fz,https://portal.nersc.gov/cfs/cosmo/data/legacysurvey/dr5/coadd/175/1755p210/legacysurvey-1755p210-nexp-z.fits.fz,2026-09-17T13:18:45.034174+00:00,200,"""1d880-55753141e85c0""","Tue, 22 Aug 2017 08:06:55 GMT",120960,0,,,,,,METADATA_ONLY,,True,,
S6,,,,https://portal.nersc.gov/cfs/cosmo/data/legacysurvey/dr5/coadd/176/1761m032/legacysurvey-1761m032-nexp-g.fits.fz,https://portal.nersc.gov/cfs/cosmo/data/legacysurvey/dr5/coadd/176/1761m032/legacysurvey-1761m032-nexp-g.fits.fz,2026-09-17T13:18:50.749935+00:00,200,"""1c200-557540c1315c0""","Tue, 22 Aug 2017 09:16:15 GMT",115200,0,,,,,,METADATA_ONLY,,True,,
S6,,,,https://portal.nersc.gov/cfs/cosmo/data/legacysurvey/dr5/coadd/176/1761m032/legacysurvey-1761m032-nexp-r.fits.fz,https://portal.nersc.gov/cfs/cosmo/data/legacysurvey/dr5/coadd/176/1761m032/legacysurvey-1761m032-nexp-r.fits.fz,2026-09-17T13:18:56.825812+00:00,200,"""1ab80-557540cbaee80""","Tue, 22 Aug 2017 09:16:26 GMT",109440,0,,,,,,METADATA_ONLY,,True,,
S6,,,,https://portal.nersc.gov/cfs/cosmo/data/legacysurvey/dr5/coadd/176/1761m032/legacysurvey-1761m032-nexp-z.fits.fz,https://portal.nersc.gov/cfs/cosmo/data/legacysurvey/dr5/coadd/176/1761m032/legacysurvey-1761m032-nexp-z.fits.fz,2026-09-17T13:19:02.380878+00:00,200,"""2a300-557540e19e240""","Tue, 22 Aug 2017 09:16:49 GMT",172800,0,,,,,,METADATA_ONLY,,True,,
S6,,,,https://portal.nersc.gov/cfs/cosmo/data/legacysurvey/dr5/coadd/176/1761p037/legacysurvey-1761p037-nexp-g.fits.fz,https://portal.nersc.gov/cfs/cosmo/data/legacysurvey/dr5/coadd/176/1761p037/legacysurvey-1761p037-nexp-g.fits.fz,2026-09-17T13:19:03.390099+00:00,200,"""25f80-557546d2ba700""","Tue, 22 Aug 2017 09:43:24 GMT",155520,0,,,,,,METADATA_ONLY,,True,,
S6,,,,https://portal.nersc.gov/cfs/cosmo/data/legacysurvey/dr5/coadd/176/1761p037/legacysurvey-1761p037-nexp-r.fits.fz,https://portal.nersc.gov/cfs/cosmo/data/legacysurvey/dr5/coadd/176/1761p037/legacysurvey-1761p037-nexp-r.fits.fz,2026-09-17T13:19:04.578459+00:00,200,"""1e3c0-557546df20440""","Tue, 22 Aug 2017 09:43:37 GMT",123840,0,,,,,,METADATA_ONLY,,True,,
S6,,,,https://portal.nersc.gov/cfs/cosmo/data/legacysurvey/dr5/coadd/176/1761p037/legacysurvey-1761p037-nexp-z.fits.fz,https://portal.nersc.gov/cfs/cosmo/data/legacysurvey/dr5/coadd/176/1761p037/legacysurvey-1761p037-nexp-z.fits.fz,2026-09-17T13:19:05.309442+00:00,200,"""35700-557546f8e0100""","Tue, 22 Aug 2017 09:44:04 GMT",218880,0,,,,,,METADATA_ONLY,,True,,
S6,,,,https://portal.nersc.gov/cfs/cosmo/data/legacysurvey/dr5/coadd/176/1765p090/legacysurvey-1765p090-nexp-g.fits.fz,https://portal.nersc.gov/cfs/cosmo/data/legacysurvey/dr5/coadd/176/1765p090/legacysurvey-1765p090-nexp-g.fits.fz,2026-09-17T13:19:06.338235+00:00,200,"""15180-55753a4e61f00""","Tue, 22 Aug 2017 08:47:24 GMT",86400,0,,,,,,METADATA_ONLY,,True,,
S6,,,,https://portal.nersc.gov/cfs/cosmo/data/legacysurvey/dr5/coadd/176/1765p090/legacysurvey-1765p090-nexp-r.fits.fz,https://portal.nersc.gov/cfs/cosmo/data/legacysurvey/dr5/coadd/176/1765p090/legacysurvey-1765p090-nexp-r.fits.fz,2026-09-17T13:19:08.812132+00:00,200,"""16800-55753a57eb580""","Tue, 22 Aug 2017 08:47:34 GMT",92160,0,,,,,,METADATA_ONLY,,True,,
S6,,,,https://portal.nersc.gov/cfs/cosmo/data/legacysurvey/dr5/coadd/176/1765p090/legacysurvey-1765p090-nexp-z.fits.fz,https://portal.nersc.gov/cfs/cosmo/data/legacysurvey/dr5/coadd/176/1765p090/legacysurvey-1765p090-nexp-z.fits.fz,2026-09-17T13:19:15.098098+00:00,200,"""1d880-55753a6821bc0""","Tue, 22 Aug 2017 08:47:51 GMT",120960,0,,,,,,METADATA_ONLY,,True,,
S6,,,,https://portal.nersc.gov/cfs/cosmo/data/legacysurvey/dr5/coadd/176/1766m027/legacysurvey-1766m027-nexp-g.fits.fz,https://portal.nersc.gov/cfs/cosmo/data/legacysurvey/dr5/coadd/176/1766m027/legacysurvey-1766m027-nexp-g.fits.fz,2026-09-17T13:19:16.294277+00:00,200,"""1ab80-559089969a000""","Wed, 13 Sep 2017 02:05:52 GMT",109440,0,,,,,,METADATA_ONLY,,True,,
S6,,,,https://portal.nersc.gov/cfs/cosmo/data/legacysurvey/dr5/coadd/176/1766m027/legacysurvey-1766m027-nexp-r.fits.fz,https://portal.nersc.gov/cfs/cosmo/data/legacysurvey/dr5/coadd/176/1766m027/legacysurvey-1766m027-nexp-r.fits.fz,2026-09-17T13:19:17.344135+00:00,200,"""19500-559089a1178c0""","Wed, 13 Sep 2017 02:06:03 GMT",103680,0,,,,,,METADATA_ONLY,,True,,
S6,,,,https://portal.nersc.gov/cfs/cosmo/data/legacysurvey/dr5/coadd/176/1766m027/legacysurvey-1766m027-nexp-z.fits.fz,https://portal.nersc.gov/cfs/cosmo/data/legacysurvey/dr5/coadd/176/1766m027/legacysurvey-1766m027-nexp-z.fits.fz,2026-09-17T13:19:18.351197+00:00,200,"""23dc0-559089b51e800""","Wed, 13 Sep 2017 02:06:24 GMT",146880,0,,,,,,METADATA_ONLY,,True,,
S6,,,,https://portal.nersc.gov/cfs/cosmo/data/legacysurvey/dr5/coadd/179/1793p027/legacysurvey-1793p027-nexp-g.fits.fz,https://portal.nersc.gov/cfs/cosmo/data/legacysurvey/dr5/coadd/179/1793p027/legacysurvey-1793p027-nexp-g.fits.fz,2026-09-17T13:19:19.346284+00:00,200,"""17e80-5575589d7a100""","Tue, 22 Aug 2017 11:03:00 GMT",97920,0,,,,,,METADATA_ONLY,,True,,
S6,,,,https://portal.nersc.gov/cfs/cosmo/data/legacysurvey/dr5/coadd/179/1793p027/legacysurvey-1793p027-nexp-r.fits.fz,https://portal.nersc.gov/cfs/cosmo/data/legacysurvey/dr5/coadd/179/1793p027/legacysurvey-1793p027-nexp-r.fits.fz,2026-09-17T13:19:20.686116+00:00,200,"""1b6c0-557558a8ebc00""","Tue, 22 Aug 2017 11:03:12 GMT",112320,0,,,,,,METADATA_ONLY,,True,,
S6,,,,https://portal.nersc.gov/cfs/cosmo/data/legacysurvey/dr5/coadd/179/1793p027/legacysurvey-1793p027-nexp-z.fits.fz,https://portal.nersc.gov/cfs/cosmo/data/legacysurvey/dr5/coadd/179/1793p027/legacysurvey-1793p027-nexp-z.fits.fz,2026-09-17T13:19:26.604448+00:00,200,"""23dc0-557558bbfe900""","Tue, 22 Aug 2017 11:03:32 GMT",146880,0,,,,,,METADATA_ONLY,,True,,
S6,,,,https://portal.nersc.gov/cfs/cosmo/data/legacysurvey/dr5/coadd/183/1831p085/legacysurvey-1831p085-nexp-g.fits.fz,https://portal.nersc.gov/cfs/cosmo/data/legacysurvey/dr5/coadd/183/1831p085/legacysurvey-1831p085-nexp-g.fits.fz,2026-09-17T13:19:31.809070+00:00,200,"""14640-557573647ce00""","Tue, 22 Aug 2017 13:02:48 GMT",83520,0,,,,,,METADATA_ONLY,,True,,
S6,,,,https://portal.nersc.gov/cfs/cosmo/data/legacysurvey/dr5/coadd/183/1831p085/legacysurvey-1831p085-nexp-r.fits.fz,https://portal.nersc.gov/cfs/cosmo/data/legacysurvey/dr5/coadd/183/1831p085/legacysurvey-1831p085-nexp-r.fits.fz,2026-09-17T13:19:33.141214+00:00,200,"""1b6c0-55757370e2b40""","Tue, 22 Aug 2017 13:03:01 GMT",112320,0,,,,,,METADATA_ONLY,,True,,
S6,,,,https://portal.nersc.gov/cfs/cosmo/data/legacysurvey/dr5/coadd/183/1831p085/legacysurvey-1831p085-nexp-z.fits.fz,https://portal.nersc.gov/cfs/cosmo/data/legacysurvey/dr5/coadd/183/1831p085/legacysurvey-1831p085-nexp-z.fits.fz,2026-09-17T13:19:33.994000+00:00,200,"""23280-5575738119180""","Tue, 22 Aug 2017 13:03:18 GMT",144000,0,,,,,,METADATA_ONLY,,True,,
S6,,,,https://portal.nersc.gov/cfs/cosmo/data/legacysurvey/dr5/coadd/185/1850p132/legacysurvey-1850p132-nexp-g.fits.fz,https://portal.nersc.gov/cfs/cosmo/data/legacysurvey/dr5/coadd/185/1850p132/legacysurvey-1850p132-nexp-g.fits.fz,2026-09-17T13:19:35.507047+00:00,200,"""1ab80-55758b2db2c40""","Tue, 22 Aug 2017 14:49:13 GMT",109440,0,,,,,,METADATA_ONLY,,True,,
S6,,,,https://portal.nersc.gov/cfs/cosmo/data/legacysurvey/dr5/coadd/185/1850p132/legacysurvey-1850p132-nexp-r.fits.fz,https://portal.nersc.gov/cfs/cosmo/data/legacysurvey/dr5/coadd/185/1850p132/legacysurvey-1850p132-nexp-r.fits.fz,2026-09-17T13:19:37.328857+00:00,200,"""1d880-55758b3c00e00""","Tue, 22 Aug 2017 14:49:28 GMT",120960,0,,,,,,METADATA_ONLY,,True,,
S6,,,,https://portal.nersc.gov/cfs/cosmo/data/legacysurvey/dr5/coadd/185/1850p132/legacysurvey-1850p132-nexp-z.fits.fz,https://portal.nersc.gov/cfs/cosmo/data/legacysurvey/dr5/coadd/185/1850p132/legacysurvey-1850p132-nexp-z.fits.fz,2026-09-17T13:19:38.456720+00:00,200,"""1ef00-55758b4b43200""","Tue, 22 Aug 2017 14:49:44 GMT",126720,0,,,,,,METADATA_ONLY,,True,,
S6,,,,https://portal.nersc.gov/cfs/cosmo/data/legacysurvey/dr5/coadd/185/1852p132/legacysurvey-1852p132-nexp-g.fits.fz,https://portal.nersc.gov/cfs/cosmo/data/legacysurvey/dr5/coadd/185/1852p132/legacysurvey-1852p132-nexp-g.fits.fz,2026-09-17T13:19:39.396304+00:00,200,"""1b6c0-5590ce43966c0""","Wed, 13 Sep 2017 07:13:07 GMT",112320,0,,,,,,METADATA_ONLY,,True,,
S6,,,,https://portal.nersc.gov/cfs/cosmo/data/legacysurvey/dr5/coadd/185/1852p132/legacysurvey-1852p132-nexp-r.fits.fz,https://portal.nersc.gov/cfs/cosmo/data/legacysurvey/dr5/coadd/185/1852p132/legacysurvey-1852p132-nexp-r.fits.fz,2026-09-17T13:19:41.692536+00:00,200,"""21c00-5590ce52d8ac0""","Wed, 13 Sep 2017 07:13:23 GMT",138240,0,,,,,,METADATA_ONLY,,True,,
S6,,,,https://portal.nersc.gov/cfs/cosmo/data/legacysurvey/dr5/coadd/185/1852p132/legacysurvey-1852p132-nexp-z.fits.fz,https://portal.nersc.gov/cfs/cosmo/data/legacysurvey/dr5/coadd/185/1852p132/legacysurvey-1852p132-nexp-z.fits.fz,2026-09-17T13:19:42.719258+00:00,200,"""1e3c0-5590ce6126c80""","Wed, 13 Sep 2017 07:13:38 GMT",123840,0,,,,,,METADATA_ONLY,,True,,
S6,,,,https://portal.nersc.gov/cfs/cosmo/data/legacysurvey/dr5/coadd/185/1853p160/legacysurvey-1853p160-nexp-g.fits.fz,https://portal.nersc.gov/cfs/cosmo/data/legacysurvey/dr5/coadd/185/1853p160/legacysurvey-1853p160-nexp-g.fits.fz,2026-09-17T13:19:46.015631+00:00,200,"""22740-55759cc02e180""","Tue, 22 Aug 2017 16:07:50 GMT",141120,0,,,,,,METADATA_ONLY,,True,,
S6,,,,https://portal.nersc.gov/cfs/cosmo/data/legacysurvey/dr5/coadd/185/1853p160/legacysurvey-1853p160-nexp-r.fits.fz,https://portal.nersc.gov/cfs/cosmo/data/legacysurvey/dr5/coadd/185/1853p160/legacysurvey-1853p160-nexp-r.fits.fz,2026-09-17T13:19:46.987445+00:00,200,"""23dc0-55759cd24cc40""","Tue, 22 Aug 2017 16:08:09 GMT",146880,0,,,,,,METADATA_ONLY,,True,,
S6,,,,https://portal.nersc.gov/cfs/cosmo/data/legacysurvey/dr5/coadd/185/1853p160/legacysurvey-1853p160-nexp-z.fits.fz,https://portal.nersc.gov/cfs/cosmo/data/legacysurvey/dr5/coadd/185/1853p160/legacysurvey-1853p160-nexp-z.fits.fz,2026-09-17T13:19:47.695390+00:00,200,"""2ae40-55759cea24480""","Tue, 22 Aug 2017 16:08:34 GMT",175680,0,,,,,,METADATA_ONLY,,True,,
S6,,,,https://portal.nersc.gov/cfs/cosmo/data/legacysurvey/dr5/coadd/188/1888p042/legacysurvey-1888p042-nexp-g.fits.fz,https://portal.nersc.gov/cfs/cosmo/data/legacysurvey/dr5/coadd/188/1888p042/legacysurvey-1888p042-nexp-g.fits.fz,2026-09-17T13:19:53.530435+00:00,200,"""1e3c0-5575ad3677840""","Tue, 22 Aug 2017 17:21:29 GMT",123840,0,,,,,,METADATA_ONLY,,True,,
S6,,,,https://portal.nersc.gov/cfs/cosmo/data/legacysurvey/dr5/coadd/188/1888p042/legacysurvey-1888p042-nexp-r.fits.fz,https://portal.nersc.gov/cfs/cosmo/data/legacysurvey/dr5/coadd/188/1888p042/legacysurvey-1888p042-nexp-r.fits.fz,2026-09-17T13:19:54.785471+00:00,200,"""189c0-5575ad41e9340""","Tue, 22 Aug 2017 17:21:41 GMT",100800,0,,,,,,METADATA_ONLY,,True,,
S6,,,,https://portal.nersc.gov/cfs/cosmo/data/legacysurvey/dr5/coadd/188/1888p042/legacysurvey-1888p042-nexp-z.fits.fz,https://portal.nersc.gov/cfs/cosmo/data/legacysurvey/dr5/coadd/188/1888p042/legacysurvey-1888p042-nexp-z.fits.fz,2026-09-17T13:20:00.549603+00:00,200,"""1ef00-5575ad512b740""","Tue, 22 Aug 2017 17:21:57 GMT",126720,0,,,,,,METADATA_ONLY,,True,,
S6,,,,https://portal.nersc.gov/cfs/cosmo/data/legacysurvey/dr5/coadd/192/1923p167/legacysurvey-1923p167-nexp-g.fits.fz,https://portal.nersc.gov/cfs/cosmo/data/legacysurvey/dr5/coadd/192/1923p167/legacysurvey-1923p167-nexp-g.fits.fz,2026-09-17T13:20:07.670328+00:00,200,"""189c0-5575c5a0d92c0""","Tue, 22 Aug 2017 19:10:43 GMT",100800,0,,,,,,METADATA_ONLY,,True,,
S6,,,,https://portal.nersc.gov/cfs/cosmo/data/legacysurvey/dr5/coadd/192/1923p167/legacysurvey-1923p167-nexp-r.fits.fz,https://portal.nersc.gov/cfs/cosmo/data/legacysurvey/dr5/coadd/192/1923p167/legacysurvey-1923p167-nexp-r.fits.fz,2026-09-17T13:20:11.964098+00:00,200,"""14640-5575c5a786280""","Tue, 22 Aug 2017 19:10:50 GMT",83520,0,,,,,,METADATA_ONLY,,True,,
S6,,,,https://portal.nersc.gov/cfs/cosmo/data/legacysurvey/dr5/coadd/192/1923p167/legacysurvey-1923p167-nexp-z.fits.fz,https://portal.nersc.gov/cfs/cosmo/data/legacysurvey/dr5/coadd/192/1923p167/legacysurvey-1923p167-nexp-z.fits.fz,2026-09-17T13:20:17.819199+00:00,200,"""1ef00-5575c5b4e0200""","Tue, 22 Aug 2017 19:11:04 GMT",126720,0,,,,,,METADATA_ONLY,,True,,
S6,,,,https://portal.nersc.gov/cfs/cosmo/data/legacysurvey/dr5/coadd/192/1924m047/legacysurvey-1924m047-nexp-g.fits.fz,https://portal.nersc.gov/cfs/cosmo/data/legacysurvey/dr5/coadd/192/1924m047/legacysurvey-1924m047-nexp-g.fits.fz,2026-09-17T13:20:18.624271+00:00,200,"""23280-5575cedc0da40""","Tue, 22 Aug 2017 19:52:01 GMT",144000,0,,,,,,METADATA_ONLY,,True,,
S6,,,,https://portal.nersc.gov/cfs/cosmo/data/legacysurvey/dr5/coadd/192/1924m047/legacysurvey-1924m047-nexp-r.fits.fz,https://portal.nersc.gov/cfs/cosmo/data/legacysurvey/dr5/coadd/192/1924m047/legacysurvey-1924m047-nexp-r.fits.fz,2026-09-17T13:20:19.542381+00:00,200,"""1ef00-5575cee77f540""","Tue, 22 Aug 2017 19:52:13 GMT",126720,0,,,,,,METADATA_ONLY,,True,,
S6,,,,https://portal.nersc.gov/cfs/cosmo/data/legacysurvey/dr5/coadd/192/1924m047/legacysurvey-1924m047-nexp-z.fits.fz,https://portal.nersc.gov/cfs/cosmo/data/legacysurvey/dr5/coadd/192/1924m047/legacysurvey-1924m047-nexp-z.fits.fz,2026-09-17T13:20:21.042700+00:00,200,"""25440-5575cef5cd700""","Tue, 22 Aug 2017 19:52:28 GMT",152640,0,,,,,,METADATA_ONLY,,True,,
S6,,,,https://portal.nersc.gov/cfs/cosmo/data/legacysurvey/dr5/coadd/193/1932p080/legacysurvey-1932p080-nexp-g.fits.fz,https://portal.nersc.gov/cfs/cosmo/data/legacysurvey/dr5/coadd/193/1932p080/legacysurvey-1932p080-nexp-g.fits.fz,2026-09-17T13:20:22.653386+00:00,200,"""15180-5575d2c939dc0""","Tue, 22 Aug 2017 20:09:35 GMT",86400,0,,,,,,METADATA_ONLY,,True,,
S6,,,,https://portal.nersc.gov/cfs/cosmo/data/legacysurvey/dr5/coadd/193/1932p080/legacysurvey-1932p080-nexp-r.fits.fz,https://portal.nersc.gov/cfs/cosmo/data/legacysurvey/dr5/coadd/193/1932p080/legacysurvey-1932p080-nexp-r.fits.fz,2026-09-17T13:20:24.778272+00:00,200,"""15cc0-5575d2d0dafc0""","Tue, 22 Aug 2017 20:09:43 GMT",89280,0,,,,,,METADATA_ONLY,,True,,
S6,,,,https://portal.nersc.gov/cfs/cosmo/data/legacysurvey/dr5/coadd/193/1932p080/legacysurvey-1932p080-nexp-z.fits.fz,https://portal.nersc.gov/cfs/cosmo/data/legacysurvey/dr5/coadd/193/1932p080/legacysurvey-1932p080-nexp-z.fits.fz,2026-09-17T13:20:25.784037+00:00,200,"""22740-5575d2e111600""","Tue, 22 Aug 2017 20:10:00 GMT",141120,0,,,,,,METADATA_ONLY,,True,,
S6,,,,https://portal.nersc.gov/cfs/cosmo/data/legacysurvey/dr5/coadd/194/1949p190/legacysurvey-1949p190-nexp-g.fits.fz,https://portal.nersc.gov/cfs/cosmo/data/legacysurvey/dr5/coadd/194/1949p190/legacysurvey-1949p190-nexp-g.fits.fz,2026-09-17T13:20:31.630808+00:00,200,"""17e80-5575e77712780""","Tue, 22 Aug 2017 21:42:06 GMT",97920,0,,,,,,METADATA_ONLY,,True,,
S6,,,,https://portal.nersc.gov/cfs/cosmo/data/legacysurvey/dr5/coadd/194/1949p190/legacysurvey-1949p190-nexp-r.fits.fz,https://portal.nersc.gov/cfs/cosmo/data/legacysurvey/dr5/coadd/194/1949p190/legacysurvey-1949p190-nexp-r.fits.fz,2026-09-17T13:20:32.550271+00:00,200,"""12fc0-5575e77bd72c0""","Tue, 22 Aug 2017 21:42:11 GMT",77760,0,,,,,,METADATA_ONLY,,True,,
S6,,,,https://portal.nersc.gov/cfs/cosmo/data/legacysurvey/dr5/coadd/194/1949p190/legacysurvey-1949p190-nexp-z.fits.fz,https://portal.nersc.gov/cfs/cosmo/data/legacysurvey/dr5/coadd/194/1949p190/legacysurvey-1949p190-nexp-z.fits.fz,2026-09-17T13:20:33.588378+00:00,200,"""20580-5575e7883d000""","Tue, 22 Aug 2017 21:42:24 GMT",132480,0,,,,,,METADATA_ONLY,,True,,
S6,,,,https://portal.nersc.gov/cfs/cosmo/data/legacysurvey/dr5/coadd/195/1951p190/legacysurvey-1951p190-nexp-g.fits.fz,https://portal.nersc.gov/cfs/cosmo/data/legacysurvey/dr5/coadd/195/1951p190/legacysurvey-1951p190-nexp-g.fits.fz,2026-09-17T13:20:34.700495+00:00,200,"""17340-557b730eca4c0""","Sun, 27 Aug 2017 07:33:15 GMT",95040,0,,,,,,METADATA_ONLY,,True,,
S6,,,,https://portal.nersc.gov/cfs/cosmo/data/legacysurvey/dr5/coadd/195/1951p190/legacysurvey-1951p190-nexp-r.fits.fz,https://portal.nersc.gov/cfs/cosmo/data/legacysurvey/dr5/coadd/195/1951p190/legacysurvey-1951p190-nexp-r.fits.fz,2026-09-17T13:20:40.828788+00:00,200,"""11940-557b731483240""","Sun, 27 Aug 2017 07:33:21 GMT",72000,0,,,,,,METADATA_ONLY,,True,,
S6,,,,https://portal.nersc.gov/cfs/cosmo/data/legacysurvey/dr5/coadd/195/1951p190/legacysurvey-1951p190-nexp-z.fits.fz,https://portal.nersc.gov/cfs/cosmo/data/legacysurvey/dr5/coadd/195/1951p190/legacysurvey-1951p190-nexp-z.fits.fz,2026-09-17T13:20:41.753135+00:00,200,"""1ab80-557b7320e8f80""","Sun, 27 Aug 2017 07:33:34 GMT",109440,0,,,,,,METADATA_ONLY,,True,,
S6,,,,https://portal.nersc.gov/cfs/cosmo/data/legacysurvey/dr5/coadd/196/1961p055/legacysurvey-1961p055-nexp-g.fits.fz,https://portal.nersc.gov/cfs/cosmo/data/legacysurvey/dr5/coadd/196/1961p055/legacysurvey-1961p055-nexp-g.fits.fz,2026-09-17T13:20:52.562194+00:00,200,"""1b6c0-5575fda910500""","Tue, 22 Aug 2017 23:21:24 GMT",112320,0,,,,,,METADATA_ONLY,,True,,
S6,,,,https://portal.nersc.gov/cfs/cosmo/data/legacysurvey/dr5/coadd/196/1961p055/legacysurvey-1961p055-nexp-r.fits.fz,https://portal.nersc.gov/cfs/cosmo/data/legacysurvey/dr5/coadd/196/1961p055/legacysurvey-1961p055-nexp-r.fits.fz,2026-09-17T13:20:54.729857+00:00,200,"""19500-5575fdb38ddc0""","Tue, 22 Aug 2017 23:21:35 GMT",103680,0,,,,,,METADATA_ONLY,,True,,
S6,,,,https://portal.nersc.gov/cfs/cosmo/data/legacysurvey/dr5/coadd/196/1961p055/legacysurvey-1961p055-nexp-z.fits.fz,https://portal.nersc.gov/cfs/cosmo/data/legacysurvey/dr5/coadd/196/1961p055/legacysurvey-1961p055-nexp-z.fits.fz,2026-09-17T13:20:55.577576+00:00,200,"""25440-5575fdc888f40""","Tue, 22 Aug 2017 23:21:57 GMT",152640,0,,,,,,METADATA_ONLY,,True,,
S6,,,,https://portal.nersc.gov/cfs/cosmo/data/legacysurvey/dr5/coadd/196/1963p100/legacysurvey-1963p100-nexp-g.fits.fz,https://portal.nersc.gov/cfs/cosmo/data/legacysurvey/dr5/coadd/196/1963p100/legacysurvey-1963p100-nexp-g.fits.fz,2026-09-17T13:20:56.467384+00:00,200,"""1ef00-5575f4b932f40""","Tue, 22 Aug 2017 22:41:25 GMT",126720,0,,,,,,METADATA_ONLY,,True,,
S6,,,,https://portal.nersc.gov/cfs/cosmo/data/legacysurvey/dr5/coadd/196/1963p100/legacysurvey-1963p100-nexp-r.fits.fz,https://portal.nersc.gov/cfs/cosmo/data/legacysurvey/dr5/coadd/196/1963p100/legacysurvey-1963p100-nexp-r.fits.fz,2026-09-17T13:20:57.443127+00:00,200,"""1d880-5575f4c2bc5c0""","Tue, 22 Aug 2017 22:41:35 GMT",120960,0,,,,,,METADATA_ONLY,,True,,
S6,,,,https://portal.nersc.gov/cfs/cosmo/data/legacysurvey/dr5/coadd/196/1963p100/legacysurvey-1963p100-nexp-z.fits.fz,https://portal.nersc.gov/cfs/cosmo/data/legacysurvey/dr5/coadd/196/1963p100/legacysurvey-1963p100-nexp-z.fits.fz,2026-09-17T13:20:58.751224+00:00,200,"""24900-5575f4d016540""","Tue, 22 Aug 2017 22:41:49 GMT",149760,0,,,,,,METADATA_ONLY,,True,,
S6,,,,https://portal.nersc.gov/cfs/cosmo/data/legacysurvey/dr5/coadd/197/1976p137/legacysurvey-1976p137-nexp-g.fits.fz,https://portal.nersc.gov/cfs/cosmo/data/legacysurvey/dr5/coadd/197/1976p137/legacysurvey-1976p137-nexp-g.fits.fz,2026-09-17T13:20:59.733976+00:00,200,"""19500-557b7e0ff1b40""","Sun, 27 Aug 2017 08:22:29 GMT",103680,0,,,,,,METADATA_ONLY,,True,,
S6,,,,https://portal.nersc.gov/cfs/cosmo/data/legacysurvey/dr5/coadd/197/1976p137/legacysurvey-1976p137-nexp-r.fits.fz,https://portal.nersc.gov/cfs/cosmo/data/legacysurvey/dr5/coadd/197/1976p137/legacysurvey-1976p137-nexp-r.fits.fz,2026-09-17T13:21:00.571929+00:00,200,"""17340-557b7e1a6f400""","Sun, 27 Aug 2017 08:22:40 GMT",95040,0,,,,,,METADATA_ONLY,,True,,
S6,,,,https://portal.nersc.gov/cfs/cosmo/data/legacysurvey/dr5/coadd/197/1976p137/legacysurvey-1976p137-nexp-z.fits.fz,https://portal.nersc.gov/cfs/cosmo/data/legacysurvey/dr5/coadd/197/1976p137/legacysurvey-1976p137-nexp-z.fits.fz,2026-09-17T13:21:01.466456+00:00,200,"""1c200-557b7e28bd5c0""","Sun, 27 Aug 2017 08:22:55 GMT",115200,0,,,,,,METADATA_ONLY,,True,,
S6,,,,https://portal.nersc.gov/cfs/cosmo/data/legacysurvey/dr5/coadd/198/1984p060/legacysurvey-1984p060-nexp-g.fits.fz,https://portal.nersc.gov/cfs/cosmo/data/legacysurvey/dr5/coadd/198/1984p060/legacysurvey-1984p060-nexp-g.fits.fz,2026-09-17T13:21:02.811705+00:00,200,"""1a040-5590e31e41a40""","Wed, 13 Sep 2017 08:46:25 GMT",106560,0,,,,,,METADATA_ONLY,,True,,
S6,,,,https://portal.nersc.gov/cfs/cosmo/data/legacysurvey/dr5/coadd/198/1984p060/legacysurvey-1984p060-nexp-r.fits.fz,https://portal.nersc.gov/cfs/cosmo/data/legacysurvey/dr5/coadd/198/1984p060/legacysurvey-1984p060-nexp-r.fits.fz,2026-09-17T13:21:04.099906+00:00,200,"""20580-5590e32d83e40""","Wed, 13 Sep 2017 08:46:41 GMT",132480,0,,,,,,METADATA_ONLY,,True,,
S6,,,,https://portal.nersc.gov/cfs/cosmo/data/legacysurvey/dr5/coadd/198/1984p060/legacysurvey-1984p060-nexp-z.fits.fz,https://portal.nersc.gov/cfs/cosmo/data/legacysurvey/dr5/coadd/198/1984p060/legacysurvey-1984p060-nexp-z.fits.fz,2026-09-17T13:21:04.749218+00:00,200,"""25f80-5590e3418ad80""","Wed, 13 Sep 2017 08:47:02 GMT",155520,0,,,,,,METADATA_ONLY,,True,,
S6,,,,https://portal.nersc.gov/cfs/cosmo/data/legacysurvey/dr5/coadd/199/1998m022/legacysurvey-1998m022-nexp-g.fits.fz,https://portal.nersc.gov/cfs/cosmo/data/legacysurvey/dr5/coadd/199/1998m022/legacysurvey-1998m022-nexp-g.fits.fz,2026-09-17T13:21:10.703370+00:00,200,"""1d880-55763f8bbf680""","Wed, 23 Aug 2017 04:16:10 GMT",120960,0,,,,,,METADATA_ONLY,,True,,
S6,,,,https://portal.nersc.gov/cfs/cosmo/data/legacysurvey/dr5/coadd/199/1998m022/legacysurvey-1998m022-nexp-r.fits.fz,https://portal.nersc.gov/cfs/cosmo/data/legacysurvey/dr5/coadd/199/1998m022/legacysurvey-1998m022-nexp-r.fits.fz,2026-09-17T13:21:11.769515+00:00,200,"""2f1c0-55763fa48b100""","Wed, 23 Aug 2017 04:16:36 GMT",192960,0,,,,,,METADATA_ONLY,,True,,
S6,,,,https://portal.nersc.gov/cfs/cosmo/data/legacysurvey/dr5/coadd/199/1998m022/legacysurvey-1998m022-nexp-z.fits.fz,https://portal.nersc.gov/cfs/cosmo/data/legacysurvey/dr5/coadd/199/1998m022/legacysurvey-1998m022-nexp-z.fits.fz,2026-09-17T13:21:13.291063+00:00,200,"""34bc0-55763fc7d4440""","Wed, 23 Aug 2017 04:17:13 GMT",216000,0,,,,,,METADATA_ONLY,,True,,
S6,,,,https://portal.nersc.gov/cfs/cosmo/data/legacysurvey/dr5/coadd/200/2000p072/legacysurvey-2000p072-nexp-g.fits.fz,https://portal.nersc.gov/cfs/cosmo/data/legacysurvey/dr5/coadd/200/2000p072/legacysurvey-2000p072-nexp-g.fits.fz,2026-09-17T13:21:14.732935+00:00,200,"""1b6c0-5576287203640""","Wed, 23 Aug 2017 02:32:49 GMT",112320,0,,,,,,METADATA_ONLY,,True,,
S6,,,,https://portal.nersc.gov/cfs/cosmo/data/legacysurvey/dr5/coadd/200/2000p072/legacysurvey-2000p072-nexp-r.fits.fz,https://portal.nersc.gov/cfs/cosmo/data/legacysurvey/dr5/coadd/200/2000p072/legacysurvey-2000p072-nexp-r.fits.fz,2026-09-17T13:21:15.745280+00:00,200,"""1ef00-5576287f5d5c0""","Wed, 23 Aug 2017 02:33:03 GMT",126720,0,,,,,,METADATA_ONLY,,True,,
S6,,,,https://portal.nersc.gov/cfs/cosmo/data/legacysurvey/dr5/coadd/200/2000p072/legacysurvey-2000p072-nexp-z.fits.fz,https://portal.nersc.gov/cfs/cosmo/data/legacysurvey/dr5/coadd/200/2000p072/legacysurvey-2000p072-nexp-z.fits.fz,2026-09-17T13:21:16.749749+00:00,200,"""1e3c0-5576288dab780""","Wed, 23 Aug 2017 02:33:18 GMT",123840,0,,,,,,METADATA_ONLY,,True,,
S6,,,,https://portal.nersc.gov/cfs/cosmo/data/legacysurvey/dr5/coadd/200/2003p152/legacysurvey-2003p152-nexp-g.fits.fz,https://portal.nersc.gov/cfs/cosmo/data/legacysurvey/dr5/coadd/200/2003p152/legacysurvey-2003p152-nexp-g.fits.fz,2026-09-17T13:21:17.598199+00:00,200,"""189c0-55762ad2751c0""","Wed, 23 Aug 2017 02:43:27 GMT",100800,0,,,,,,METADATA_ONLY,,True,,
S6,,,,https://portal.nersc.gov/cfs/cosmo/data/legacysurvey/dr5/coadd/200/2003p152/legacysurvey-2003p152-nexp-r.fits.fz,https://portal.nersc.gov/cfs/cosmo/data/legacysurvey/dr5/coadd/200/2003p152/legacysurvey-2003p152-nexp-r.fits.fz,2026-09-17T13:21:18.535330+00:00,200,"""14640-55762ad922180""","Wed, 23 Aug 2017 02:43:34 GMT",83520,0,,,,,,METADATA_ONLY,,True,,
S6,,,,https://portal.nersc.gov/cfs/cosmo/data/legacysurvey/dr5/coadd/200/2003p152/legacysurvey-2003p152-nexp-z.fits.fz,https://portal.nersc.gov/cfs/cosmo/data/legacysurvey/dr5/coadd/200/2003p152/legacysurvey-2003p152-nexp-z.fits.fz,2026-09-17T13:21:19.227205+00:00,200,"""1cd40-55762ae770340""","Wed, 23 Aug 2017 02:43:49 GMT",118080,0,,,,,,METADATA_ONLY,,True,,
S6,,,,https://portal.nersc.gov/cfs/cosmo/data/legacysurvey/dr5/coadd/202/2021m035/legacysurvey-2021m035-nexp-g.fits.fz,https://portal.nersc.gov/cfs/cosmo/data/legacysurvey/dr5/coadd/202/2021m035/legacysurvey-2021m035-nexp-g.fits.fz,2026-09-17T13:21:20.271146+00:00,200,"""1fa40-557b954832380""","Sun, 27 Aug 2017 10:06:22 GMT",129600,0,,,,,,METADATA_ONLY,,True,,
S6,,,,https://portal.nersc.gov/cfs/cosmo/data/legacysurvey/dr5/coadd/202/2021m035/legacysurvey-2021m035-nexp-r.fits.fz,https://portal.nersc.gov/cfs/cosmo/data/legacysurvey/dr5/coadd/202/2021m035/legacysurvey-2021m035-nexp-r.fits.fz,2026-09-17T13:21:21.066362+00:00,200,"""2ae40-557b9563da4c0""","Sun, 27 Aug 2017 10:06:51 GMT",175680,0,,,,,,METADATA_ONLY,,True,,
S6,,,,https://portal.nersc.gov/cfs/cosmo/data/legacysurvey/dr5/coadd/202/2021m035/legacysurvey-2021m035-nexp-z.fits.fz,https://portal.nersc.gov/cfs/cosmo/data/legacysurvey/dr5/coadd/202/2021m035/legacysurvey-2021m035-nexp-z.fits.fz,2026-09-17T13:21:21.884300+00:00,200,"""32a00-557b957e8e3c0""","Sun, 27 Aug 2017 10:07:19 GMT",207360,0,,,,,,METADATA_ONLY,,True,,
S6,,,,https://portal.nersc.gov/cfs/cosmo/data/legacysurvey/dr5/coadd/203/2031p047/legacysurvey-2031p047-nexp-g.fits.fz,https://portal.nersc.gov/cfs/cosmo/data/legacysurvey/dr5/coadd/203/2031p047/legacysurvey-2031p047-nexp-g.fits.fz,2026-09-17T13:21:22.789517+00:00,200,"""210c0-55766ff4bed40""","Wed, 23 Aug 2017 07:52:45 GMT",135360,0,,,,,,METADATA_ONLY,,True,,
S6,,,,https://portal.nersc.gov/cfs/cosmo/data/legacysurvey/dr5/coadd/203/2031p047/legacysurvey-2031p047-nexp-r.fits.fz,https://portal.nersc.gov/cfs/cosmo/data/legacysurvey/dr5/coadd/203/2031p047/legacysurvey-2031p047-nexp-r.fits.fz,2026-09-17T13:21:23.915531+00:00,200,"""1ab80-5576700124a80""","Wed, 23 Aug 2017 07:52:58 GMT",109440,0,,,,,,METADATA_ONLY,,True,,
S6,,,,https://portal.nersc.gov/cfs/cosmo/data/legacysurvey/dr5/coadd/203/2031p047/legacysurvey-2031p047-nexp-z.fits.fz,https://portal.nersc.gov/cfs/cosmo/data/legacysurvey/dr5/coadd/203/2031p047/legacysurvey-2031p047-nexp-z.fits.fz,2026-09-17T13:21:24.804371+00:00,200,"""22740-557670124f300""","Wed, 23 Aug 2017 07:53:16 GMT",141120,0,,,,,,METADATA_ONLY,,True,,
S6,,,,https://portal.nersc.gov/cfs/cosmo/data/legacysurvey/dr5/coadd/203/2031p100/legacysurvey-2031p100-nexp-g.fits.fz,https://portal.nersc.gov/cfs/cosmo/data/legacysurvey/dr5/coadd/203/2031p100/legacysurvey-2031p100-nexp-g.fits.fz,2026-09-17T13:21:25.699065+00:00,200,"""16800-55765d1292000""","Wed, 23 Aug 2017 06:28:16 GMT",92160,0,,,,,,METADATA_ONLY,,True,,
S6,,,,https://portal.nersc.gov/cfs/cosmo/data/legacysurvey/dr5/coadd/203/2031p100/legacysurvey-2031p100-nexp-r.fits.fz,https://portal.nersc.gov/cfs/cosmo/data/legacysurvey/dr5/coadd/203/2031p100/legacysurvey-2031p100-nexp-r.fits.fz,2026-09-17T13:21:26.699894+00:00,200,"""17340-55765d1febf80""","Wed, 23 Aug 2017 06:28:30 GMT",95040,0,,,,,,METADATA_ONLY,,True,,
S6,,,,https://portal.nersc.gov/cfs/cosmo/data/legacysurvey/dr5/coadd/203/2031p100/legacysurvey-2031p100-nexp-z.fits.fz,https://portal.nersc.gov/cfs/cosmo/data/legacysurvey/dr5/coadd/203/2031p100/legacysurvey-2031p100-nexp-z.fits.fz,2026-09-17T13:21:27.910762+00:00,200,"""24900-55765d2f2e380""","Wed, 23 Aug 2017 06:28:46 GMT",149760,0,,,,,,METADATA_ONLY,,True,,
S6,,,,https://portal.nersc.gov/cfs/cosmo/data/legacysurvey/dr5/coadd/206/2068p080/legacysurvey-2068p080-nexp-g.fits.fz,https://portal.nersc.gov/cfs/cosmo/data/legacysurvey/dr5/coadd/206/2068p080/legacysurvey-2068p080-nexp-g.fits.fz,2026-09-17T13:21:29.066469+00:00,200,"""25f80-5576c87900380""","Wed, 23 Aug 2017 14:28:46 GMT",155520,0,,,,,,METADATA_ONLY,,True,,
S6,,,,https://portal.nersc.gov/cfs/cosmo/data/legacysurvey/dr5/coadd/206/2068p080/legacysurvey-2068p080-nexp-r.fits.fz,https://portal.nersc.gov/cfs/cosmo/data/legacysurvey/dr5/coadd/206/2068p080/legacysurvey-2068p080-nexp-r.fits.fz,2026-09-17T13:21:29.991469+00:00,200,"""23dc0-5576c89a61240""","Wed, 23 Aug 2017 14:29:21 GMT",146880,0,,,,,,METADATA_ONLY,,True,,
S6,,,,https://portal.nersc.gov/cfs/cosmo/data/legacysurvey/dr5/coadd/206/2068p080/legacysurvey-2068p080-nexp-z.fits.fz,https://portal.nersc.gov/cfs/cosmo/data/legacysurvey/dr5/coadd/206/2068p080/legacysurvey-2068p080-nexp-z.fits.fz,2026-09-17T13:21:30.809775+00:00,200,"""32a00-5576c8b144840""","Wed, 23 Aug 2017 14:29:45 GMT",207360,0,,,,,,METADATA_ONLY,,True,,
S6,,,,https://portal.nersc.gov/cfs/cosmo/data/legacysurvey/dr5/coadd/207/2072p187/legacysurvey-2072p187-nexp-g.fits.fz,https://portal.nersc.gov/cfs/cosmo/data/legacysurvey/dr5/coadd/207/2072p187/legacysurvey-2072p187-nexp-g.fits.fz,2026-09-17T13:21:31.887054+00:00,200,"""15cc0-5576b935cc140""","Wed, 23 Aug 2017 13:20:29 GMT",89280,0,,,,,,METADATA_ONLY,,True,,
S6,,,,https://portal.nersc.gov/cfs/cosmo/data/legacysurvey/dr5/coadd/207/2072p187/legacysurvey-2072p187-nexp-r.fits.fz,https://portal.nersc.gov/cfs/cosmo/data/legacysurvey/dr5/coadd/207/2072p187/legacysurvey-2072p187-nexp-r.fits.fz,2026-09-17T13:21:33.383280+00:00,200,"""12fc0-5576b93b84ec0""","Wed, 23 Aug 2017 13:20:35 GMT",77760,0,,,,,,METADATA_ONLY,,True,,
S6,,,,https://portal.nersc.gov/cfs/cosmo/data/legacysurvey/dr5/coadd/207/2072p187/legacysurvey-2072p187-nexp-z.fits.fz,https://portal.nersc.gov/cfs/cosmo/data/legacysurvey/dr5/coadd/207/2072p187/legacysurvey-2072p187-nexp-z.fits.fz,2026-09-17T13:21:34.187375+00:00,200,"""1ab80-5576b946f69c0""","Wed, 23 Aug 2017 13:20:47 GMT",109440,0,,,,,,METADATA_ONLY,,True,,
S6,,,,https://portal.nersc.gov/cfs/cosmo/data/legacysurvey/dr5/coadd/209/2097m067/legacysurvey-2097m067-nexp-g.fits.fz,https://portal.nersc.gov/cfs/cosmo/data/legacysurvey/dr5/coadd/209/2097m067/legacysurvey-2097m067-nexp-g.fits.fz,2026-09-17T13:21:35.053513+00:00,200,"""1ef00-55770a1058340""","Wed, 23 Aug 2017 19:22:13 GMT",126720,0,,,,,,METADATA_ONLY,,True,,
S6,,,,https://portal.nersc.gov/cfs/cosmo/data/legacysurvey/dr5/coadd/209/2097m067/legacysurvey-2097m067-nexp-r.fits.fz,https://portal.nersc.gov/cfs/cosmo/data/legacysurvey/dr5/coadd/209/2097m067/legacysurvey-2097m067-nexp-r.fits.fz,2026-09-17T13:21:36.194536+00:00,200,"""1a040-55770a17f9540""","Wed, 23 Aug 2017 19:22:21 GMT",106560,0,,,,,,METADATA_ONLY,,True,,
S6,,,,https://portal.nersc.gov/cfs/cosmo/data/legacysurvey/dr5/coadd/209/2097m067/legacysurvey-2097m067-nexp-z.fits.fz,https://portal.nersc.gov/cfs/cosmo/data/legacysurvey/dr5/coadd/209/2097m067/legacysurvey-2097m067-nexp-z.fits.fz,2026-09-17T13:21:37.189181+00:00,200,"""19500-55770a208e980""","Wed, 23 Aug 2017 19:22:30 GMT",103680,0,,,,,,METADATA_ONLY,,True,,
S6,,,,https://portal.nersc.gov/cfs/cosmo/data/legacysurvey/dr5/coadd/210/2108p162/legacysurvey-2108p162-nexp-g.fits.fz,https://portal.nersc.gov/cfs/cosmo/data/legacysurvey/dr5/coadd/210/2108p162/legacysurvey-2108p162-nexp-g.fits.fz,2026-09-17T13:21:38.023502+00:00,200,"""28140-557734db33900""","Wed, 23 Aug 2017 22:33:40 GMT",164160,0,,,,,,METADATA_ONLY,,True,,
S6,,,,https://portal.nersc.gov/cfs/cosmo/data/legacysurvey/dr5/coadd/210/2108p162/legacysurvey-2108p162-nexp-r.fits.fz,https://portal.nersc.gov/cfs/cosmo/data/legacysurvey/dr5/coadd/210/2108p162/legacysurvey-2108p162-nexp-r.fits.fz,2026-09-17T13:21:39.129593+00:00,200,"""1b6c0-557734e5b11c0""","Wed, 23 Aug 2017 22:33:51 GMT",112320,0,,,,,,METADATA_ONLY,,True,,
S6,,,,https://portal.nersc.gov/cfs/cosmo/data/legacysurvey/dr5/coadd/210/2108p162/legacysurvey-2108p162-nexp-z.fits.fz,https://portal.nersc.gov/cfs/cosmo/data/legacysurvey/dr5/coadd/210/2108p162/legacysurvey-2108p162-nexp-z.fits.fz,2026-09-17T13:21:39.989411+00:00,200,"""1ef00-557734f30b140""","Wed, 23 Aug 2017 22:34:05 GMT",126720,0,,,,,,METADATA_ONLY,,True,,
S6,,,,https://portal.nersc.gov/cfs/cosmo/data/legacysurvey/dr5/coadd/212/2126p250/legacysurvey-2126p250-nexp-g.fits.fz,https://portal.nersc.gov/cfs/cosmo/data/legacysurvey/dr5/coadd/212/2126p250/legacysurvey-2126p250-nexp-g.fits.fz,2026-09-17T13:21:41.048458+00:00,200,"""17e80-5577681faad80""","Thu, 24 Aug 2017 02:23:02 GMT",97920,0,,,,,,METADATA_ONLY,,True,,
S6,,,,https://portal.nersc.gov/cfs/cosmo/data/legacysurvey/dr5/coadd/212/2126p250/legacysurvey-2126p250-nexp-r.fits.fz,https://portal.nersc.gov/cfs/cosmo/data/legacysurvey/dr5/coadd/212/2126p250/legacysurvey-2126p250-nexp-r.fits.fz,2026-09-17T13:21:42.328344+00:00,200,"""17e80-55776828401c0""","Thu, 24 Aug 2017 02:23:11 GMT",97920,0,,,,,,METADATA_ONLY,,True,,
S6,,,,https://portal.nersc.gov/cfs/cosmo/data/legacysurvey/dr5/coadd/212/2126p250/legacysurvey-2126p250-nexp-z.fits.fz,https://portal.nersc.gov/cfs/cosmo/data/legacysurvey/dr5/coadd/212/2126p250/legacysurvey-2126p250-nexp-z.fits.fz,2026-09-17T13:21:43.097597+00:00,200,"""1ef00-557768359a140""","Thu, 24 Aug 2017 02:23:25 GMT",126720,0,,,,,,METADATA_ONLY,,True,,
S6,,,,https://portal.nersc.gov/cfs/cosmo/data/legacysurvey/dr5/coadd/212/2128p250/legacysurvey-2128p250-nexp-g.fits.fz,https://portal.nersc.gov/cfs/cosmo/data/legacysurvey/dr5/coadd/212/2128p250/legacysurvey-2128p250-nexp-g.fits.fz,2026-09-17T13:21:44.011457+00:00,200,"""17340-55775c6c2d240""","Thu, 24 Aug 2017 01:30:41 GMT",95040,0,,,,,,METADATA_ONLY,,True,,
S6,,,,https://portal.nersc.gov/cfs/cosmo/data/legacysurvey/dr5/coadd/212/2128p250/legacysurvey-2128p250-nexp-r.fits.fz,https://portal.nersc.gov/cfs/cosmo/data/legacysurvey/dr5/coadd/212/2128p250/legacysurvey-2128p250-nexp-r.fits.fz,2026-09-17T13:21:44.746109+00:00,200,"""16800-55775c74c2680""","Thu, 24 Aug 2017 01:30:50 GMT",92160,0,,,,,,METADATA_ONLY,,True,,
S6,,,,https://portal.nersc.gov/cfs/cosmo/data/legacysurvey/dr5/coadd/212/2128p250/legacysurvey-2128p250-nexp-z.fits.fz,https://portal.nersc.gov/cfs/cosmo/data/legacysurvey/dr5/coadd/212/2128p250/legacysurvey-2128p250-nexp-z.fits.fz,2026-09-17T13:21:46.087528+00:00,200,"""1b6c0-55775c8034180""","Thu, 24 Aug 2017 01:31:02 GMT",112320,0,,,,,,METADATA_ONLY,,True,,
S6,,,,https://portal.nersc.gov/cfs/cosmo/data/legacysurvey/dr5/coadd/213/2139p050/legacysurvey-2139p050-nexp-g.fits.fz,https://portal.nersc.gov/cfs/cosmo/data/legacysurvey/dr5/coadd/213/2139p050/legacysurvey-2139p050-nexp-g.fits.fz,2026-09-17T13:21:47.026177+00:00,200,"""25440-55779ff64aac0""","Thu, 24 Aug 2017 06:32:51 GMT",152640,0,,,,,,METADATA_ONLY,,True,,
S6,,,,https://portal.nersc.gov/cfs/cosmo/data/legacysurvey/dr5/coadd/213/2139p050/legacysurvey-2139p050-nexp-r.fits.fz,https://portal.nersc.gov/cfs/cosmo/data/legacysurvey/dr5/coadd/213/2139p050/legacysurvey-2139p050-nexp-r.fits.fz,2026-09-17T13:21:47.911279+00:00,200,"""28140-5577a0095d7c0""","Thu, 24 Aug 2017 06:33:11 GMT",164160,0,,,,,,METADATA_ONLY,,True,,
S6,,,,https://portal.nersc.gov/cfs/cosmo/data/legacysurvey/dr5/coadd/213/2139p050/legacysurvey-2139p050-nexp-z.fits.fz,https://portal.nersc.gov/cfs/cosmo/data/legacysurvey/dr5/coadd/213/2139p050/legacysurvey-2139p050-nexp-z.fits.fz,2026-09-17T13:21:49.121913+00:00,200,"""33540-5577a01f4cb80""","Thu, 24 Aug 2017 06:33:34 GMT",210240,0,,,,,,METADATA_ONLY,,True,,
S6,,,,https://portal.nersc.gov/cfs/cosmo/data/legacysurvey/dr5/coadd/217/2171p017/legacysurvey-2171p017-nexp-g.fits.fz,https://portal.nersc.gov/cfs/cosmo/data/legacysurvey/dr5/coadd/217/2171p017/legacysurvey-2171p017-nexp-g.fits.fz,2026-09-17T13:21:50.391926+00:00,200,"""17e80-5577b8a73ebc0""","Thu, 24 Aug 2017 08:23:19 GMT",97920,0,,,,,,METADATA_ONLY,,True,,
S6,,,,https://portal.nersc.gov/cfs/cosmo/data/legacysurvey/dr5/coadd/217/2171p017/legacysurvey-2171p017-nexp-r.fits.fz,https://portal.nersc.gov/cfs/cosmo/data/legacysurvey/dr5/coadd/217/2171p017/legacysurvey-2171p017-nexp-r.fits.fz,2026-09-17T13:21:51.475790+00:00,200,"""1a040-5577b8b3a4900""","Thu, 24 Aug 2017 08:23:32 GMT",106560,0,,,,,,METADATA_ONLY,,True,,
S6,,,,https://portal.nersc.gov/cfs/cosmo/data/legacysurvey/dr5/coadd/217/2171p017/legacysurvey-2171p017-nexp-z.fits.fz,https://portal.nersc.gov/cfs/cosmo/data/legacysurvey/dr5/coadd/217/2171p017/legacysurvey-2171p017-nexp-z.fits.fz,2026-09-17T13:21:52.303902+00:00,200,"""22740-5577b8c7ab840""","Thu, 24 Aug 2017 08:23:53 GMT",141120,0,,,,,,METADATA_ONLY,,True,,
S6,,,,https://portal.nersc.gov/cfs/cosmo/data/legacysurvey/dr5/coadd/218/2187p195/legacysurvey-2187p195-nexp-g.fits.fz,https://portal.nersc.gov/cfs/cosmo/data/legacysurvey/dr5/coadd/218/2187p195/legacysurvey-2187p195-nexp-g.fits.fz,2026-09-17T13:21:53.339245+00:00,200,"""19500-5577bf7c48a40""","Thu, 24 Aug 2017 08:53:53 GMT",103680,0,,,,,,METADATA_ONLY,,True,,
S6,,,,https://portal.nersc.gov/cfs/cosmo/data/legacysurvey/dr5/coadd/218/2187p195/legacysurvey-2187p195-nexp-r.fits.fz,https://portal.nersc.gov/cfs/cosmo/data/legacysurvey/dr5/coadd/218/2187p195/legacysurvey-2187p195-nexp-r.fits.fz,2026-09-17T13:21:54.566150+00:00,200,"""13b00-5577bf82f5a00""","Thu, 24 Aug 2017 08:54:00 GMT",80640,0,,,,,,METADATA_ONLY,,True,,
S6,,,,https://portal.nersc.gov/cfs/cosmo/data/legacysurvey/dr5/coadd/218/2187p195/legacysurvey-2187p195-nexp-z.fits.fz,https://portal.nersc.gov/cfs/cosmo/data/legacysurvey/dr5/coadd/218/2187p195/legacysurvey-2187p195-nexp-z.fits.fz,2026-09-17T13:21:55.352121+00:00,200,"""1e3c0-5577bf8d732c0""","Thu, 24 Aug 2017 08:54:11 GMT",123840,0,,,,,,METADATA_ONLY,,True,,
S6,,,,https://portal.nersc.gov/cfs/cosmo/data/legacysurvey/dr5/coadd/219/2190p195/legacysurvey-2190p195-nexp-g.fits.fz,https://portal.nersc.gov/cfs/cosmo/data/legacysurvey/dr5/coadd/219/2190p195/legacysurvey-2190p195-nexp-g.fits.fz,2026-09-17T13:21:56.204411+00:00,200,"""1b6c0-5577c9a4f4200""","Thu, 24 Aug 2017 09:39:20 GMT",112320,0,,,,,,METADATA_ONLY,,True,,
S6,,,,https://portal.nersc.gov/cfs/cosmo/data/legacysurvey/dr5/coadd/219/2190p195/legacysurvey-2190p195-nexp-r.fits.fz,https://portal.nersc.gov/cfs/cosmo/data/legacysurvey/dr5/coadd/219/2190p195/legacysurvey-2190p195-nexp-r.fits.fz,2026-09-17T13:21:57.210105+00:00,200,"""17340-5577c9ae7d880""","Thu, 24 Aug 2017 09:39:30 GMT",95040,0,,,,,,METADATA_ONLY,,True,,
S6,,,,https://portal.nersc.gov/cfs/cosmo/data/legacysurvey/dr5/coadd/219/2190p195/legacysurvey-2190p195-nexp-z.fits.fz,https://portal.nersc.gov/cfs/cosmo/data/legacysurvey/dr5/coadd/219/2190p195/legacysurvey-2190p195-nexp-z.fits.fz,2026-09-17T13:21:59.079237+00:00,200,"""22740-5577c9bdbfc80""","Thu, 24 Aug 2017 09:39:46 GMT",141120,0,,,,,,METADATA_ONLY,,True,,
S6,,,,https://portal.nersc.gov/cfs/cosmo/data/legacysurvey/dr5/coadd/219/2193p270/legacysurvey-2193p270-nexp-g.fits.fz,https://portal.nersc.gov/cfs/cosmo/data/legacysurvey/dr5/coadd/219/2193p270/legacysurvey-2193p270-nexp-g.fits.fz,2026-09-17T13:21:59.932266+00:00,200,"""19500-5577c43e20380""","Thu, 24 Aug 2017 09:15:10 GMT",103680,0,,,,,,METADATA_ONLY,,True,,
S6,,,,https://portal.nersc.gov/cfs/cosmo/data/legacysurvey/dr5/coadd/219/2193p270/legacysurvey-2193p270-nexp-r.fits.fz,https://portal.nersc.gov/cfs/cosmo/data/legacysurvey/dr5/coadd/219/2193p270/legacysurvey-2193p270-nexp-r.fits.fz,2026-09-17T13:22:01.175986+00:00,200,"""15180-5577c444cd340""","Thu, 24 Aug 2017 09:15:17 GMT",86400,0,,,,,,METADATA_ONLY,,True,,
S6,,,,https://portal.nersc.gov/cfs/cosmo/data/legacysurvey/dr5/coadd/219/2193p270/legacysurvey-2193p270-nexp-z.fits.fz,https://portal.nersc.gov/cfs/cosmo/data/legacysurvey/dr5/coadd/219/2193p270/legacysurvey-2193p270-nexp-z.fits.fz,2026-09-17T13:22:02.329934+00:00,200,"""1b6c0-5577c44f4ac00""","Thu, 24 Aug 2017 09:15:28 GMT",112320,0,,,,,,METADATA_ONLY,,True,,
S6,,,,https://portal.nersc.gov/cfs/cosmo/data/legacysurvey/dr5/coadd/219/2196p270/legacysurvey-2196p270-nexp-g.fits.fz,https://portal.nersc.gov/cfs/cosmo/data/legacysurvey/dr5/coadd/219/2196p270/legacysurvey-2196p270-nexp-g.fits.fz,2026-09-17T13:22:08.181975+00:00,200,"""19500-5577c633c2300""","Thu, 24 Aug 2017 09:23:56 GMT",103680,0,,,,,,METADATA_ONLY,,True,,
S6,,,,https://portal.nersc.gov/cfs/cosmo/data/legacysurvey/dr5/coadd/219/2196p270/legacysurvey-2196p270-nexp-r.fits.fz,https://portal.nersc.gov/cfs/cosmo/data/legacysurvey/dr5/coadd/219/2196p270/legacysurvey-2196p270-nexp-r.fits.fz,2026-09-17T13:22:09.563928+00:00,200,"""14640-5577c6397b080""","Thu, 24 Aug 2017 09:24:02 GMT",83520,0,,,,,,METADATA_ONLY,,True,,
S6,,,,https://portal.nersc.gov/cfs/cosmo/data/legacysurvey/dr5/coadd/219/2196p270/legacysurvey-2196p270-nexp-z.fits.fz,https://portal.nersc.gov/cfs/cosmo/data/legacysurvey/dr5/coadd/219/2196p270/legacysurvey-2196p270-nexp-z.fits.fz,2026-09-17T13:22:15.411603+00:00,200,"""1ef00-5577c645e0dc0""","Thu, 24 Aug 2017 09:24:15 GMT",126720,0,,,,,,METADATA_ONLY,,True,,
S6,,,,https://portal.nersc.gov/cfs/cosmo/data/legacysurvey/dr5/coadd/219/2197p190/legacysurvey-2197p190-nexp-g.fits.fz,https://portal.nersc.gov/cfs/cosmo/data/legacysurvey/dr5/coadd/219/2197p190/legacysurvey-2197p190-nexp-g.fits.fz,2026-09-17T13:22:21.475477+00:00,200,"""17e80-5577c9fe99580""","Thu, 24 Aug 2017 09:40:54 GMT",97920,0,,,,,,METADATA_ONLY,,True,,
S6,,,,https://portal.nersc.gov/cfs/cosmo/data/legacysurvey/dr5/coadd/219/2197p190/legacysurvey-2197p190-nexp-r.fits.fz,https://portal.nersc.gov/cfs/cosmo/data/legacysurvey/dr5/coadd/219/2197p190/legacysurvey-2197p190-nexp-r.fits.fz,2026-09-17T13:22:22.525382+00:00,200,"""189c0-5577ca0822c00""","Thu, 24 Aug 2017 09:41:04 GMT",100800,0,,,,,,METADATA_ONLY,,True,,
S6,,,,https://portal.nersc.gov/cfs/cosmo/data/legacysurvey/dr5/coadd/219/2197p190/legacysurvey-2197p190-nexp-z.fits.fz,https://portal.nersc.gov/cfs/cosmo/data/legacysurvey/dr5/coadd/219/2197p190/legacysurvey-2197p190-nexp-z.fits.fz,2026-09-17T13:22:23.652009+00:00,200,"""1c200-5577ca12a04c0""","Thu, 24 Aug 2017 09:41:15 GMT",115200,0,,,,,,METADATA_ONLY,,True,,
S6,,,,https://portal.nersc.gov/cfs/cosmo/data/legacysurvey/dr5/coadd/220/2205p137/legacysurvey-2205p137-nexp-g.fits.fz,https://portal.nersc.gov/cfs/cosmo/data/legacysurvey/dr5/coadd/220/2205p137/legacysurvey-2205p137-nexp-g.fits.fz,2026-09-17T13:22:29.510999+00:00,200,"""1e3c0-5577dc7abb200""","Thu, 24 Aug 2017 11:03:36 GMT",123840,0,,,,,,METADATA_ONLY,,True,,
S6,,,,https://portal.nersc.gov/cfs/cosmo/data/legacysurvey/dr5/coadd/220/2205p137/legacysurvey-2205p137-nexp-r.fits.fz,https://portal.nersc.gov/cfs/cosmo/data/legacysurvey/dr5/coadd/220/2205p137/legacysurvey-2205p137-nexp-r.fits.fz,2026-09-17T13:22:30.693345+00:00,200,"""1fa40-5577dc8be5a80""","Thu, 24 Aug 2017 11:03:54 GMT",129600,0,,,,,,METADATA_ONLY,,True,,
S6,,,,https://portal.nersc.gov/cfs/cosmo/data/legacysurvey/dr5/coadd/220/2205p137/legacysurvey-2205p137-nexp-z.fits.fz,https://portal.nersc.gov/cfs/cosmo/data/legacysurvey/dr5/coadd/220/2205p137/legacysurvey-2205p137-nexp-z.fits.fz,2026-09-17T13:22:33.071881+00:00,200,"""1fa40-5577dc9757580""","Thu, 24 Aug 2017 11:04:06 GMT",129600,0,,,,,,METADATA_ONLY,,True,,
S6,,,,https://portal.nersc.gov/cfs/cosmo/data/legacysurvey/dr5/coadd/222/2226p037/legacysurvey-2226p037-nexp-g.fits.fz,https://portal.nersc.gov/cfs/cosmo/data/legacysurvey/dr5/coadd/222/2226p037/legacysurvey-2226p037-nexp-g.fits.fz,2026-09-17T13:22:34.505720+00:00,200,"""1d880-5577f76d9c680""","Thu, 24 Aug 2017 13:04:10 GMT",120960,0,,,,,,METADATA_ONLY,,True,,
S6,,,,https://portal.nersc.gov/cfs/cosmo/data/legacysurvey/dr5/coadd/222/2226p037/legacysurvey-2226p037-nexp-r.fits.fz,https://portal.nersc.gov/cfs/cosmo/data/legacysurvey/dr5/coadd/222/2226p037/legacysurvey-2226p037-nexp-r.fits.fz,2026-09-17T13:22:35.854942+00:00,200,"""1b6c0-5577f77af6600""","Thu, 24 Aug 2017 13:04:24 GMT",112320,0,,,,,,METADATA_ONLY,,True,,
S6,,,,https://portal.nersc.gov/cfs/cosmo/data/legacysurvey/dr5/coadd/222/2226p037/legacysurvey-2226p037-nexp-z.fits.fz,https://portal.nersc.gov/cfs/cosmo/data/legacysurvey/dr5/coadd/222/2226p037/legacysurvey-2226p037-nexp-z.fits.fz,2026-09-17T13:22:36.980160+00:00,200,"""25f80-5577f78ff1780""","Thu, 24 Aug 2017 13:04:46 GMT",155520,0,,,,,,METADATA_ONLY,,True,,
S6,,,,https://portal.nersc.gov/cfs/cosmo/data/legacysurvey/dr5/coadd/226/2266p072/legacysurvey-2266p072-nexp-g.fits.fz,https://portal.nersc.gov/cfs/cosmo/data/legacysurvey/dr5/coadd/226/2266p072/legacysurvey-2266p072-nexp-g.fits.fz,2026-09-17T13:22:37.994904+00:00,200,"""16800-557819123e640""","Thu, 24 Aug 2017 15:34:41 GMT",92160,0,,,,,,METADATA_ONLY,,True,,
S6,,,,https://portal.nersc.gov/cfs/cosmo/data/legacysurvey/dr5/coadd/226/2266p072/legacysurvey-2266p072-nexp-r.fits.fz,https://portal.nersc.gov/cfs/cosmo/data/legacysurvey/dr5/coadd/226/2266p072/legacysurvey-2266p072-nexp-r.fits.fz,2026-09-17T13:22:39.462348+00:00,200,"""11940-557819160ef40""","Thu, 24 Aug 2017 15:34:45 GMT",72000,0,,,,,,METADATA_ONLY,,True,,
S6,,,,https://portal.nersc.gov/cfs/cosmo/data/legacysurvey/dr5/coadd/226/2266p072/legacysurvey-2266p072-nexp-z.fits.fz,https://portal.nersc.gov/cfs/cosmo/data/legacysurvey/dr5/coadd/226/2266p072/legacysurvey-2266p072-nexp-z.fits.fz,2026-09-17T13:22:40.960835+00:00,200,"""23280-5578192368ec0""","Thu, 24 Aug 2017 15:34:59 GMT",144000,0,,,,,,METADATA_ONLY,,True,,
S6,,,,https://portal.nersc.gov/cfs/cosmo/data/legacysurvey/dr5/coadd/226/2269p072/legacysurvey-2269p072-nexp-g.fits.fz,https://portal.nersc.gov/cfs/cosmo/data/legacysurvey/dr5/coadd/226/2269p072/legacysurvey-2269p072-nexp-g.fits.fz,2026-09-17T13:22:42.099328+00:00,200,"""17e80-557822a9f4800""","Thu, 24 Aug 2017 16:17:36 GMT",97920,0,,,,,,METADATA_ONLY,,True,,
S6,,,,https://portal.nersc.gov/cfs/cosmo/data/legacysurvey/dr5/coadd/226/2269p072/legacysurvey-2269p072-nexp-r.fits.fz,https://portal.nersc.gov/cfs/cosmo/data/legacysurvey/dr5/coadd/226/2269p072/legacysurvey-2269p072-nexp-r.fits.fz,2026-09-17T13:22:45.260170+00:00,200,"""14640-557822b0a17c0""","Thu, 24 Aug 2017 16:17:43 GMT",83520,0,,,,,,METADATA_ONLY,,True,,
S6,,,,https://portal.nersc.gov/cfs/cosmo/data/legacysurvey/dr5/coadd/226/2269p072/legacysurvey-2269p072-nexp-z.fits.fz,https://portal.nersc.gov/cfs/cosmo/data/legacysurvey/dr5/coadd/226/2269p072/legacysurvey-2269p072-nexp-z.fits.fz,2026-09-17T13:22:46.071124+00:00,200,"""26ac0-557822bdfb740""","Thu, 24 Aug 2017 16:17:57 GMT",158400,0,,,,,,METADATA_ONLY,,True,,
S6,,,,https://portal.nersc.gov/cfs/cosmo/data/legacysurvey/dr5/coadd/227/2273p057/legacysurvey-2273p057-nexp-g.fits.fz,https://portal.nersc.gov/cfs/cosmo/data/legacysurvey/dr5/coadd/227/2273p057/legacysurvey-2273p057-nexp-g.fits.fz,2026-09-17T13:22:47.417277+00:00,200,"""2e680-557bc3be6c180""","Sun, 27 Aug 2017 13:34:14 GMT",190080,0,,,,,,METADATA_ONLY,,True,,
S6,,,,https://portal.nersc.gov/cfs/cosmo/data/legacysurvey/dr5/coadd/227/2273p057/legacysurvey-2273p057-nexp-r.fits.fz,https://portal.nersc.gov/cfs/cosmo/data/legacysurvey/dr5/coadd/227/2273p057/legacysurvey-2273p057-nexp-r.fits.fz,2026-09-17T13:22:53.169707+00:00,200,"""31ec0-557bc3d08ac40""","Sun, 27 Aug 2017 13:34:33 GMT",204480,0,,,,,,METADATA_ONLY,,True,,
S6,,,,https://portal.nersc.gov/cfs/cosmo/data/legacysurvey/dr5/coadd/227/2273p057/legacysurvey-2273p057-nexp-z.fits.fz,https://portal.nersc.gov/cfs/cosmo/data/legacysurvey/dr5/coadd/227/2273p057/legacysurvey-2273p057-nexp-z.fits.fz,2026-09-17T13:22:54.477190+00:00,200,"""36d80-557bc3ee1b200""","Sun, 27 Aug 2017 13:35:04 GMT",224640,0,,,,,,METADATA_ONLY,,True,,
S6,,,,https://portal.nersc.gov/cfs/cosmo/data/legacysurvey/dr5/coadd/227/2275p060/legacysurvey-2275p060-nexp-g.fits.fz,https://portal.nersc.gov/cfs/cosmo/data/legacysurvey/dr5/coadd/227/2275p060/legacysurvey-2275p060-nexp-g.fits.fz,2026-09-17T13:22:55.271361+00:00,200,"""2c4c0-55787b3b8fdc0""","Thu, 24 Aug 2017 22:53:51 GMT",181440,0,,,,,,METADATA_ONLY,,True,,
S6,,,,https://portal.nersc.gov/cfs/cosmo/data/legacysurvey/dr5/coadd/227/2275p060/legacysurvey-2275p060-nexp-r.fits.fz,https://portal.nersc.gov/cfs/cosmo/data/legacysurvey/dr5/coadd/227/2275p060/legacysurvey-2275p060-nexp-r.fits.fz,2026-09-17T13:22:56.499949+00:00,200,"""32a00-55787b508af40""","Thu, 24 Aug 2017 22:54:13 GMT",207360,0,,,,,,METADATA_ONLY,,True,,
S6,,,,https://portal.nersc.gov/cfs/cosmo/data/legacysurvey/dr5/coadd/227/2275p060/legacysurvey-2275p060-nexp-z.fits.fz,https://portal.nersc.gov/cfs/cosmo/data/legacysurvey/dr5/coadd/227/2275p060/legacysurvey-2275p060-nexp-z.fits.fz,2026-09-17T13:22:57.634100+00:00,200,"""3b100-55787b6f0f740""","Thu, 24 Aug 2017 22:54:45 GMT",241920,0,,,,,,METADATA_ONLY,,True,,
S6,,,,https://portal.nersc.gov/cfs/cosmo/data/legacysurvey/dr5/coadd/228/2280p235/legacysurvey-2280p235-nexp-g.fits.fz,https://portal.nersc.gov/cfs/cosmo/data/legacysurvey/dr5/coadd/228/2280p235/legacysurvey-2280p235-nexp-g.fits.fz,2026-09-17T13:22:58.876558+00:00,200,"""13b00-557829f44bb40""","Thu, 24 Aug 2017 16:50:13 GMT",80640,0,,,,,,METADATA_ONLY,,True,,
S6,,,,https://portal.nersc.gov/cfs/cosmo/data/legacysurvey/dr5/coadd/228/2280p235/legacysurvey-2280p235-nexp-r.fits.fz,https://portal.nersc.gov/cfs/cosmo/data/legacysurvey/dr5/coadd/228/2280p235/legacysurvey-2280p235-nexp-r.fits.fz,2026-09-17T13:23:04.815553+00:00,200,"""1b6c0-55782a0299d00""","Thu, 24 Aug 2017 16:50:28 GMT",112320,0,,,,,,METADATA_ONLY,,True,,
S6,,,,https://portal.nersc.gov/cfs/cosmo/data/legacysurvey/dr5/coadd/228/2280p235/legacysurvey-2280p235-nexp-z.fits.fz,https://portal.nersc.gov/cfs/cosmo/data/legacysurvey/dr5/coadd/228/2280p235/legacysurvey-2280p235-nexp-z.fits.fz,2026-09-17T13:23:10.559552+00:00,200,"""1ef00-55782a10e7ec0""","Thu, 24 Aug 2017 16:50:43 GMT",126720,0,,,,,,METADATA_ONLY,,True,,
S6,,,,https://portal.nersc.gov/cfs/cosmo/data/legacysurvey/dr5/coadd/228/2281p232/legacysurvey-2281p232-nexp-g.fits.fz,https://portal.nersc.gov/cfs/cosmo/data/legacysurvey/dr5/coadd/228/2281p232/legacysurvey-2281p232-nexp-g.fits.fz,2026-09-17T13:23:11.584544+00:00,200,"""12fc0-55782c02b9540""","Thu, 24 Aug 2017 16:59:25 GMT",77760,0,,,,,,METADATA_ONLY,,True,,
S6,,,,https://portal.nersc.gov/cfs/cosmo/data/legacysurvey/dr5/coadd/228/2281p232/legacysurvey-2281p232-nexp-r.fits.fz,https://portal.nersc.gov/cfs/cosmo/data/legacysurvey/dr5/coadd/228/2281p232/legacysurvey-2281p232-nexp-r.fits.fz,2026-09-17T13:23:13.086007+00:00,200,"""1c200-55782c10134c0""","Thu, 24 Aug 2017 16:59:39 GMT",115200,0,,,,,,METADATA_ONLY,,True,,
S6,,,,https://portal.nersc.gov/cfs/cosmo/data/legacysurvey/dr5/coadd/228/2281p232/legacysurvey-2281p232-nexp-z.fits.fz,https://portal.nersc.gov/cfs/cosmo/data/legacysurvey/dr5/coadd/228/2281p232/legacysurvey-2281p232-nexp-z.fits.fz,2026-09-17T13:23:14.520637+00:00,200,"""1ab80-55782c1c79200""","Thu, 24 Aug 2017 16:59:52 GMT",109440,0,,,,,,METADATA_ONLY,,True,,
S6,,,,https://portal.nersc.gov/cfs/cosmo/data/legacysurvey/dr5/coadd/230/2306p277/legacysurvey-2306p277-nexp-g.fits.fz,https://portal.nersc.gov/cfs/cosmo/data/legacysurvey/dr5/coadd/230/2306p277/legacysurvey-2306p277-nexp-g.fits.fz,2026-09-17T13:23:16.001677+00:00,200,"""1a040-557d740e6b580""","Mon, 28 Aug 2017 21:48:22 GMT",106560,0,,,,,,METADATA_ONLY,,True,,
S6,,,,https://portal.nersc.gov/cfs/cosmo/data/legacysurvey/dr5/coadd/230/2306p277/legacysurvey-2306p277-nexp-r.fits.fz,https://portal.nersc.gov/cfs/cosmo/data/legacysurvey/dr5/coadd/230/2306p277/legacysurvey-2306p277-nexp-r.fits.fz,2026-09-17T13:23:17.132440+00:00,200,"""17340-557d7417009c0""","Mon, 28 Aug 2017 21:48:31 GMT",95040,0,,,,,,METADATA_ONLY,,True,,
S6,,,,https://portal.nersc.gov/cfs/cosmo/data/legacysurvey/dr5/coadd/230/2306p277/legacysurvey-2306p277-nexp-z.fits.fz,https://portal.nersc.gov/cfs/cosmo/data/legacysurvey/dr5/coadd/230/2306p277/legacysurvey-2306p277-nexp-z.fits.fz,2026-09-17T13:23:17.921879+00:00,200,"""1ab80-557d7422724c0""","Mon, 28 Aug 2017 21:48:43 GMT",109440,0,,,,,,METADATA_ONLY,,True,,
S6,,,,https://portal.nersc.gov/cfs/cosmo/data/legacysurvey/dr5/coadd/234/2346p167/legacysurvey-2346p167-nexp-g.fits.fz,https://portal.nersc.gov/cfs/cosmo/data/legacysurvey/dr5/coadd/234/2346p167/legacysurvey-2346p167-nexp-g.fits.fz,2026-09-17T13:23:19.005219+00:00,200,"""17340-557867cb4a140""","Thu, 24 Aug 2017 21:26:53 GMT",95040,0,,,,,,METADATA_ONLY,,True,,
S6,,,,https://portal.nersc.gov/cfs/cosmo/data/legacysurvey/dr5/coadd/234/2346p167/legacysurvey-2346p167-nexp-r.fits.fz,https://portal.nersc.gov/cfs/cosmo/data/legacysurvey/dr5/coadd/234/2346p167/legacysurvey-2346p167-nexp-r.fits.fz,2026-09-17T13:23:19.932175+00:00,200,"""16800-557867d2eb340""","Thu, 24 Aug 2017 21:27:01 GMT",92160,0,,,,,,METADATA_ONLY,,True,,
S6,,,,https://portal.nersc.gov/cfs/cosmo/data/legacysurvey/dr5/coadd/234/2346p167/legacysurvey-2346p167-nexp-z.fits.fz,https://portal.nersc.gov/cfs/cosmo/data/legacysurvey/dr5/coadd/234/2346p167/legacysurvey-2346p167-nexp-z.fits.fz,2026-09-17T13:23:21.041877+00:00,200,"""22740-557867e321980""","Thu, 24 Aug 2017 21:27:18 GMT",141120,0,,,,,,METADATA_ONLY,,True,,
S6,,,,https://portal.nersc.gov/cfs/cosmo/data/legacysurvey/dr5/coadd/237/2372p037/legacysurvey-2372p037-nexp-g.fits.fz,https://portal.nersc.gov/cfs/cosmo/data/legacysurvey/dr5/coadd/237/2372p037/legacysurvey-2372p037-nexp-g.fits.fz,2026-09-17T13:23:22.562330+00:00,200,"""36d80-5578b8059e940""","Fri, 25 Aug 2017 03:25:49 GMT",224640,0,,,,,,METADATA_ONLY,,True,,
S6,,,,https://portal.nersc.gov/cfs/cosmo/data/legacysurvey/dr5/coadd/237/2372p037/legacysurvey-2372p037-nexp-r.fits.fz,https://portal.nersc.gov/cfs/cosmo/data/legacysurvey/dr5/coadd/237/2372p037/legacysurvey-2372p037-nexp-r.fits.fz,2026-09-17T13:23:23.634378+00:00,200,"""2fd00-5578b81a99ac0""","Fri, 25 Aug 2017 03:26:11 GMT",195840,0,,,,,,METADATA_ONLY,,True,,
S6,,,,https://portal.nersc.gov/cfs/cosmo/data/legacysurvey/dr5/coadd/237/2372p037/legacysurvey-2372p037-nexp-z.fits.fz,https://portal.nersc.gov/cfs/cosmo/data/legacysurvey/dr5/coadd/237/2372p037/legacysurvey-2372p037-nexp-z.fits.fz,2026-09-17T13:23:24.798547+00:00,200,"""2b980-5578b83365540""","Fri, 25 Aug 2017 03:26:37 GMT",178560,0,,,,,,METADATA_ONLY,,True,,
S6,,,,https://portal.nersc.gov/cfs/cosmo/data/legacysurvey/dr5/coadd/237/2374p037/legacysurvey-2374p037-nexp-g.fits.fz,https://portal.nersc.gov/cfs/cosmo/data/legacysurvey/dr5/coadd/237/2374p037/legacysurvey-2374p037-nexp-g.fits.fz,2026-09-17T13:23:26.116088+00:00,200,"""2b980-5578999eaef00""","Fri, 25 Aug 2017 01:09:48 GMT",178560,0,,,,,,METADATA_ONLY,,True,,
S6,,,,https://portal.nersc.gov/cfs/cosmo/data/legacysurvey/dr5/coadd/237/2374p037/legacysurvey-2374p037-nexp-r.fits.fz,https://portal.nersc.gov/cfs/cosmo/data/legacysurvey/dr5/coadd/237/2374p037/legacysurvey-2374p037-nexp-r.fits.fz,2026-09-17T13:23:27.446191+00:00,200,"""23280-557899aee5540""","Fri, 25 Aug 2017 01:10:05 GMT",144000,0,,,,,,METADATA_ONLY,,True,,
S6,,,,https://portal.nersc.gov/cfs/cosmo/data/legacysurvey/dr5/coadd/237/2374p037/legacysurvey-2374p037-nexp-z.fits.fz,https://portal.nersc.gov/cfs/cosmo/data/legacysurvey/dr5/coadd/237/2374p037/legacysurvey-2374p037-nexp-z.fits.fz,2026-09-17T13:23:28.370137+00:00,200,"""27600-557899c3e06c0""","Fri, 25 Aug 2017 01:10:27 GMT",161280,0,,,,,,METADATA_ONLY,,True,,
S6,,,,https://portal.nersc.gov/cfs/cosmo/data/legacysurvey/dr5/coadd/240/2407p187/legacysurvey-2407p187-nexp-g.fits.fz,https://portal.nersc.gov/cfs/cosmo/data/legacysurvey/dr5/coadd/240/2407p187/legacysurvey-2407p187-nexp-g.fits.fz,2026-09-17T13:23:29.169152+00:00,200,"""17e80-557890904d140""","Fri, 25 Aug 2017 00:29:17 GMT",97920,0,,,,,,METADATA_ONLY,,True,,
S6,,,,https://portal.nersc.gov/cfs/cosmo/data/legacysurvey/dr5/coadd/240/2407p187/legacysurvey-2407p187-nexp-r.fits.fz,https://portal.nersc.gov/cfs/cosmo/data/legacysurvey/dr5/coadd/240/2407p187/legacysurvey-2407p187-nexp-r.fits.fz,2026-09-17T13:23:30.185309+00:00,200,"""1a040-55789096fa100""","Fri, 25 Aug 2017 00:29:24 GMT",106560,0,,,,,,METADATA_ONLY,,True,,
S6,,,,https://portal.nersc.gov/cfs/cosmo/data/legacysurvey/dr5/coadd/240/2407p187/legacysurvey-2407p187-nexp-z.fits.fz,https://portal.nersc.gov/cfs/cosmo/data/legacysurvey/dr5/coadd/240/2407p187/legacysurvey-2407p187-nexp-z.fits.fz,2026-09-17T13:23:36.099697+00:00,200,"""21c00-557890a1779c0""","Fri, 25 Aug 2017 00:29:35 GMT",138240,0,,,,,,METADATA_ONLY,,True,,
S6,,,,https://portal.nersc.gov/cfs/cosmo/data/legacysurvey/dr5/coadd/240/2408p280/legacysurvey-2408p280-nexp-g.fits.fz,https://portal.nersc.gov/cfs/cosmo/data/legacysurvey/dr5/coadd/240/2408p280/legacysurvey-2408p280-nexp-g.fits.fz,2026-09-17T13:23:37.432153+00:00,200,"""14640-5578916310280""","Fri, 25 Aug 2017 00:32:58 GMT",83520,0,,,,,,METADATA_ONLY,,True,,
S6,,,,https://portal.nersc.gov/cfs/cosmo/data/legacysurvey/dr5/coadd/240/2408p280/legacysurvey-2408p280-nexp-r.fits.fz,https://portal.nersc.gov/cfs/cosmo/data/legacysurvey/dr5/coadd/240/2408p280/legacysurvey-2408p280-nexp-r.fits.fz,2026-09-17T13:23:38.163721+00:00,200,"""13b00-55789169bd240""","Fri, 25 Aug 2017 00:33:05 GMT",80640,0,,,,,,METADATA_ONLY,,True,,
S6,,,,https://portal.nersc.gov/cfs/cosmo/data/legacysurvey/dr5/coadd/240/2408p280/legacysurvey-2408p280-nexp-z.fits.fz,https://portal.nersc.gov/cfs/cosmo/data/legacysurvey/dr5/coadd/240/2408p280/legacysurvey-2408p280-nexp-z.fits.fz,2026-09-17T13:23:39.510582+00:00,200,"""22740-55789180a0840""","Fri, 25 Aug 2017 00:33:29 GMT",141120,0,,,,,,METADATA_ONLY,,True,,
S6,,,,https://portal.nersc.gov/cfs/cosmo/data/legacysurvey/dr5/coadd/241/2417p112/legacysurvey-2417p112-nexp-g.fits.fz,https://portal.nersc.gov/cfs/cosmo/data/legacysurvey/dr5/coadd/241/2417p112/legacysurvey-2417p112-nexp-g.fits.fz,2026-09-17T13:23:40.477823+00:00,200,"""2e680-5558052ce9b40""","Sun, 30 Jul 2017 03:15:17 GMT",190080,0,,,,,,METADATA_ONLY,,True,,
S6,,,,https://portal.nersc.gov/cfs/cosmo/data/legacysurvey/dr5/coadd/241/2417p112/legacysurvey-2417p112-nexp-r.fits.fz,https://portal.nersc.gov/cfs/cosmo/data/legacysurvey/dr5/coadd/241/2417p112/legacysurvey-2417p112-nexp-r.fits.fz,2026-09-17T13:23:41.324861+00:00,200,"""2e680-55580545b55c0""","Sun, 30 Jul 2017 03:15:43 GMT",190080,0,,,,,,METADATA_ONLY,,True,,
S6,,,,https://portal.nersc.gov/cfs/cosmo/data/legacysurvey/dr5/coadd/241/2417p112/legacysurvey-2417p112-nexp-z.fits.fz,https://portal.nersc.gov/cfs/cosmo/data/legacysurvey/dr5/coadd/241/2417p112/legacysurvey-2417p112-nexp-z.fits.fz,2026-09-17T13:23:42.955183+00:00,200,"""31380-5558055c98bc0""","Sun, 30 Jul 2017 03:16:07 GMT",201600,0,,,,,,METADATA_ONLY,,True,,
S6,,,,https://portal.nersc.gov/cfs/cosmo/data/legacysurvey/dr5/coadd/246/2460p212/legacysurvey-2460p212-nexp-g.fits.fz,https://portal.nersc.gov/cfs/cosmo/data/legacysurvey/dr5/coadd/246/2460p212/legacysurvey-2460p212-nexp-g.fits.fz,2026-09-17T13:23:43.889918+00:00,200,"""189c0-5578b15c73240""","Fri, 25 Aug 2017 02:56:01 GMT",100800,0,,,,,,METADATA_ONLY,,True,,
S6,,,,https://portal.nersc.gov/cfs/cosmo/data/legacysurvey/dr5/coadd/246/2460p212/legacysurvey-2460p212-nexp-r.fits.fz,https://portal.nersc.gov/cfs/cosmo/data/legacysurvey/dr5/coadd/246/2460p212/legacysurvey-2460p212-nexp-r.fits.fz,2026-09-17T13:23:45.427426+00:00,200,"""189c0-5578b165fc8c0""","Fri, 25 Aug 2017 02:56:11 GMT",100800,0,,,,,,METADATA_ONLY,,True,,
S6,,,,https://portal.nersc.gov/cfs/cosmo/data/legacysurvey/dr5/coadd/246/2460p212/legacysurvey-2460p212-nexp-z.fits.fz,https://portal.nersc.gov/cfs/cosmo/data/legacysurvey/dr5/coadd/246/2460p212/legacysurvey-2460p212-nexp-z.fits.fz,2026-09-17T13:23:46.359390+00:00,200,"""1c200-5578b1716e3c0""","Fri, 25 Aug 2017 02:56:23 GMT",115200,0,,,,,,METADATA_ONLY,,True,,
S6,,,,https://portal.nersc.gov/cfs/cosmo/data/legacysurvey/dr5/coadd/246/2463p112/legacysurvey-2463p112-nexp-g.fits.fz,https://portal.nersc.gov/cfs/cosmo/data/legacysurvey/dr5/coadd/246/2463p112/legacysurvey-2463p112-nexp-g.fits.fz,2026-09-17T13:23:47.439149+00:00,200,"""1e3c0-5578be107aac0""","Fri, 25 Aug 2017 03:52:51 GMT",123840,0,,,,,,METADATA_ONLY,,True,,
S6,,,,https://portal.nersc.gov/cfs/cosmo/data/legacysurvey/dr5/coadd/246/2463p112/legacysurvey-2463p112-nexp-r.fits.fz,https://portal.nersc.gov/cfs/cosmo/data/legacysurvey/dr5/coadd/246/2463p112/legacysurvey-2463p112-nexp-r.fits.fz,2026-09-17T13:23:48.368446+00:00,200,"""1d880-5578be1ce0800""","Fri, 25 Aug 2017 03:53:04 GMT",120960,0,,,,,,METADATA_ONLY,,True,,
S6,,,,https://portal.nersc.gov/cfs/cosmo/data/legacysurvey/dr5/coadd/246/2463p112/legacysurvey-2463p112-nexp-z.fits.fz,https://portal.nersc.gov/cfs/cosmo/data/legacysurvey/dr5/coadd/246/2463p112/legacysurvey-2463p112-nexp-z.fits.fz,2026-09-17T13:23:49.464711+00:00,200,"""25440-5578be2ff3500""","Fri, 25 Aug 2017 03:53:24 GMT",152640,0,,,,,,METADATA_ONLY,,True,,
S6,,,,https://portal.nersc.gov/cfs/cosmo/data/legacysurvey/dr5/coadd/251/2512p277/legacysurvey-2512p277-nexp-g.fits.fz,https://portal.nersc.gov/cfs/cosmo/data/legacysurvey/dr5/coadd/251/2512p277/legacysurvey-2512p277-nexp-g.fits.fz,2026-09-17T13:23:50.261192+00:00,200,"""13b00-5578da49840c0""","Fri, 25 Aug 2017 05:59:07 GMT",80640,0,,,,,,METADATA_ONLY,,True,,
S6,,,,https://portal.nersc.gov/cfs/cosmo/data/legacysurvey/dr5/coadd/251/2512p277/legacysurvey-2512p277-nexp-r.fits.fz,https://portal.nersc.gov/cfs/cosmo/data/legacysurvey/dr5/coadd/251/2512p277/legacysurvey-2512p277-nexp-r.fits.fz,2026-09-17T13:23:51.442878+00:00,200,"""12fc0-5578da4e48c00""","Fri, 25 Aug 2017 05:59:12 GMT",77760,0,,,,,,METADATA_ONLY,,True,,
S6,,,,https://portal.nersc.gov/cfs/cosmo/data/legacysurvey/dr5/coadd/251/2512p277/legacysurvey-2512p277-nexp-z.fits.fz,https://portal.nersc.gov/cfs/cosmo/data/legacysurvey/dr5/coadd/251/2512p277/legacysurvey-2512p277-nexp-z.fits.fz,2026-09-17T13:23:52.551550+00:00,200,"""1a040-5578da56de040""","Fri, 25 Aug 2017 05:59:21 GMT",106560,0,,,,,,METADATA_ONLY,,True,,
S6,,,,https://portal.nersc.gov/cfs/cosmo/data/legacysurvey/dr5/coadd/253/2534p260/legacysurvey-2534p260-nexp-g.fits.fz,https://portal.nersc.gov/cfs/cosmo/data/legacysurvey/dr5/coadd/253/2534p260/legacysurvey-2534p260-nexp-g.fits.fz,2026-09-17T13:23:58.498835+00:00,200,"""13b00-5578ec48b7680""","Fri, 25 Aug 2017 07:19:38 GMT",80640,0,,,,,,METADATA_ONLY,,True,,
S6,,,,https://portal.nersc.gov/cfs/cosmo/data/legacysurvey/dr5/coadd/253/2534p260/legacysurvey-2534p260-nexp-r.fits.fz,https://portal.nersc.gov/cfs/cosmo/data/legacysurvey/dr5/coadd/253/2534p260/legacysurvey-2534p260-nexp-r.fits.fz,2026-09-17T13:24:00.525778+00:00,200,"""13b00-5578ec4d7c1c0""","Fri, 25 Aug 2017 07:19:43 GMT",80640,0,,,,,,METADATA_ONLY,,True,,
S6,,,,https://portal.nersc.gov/cfs/cosmo/data/legacysurvey/dr5/coadd/253/2534p260/legacysurvey-2534p260-nexp-z.fits.fz,https://portal.nersc.gov/cfs/cosmo/data/legacysurvey/dr5/coadd/253/2534p260/legacysurvey-2534p260-nexp-z.fits.fz,2026-09-17T13:24:01.988854+00:00,200,"""1d880-5578ec57f9a80""","Fri, 25 Aug 2017 07:19:54 GMT",120960,0,,,,,,METADATA_ONLY,,True,,
S6,,,,https://portal.nersc.gov/cfs/cosmo/data/legacysurvey/dr5/coadd/253/2535p257/legacysurvey-2535p257-nexp-g.fits.fz,https://portal.nersc.gov/cfs/cosmo/data/legacysurvey/dr5/coadd/253/2535p257/legacysurvey-2535p257-nexp-g.fits.fz,2026-09-17T13:24:07.723516+00:00,200,"""15cc0-5578eb5a4c400""","Fri, 25 Aug 2017 07:15:28 GMT",89280,0,,,,,,METADATA_ONLY,,True,,
S6,,,,https://portal.nersc.gov/cfs/cosmo/data/legacysurvey/dr5/coadd/253/2535p257/legacysurvey-2535p257-nexp-r.fits.fz,https://portal.nersc.gov/cfs/cosmo/data/legacysurvey/dr5/coadd/253/2535p257/legacysurvey-2535p257-nexp-r.fits.fz,2026-09-17T13:24:08.962169+00:00,200,"""15180-5578eb5f10f40""","Fri, 25 Aug 2017 07:15:33 GMT",86400,0,,,,,,METADATA_ONLY,,True,,
S6,,,,https://portal.nersc.gov/cfs/cosmo/data/legacysurvey/dr5/coadd/253/2535p257/legacysurvey-2535p257-nexp-z.fits.fz,https://portal.nersc.gov/cfs/cosmo/data/legacysurvey/dr5/coadd/253/2535p257/legacysurvey-2535p257-nexp-z.fits.fz,2026-09-17T13:24:10.420487+00:00,200,"""1ab80-5578eb67a6380""","Fri, 25 Aug 2017 07:15:42 GMT",109440,0,,,,,,METADATA_ONLY,,True,,
S6,,,,https://portal.nersc.gov/cfs/cosmo/data/legacysurvey/dr5/coadd/256/2563p210/legacysurvey-2563p210-nexp-g.fits.fz,https://portal.nersc.gov/cfs/cosmo/data/legacysurvey/dr5/coadd/256/2563p210/legacysurvey-2563p210-nexp-g.fits.fz,2026-09-17T13:24:13.017711+00:00,200,"""210c0-557915afda500""","Fri, 25 Aug 2017 10:24:52 GMT",135360,0,,,,,,METADATA_ONLY,,True,,
S6,,,,https://portal.nersc.gov/cfs/cosmo/data/legacysurvey/dr5/coadd/256/2563p210/legacysurvey-2563p210-nexp-r.fits.fz,https://portal.nersc.gov/cfs/cosmo/data/legacysurvey/dr5/coadd/256/2563p210/legacysurvey-2563p210-nexp-r.fits.fz,2026-09-17T13:24:13.845298+00:00,200,"""1b6c0-557915bb4c000""","Fri, 25 Aug 2017 10:25:04 GMT",112320,0,,,,,,METADATA_ONLY,,True,,
S6,,,,https://portal.nersc.gov/cfs/cosmo/data/legacysurvey/dr5/coadd/256/2563p210/legacysurvey-2563p210-nexp-z.fits.fz,https://portal.nersc.gov/cfs/cosmo/data/legacysurvey/dr5/coadd/256/2563p210/legacysurvey-2563p210-nexp-z.fits.fz,2026-09-17T13:24:14.843054+00:00,200,"""22740-557915ca8e400""","Fri, 25 Aug 2017 10:25:20 GMT",141120,0,,,,,,METADATA_ONLY,,True,,
S6,,,,https://portal.nersc.gov/cfs/cosmo/data/legacysurvey/dr5/coadd/325/3259p062/legacysurvey-3259p062-nexp-g.fits.fz,https://portal.nersc.gov/cfs/cosmo/data/legacysurvey/dr5/coadd/325/3259p062/legacysurvey-3259p062-nexp-g.fits.fz,2026-09-17T13:24:15.742324+00:00,200,"""1b6c0-5579b3fb61c00""","Fri, 25 Aug 2017 22:13:04 GMT",112320,0,,,,,,METADATA_ONLY,,True,,
S6,,,,https://portal.nersc.gov/cfs/cosmo/data/legacysurvey/dr5/coadd/325/3259p062/legacysurvey-3259p062-nexp-r.fits.fz,https://portal.nersc.gov/cfs/cosmo/data/legacysurvey/dr5/coadd/325/3259p062/legacysurvey-3259p062-nexp-r.fits.fz,2026-09-17T13:24:16.673167+00:00,200,"""1ef00-5579b409afdc0""","Fri, 25 Aug 2017 22:13:19 GMT",126720,0,,,,,,METADATA_ONLY,,True,,
S6,,,,https://portal.nersc.gov/cfs/cosmo/data/legacysurvey/dr5/coadd/325/3259p062/legacysurvey-3259p062-nexp-z.fits.fz,https://portal.nersc.gov/cfs/cosmo/data/legacysurvey/dr5/coadd/325/3259p062/legacysurvey-3259p062-nexp-z.fits.fz,2026-09-17T13:24:17.883334+00:00,200,"""20580-5579b417fdf80""","Fri, 25 Aug 2017 22:13:34 GMT",132480,0,,,,,,METADATA_ONLY,,True,,
S6,,,,https://portal.nersc.gov/cfs/cosmo/data/legacysurvey/dr5/coadd/328/3281m077/legacysurvey-3281m077-nexp-g.fits.fz,https://portal.nersc.gov/cfs/cosmo/data/legacysurvey/dr5/coadd/328/3281m077/legacysurvey-3281m077-nexp-g.fits.fz,2026-09-17T13:24:18.908633+00:00,200,"""13b00-5579c21415e00""","Fri, 25 Aug 2017 23:16:08 GMT",80640,0,,,,,,METADATA_ONLY,,True,,
S6,,,,https://portal.nersc.gov/cfs/cosmo/data/legacysurvey/dr5/coadd/328/3281m077/legacysurvey-3281m077-nexp-r.fits.fz,https://portal.nersc.gov/cfs/cosmo/data/legacysurvey/dr5/coadd/328/3281m077/legacysurvey-3281m077-nexp-r.fits.fz,2026-09-17T13:24:19.908583+00:00,200,"""1a040-5579c21e936c0""","Fri, 25 Aug 2017 23:16:19 GMT",106560,0,,,,,,METADATA_ONLY,,True,,
S6,,,,https://portal.nersc.gov/cfs/cosmo/data/legacysurvey/dr5/coadd/328/3281m077/legacysurvey-3281m077-nexp-z.fits.fz,https://portal.nersc.gov/cfs/cosmo/data/legacysurvey/dr5/coadd/328/3281m077/legacysurvey-3281m077-nexp-z.fits.fz,2026-09-17T13:24:20.616487+00:00,200,"""189c0-5579c2281cd40""","Fri, 25 Aug 2017 23:16:29 GMT",100800,0,,,,,,METADATA_ONLY,,True,,
S6,,,,https://portal.nersc.gov/cfs/cosmo/data/legacysurvey/dr5/coadd/328/3281m080/legacysurvey-3281m080-nexp-g.fits.fz,https://portal.nersc.gov/cfs/cosmo/data/legacysurvey/dr5/coadd/328/3281m080/legacysurvey-3281m080-nexp-g.fits.fz,2026-09-17T13:24:21.910915+00:00,200,"""14640-5579c001d7b00""","Fri, 25 Aug 2017 23:06:52 GMT",83520,0,,,,,,METADATA_ONLY,,True,,
S6,,,,https://portal.nersc.gov/cfs/cosmo/data/legacysurvey/dr5/coadd/328/3281m080/legacysurvey-3281m080-nexp-r.fits.fz,https://portal.nersc.gov/cfs/cosmo/data/legacysurvey/dr5/coadd/328/3281m080/legacysurvey-3281m080-nexp-r.fits.fz,2026-09-17T13:24:22.614122+00:00,200,"""19500-5579c00978d00""","Fri, 25 Aug 2017 23:07:00 GMT",103680,0,,,,,,METADATA_ONLY,,True,,
S6,,,,https://portal.nersc.gov/cfs/cosmo/data/legacysurvey/dr5/coadd/328/3281m080/legacysurvey-3281m080-nexp-z.fits.fz,https://portal.nersc.gov/cfs/cosmo/data/legacysurvey/dr5/coadd/328/3281m080/legacysurvey-3281m080-nexp-z.fits.fz,2026-09-17T13:24:28.504323+00:00,200,"""1a040-5579c0120e140""","Fri, 25 Aug 2017 23:07:09 GMT",106560,0,,,,,,METADATA_ONLY,,True,,
S6,,,,https://portal.nersc.gov/cfs/cosmo/data/legacysurvey/dr5/coadd/352/3521m020/legacysurvey-3521m020-nexp-g.fits.fz,https://portal.nersc.gov/cfs/cosmo/data/legacysurvey/dr5/coadd/352/3521m020/legacysurvey-3521m020-nexp-g.fits.fz,2026-09-17T13:24:29.672227+00:00,200,"""1cd40-557a43e3d2180""","Sat, 26 Aug 2017 08:56:54 GMT",118080,0,,,,,,METADATA_ONLY,,True,,
S6,,,,https://portal.nersc.gov/cfs/cosmo/data/legacysurvey/dr5/coadd/352/3521m020/legacysurvey-3521m020-nexp-r.fits.fz,https://portal.nersc.gov/cfs/cosmo/data/legacysurvey/dr5/coadd/352/3521m020/legacysurvey-3521m020-nexp-r.fits.fz,2026-09-17T13:24:30.951634+00:00,200,"""210c0-557a43f314580""","Sat, 26 Aug 2017 08:57:10 GMT",135360,0,,,,,,METADATA_ONLY,,True,,
S6,,,,https://portal.nersc.gov/cfs/cosmo/data/legacysurvey/dr5/coadd/352/3521m020/legacysurvey-3521m020-nexp-z.fits.fz,https://portal.nersc.gov/cfs/cosmo/data/legacysurvey/dr5/coadd/352/3521m020/legacysurvey-3521m020-nexp-z.fits.fz,2026-09-17T13:24:31.963951+00:00,200,"""1cd40-557a43ff7a2c0""","Sat, 26 Aug 2017 08:57:23 GMT",118080,0,,,,,,METADATA_ONLY,,True,,
S6,,,,https://portal.nersc.gov/cfs/cosmo/data/legacysurvey/dr5/tractor/002/tractor-0024p145.fits,https://portal.nersc.gov/cfs/cosmo/data/legacysurvey/dr5/tractor/002/tractor-0024p145.fits,2026-09-17T13:24:32.986644+00:00,200,"""3ae300-555dff54bb240""","Thu, 03 Aug 2017 21:21:05 GMT",3859200,0,,,,,,METADATA_ONLY,,True,,
S6,,,,https://portal.nersc.gov/cfs/cosmo/data/legacysurvey/dr5/tractor/002/tractor-0027p145.fits,https://portal.nersc.gov/cfs/cosmo/data/legacysurvey/dr5/tractor/002/tractor-0027p145.fits,2026-09-17T13:24:34.004069+00:00,200,"""374880-555e1663f99c0""","Thu, 03 Aug 2017 23:04:15 GMT",3623040,0,,,,,,METADATA_ONLY,,True,,
S6,,,,https://portal.nersc.gov/cfs/cosmo/data/legacysurvey/dr5/tractor/004/tractor-0046p010.fits,https://portal.nersc.gov/cfs/cosmo/data/legacysurvey/dr5/tractor/004/tractor-0046p010.fits,2026-09-17T13:24:34.882972+00:00,200,"""7c7f40-555f2e4c33c00""","Fri, 04 Aug 2017 19:56:32 GMT",8159040,0,,,,,,METADATA_ONLY,,True,,
S6,,,,https://portal.nersc.gov/cfs/cosmo/data/legacysurvey/dr5/tractor/007/tractor-0073p000.fits,https://portal.nersc.gov/cfs/cosmo/data/legacysurvey/dr5/tractor/007/tractor-0073p000.fits,2026-09-17T13:24:40.609224+00:00,200,"""6dbb40-555fd51eb1140""","Sat, 05 Aug 2017 08:22:53 GMT",7191360,0,,,,,,METADATA_ONLY,,True,,
S6,,,,https://portal.nersc.gov/cfs/cosmo/data/legacysurvey/dr5/tractor/011/tractor-0111p012.fits,https://portal.nersc.gov/cfs/cosmo/data/legacysurvey/dr5/tractor/011/tractor-0111p012.fits,2026-09-17T13:24:42.733820+00:00,200,"""8e4b80-5561a84b2c4c0""","Sun, 06 Aug 2017 19:12:59 GMT",9325440,0,,,,,,METADATA_ONLY,,True,,
S6,,,,https://portal.nersc.gov/cfs/cosmo/data/legacysurvey/dr5/tractor/012/tractor-0128p007.fits,https://portal.nersc.gov/cfs/cosmo/data/legacysurvey/dr5/tractor/012/tractor-0128p007.fits,2026-09-17T13:24:44.769923+00:00,200,"""7f1700-556251b0a6cc0""","Mon, 07 Aug 2017 07:50:51 GMT",8328960,0,,,,,,METADATA_ONLY,,True,,
S6,,,,https://portal.nersc.gov/cfs/cosmo/data/legacysurvey/dr5/tractor/013/tractor-0136m015.fits,https://portal.nersc.gov/cfs/cosmo/data/legacysurvey/dr5/tractor/013/tractor-0136m015.fits,2026-09-17T13:24:45.836741+00:00,200,"""94cc80-5562c8d510440""","Mon, 07 Aug 2017 16:43:53 GMT",9751680,0,,,,,,METADATA_ONLY,,True,,
S6,,,,https://portal.nersc.gov/cfs/cosmo/data/legacysurvey/dr5/tractor/014/tractor-0141m005.fits,https://portal.nersc.gov/cfs/cosmo/data/legacysurvey/dr5/tractor/014/tractor-0141m005.fits,2026-09-17T13:24:47.020919+00:00,200,"""7a6e80-5562b2a036000""","Mon, 07 Aug 2017 15:04:32 GMT",8023680,0,,,,,,METADATA_ONLY,,True,,
S6,,,,https://portal.nersc.gov/cfs/cosmo/data/legacysurvey/dr5/tractor/017/tractor-0179m057.fits,https://portal.nersc.gov/cfs/cosmo/data/legacysurvey/dr5/tractor/017/tractor-0179m057.fits,2026-09-17T13:24:52.837643+00:00,200,"""57cd80-5568bef225200""","Sat, 12 Aug 2017 10:31:36 GMT",5754240,0,,,,,,METADATA_ONLY,,True,,
S6,,,,https://portal.nersc.gov/cfs/cosmo/data/legacysurvey/dr5/tractor/018/tractor-0186m050.fits,https://portal.nersc.gov/cfs/cosmo/data/legacysurvey/dr5/tractor/018/tractor-0186m050.fits,2026-09-17T13:24:53.960566+00:00,200,"""6bc100-5568d95ca64c0""","Sat, 12 Aug 2017 12:29:47 GMT",7061760,0,,,,,,METADATA_ONLY,,True,,
S6,,,,https://portal.nersc.gov/cfs/cosmo/data/legacysurvey/dr5/tractor/019/tractor-0198p002.fits,https://portal.nersc.gov/cfs/cosmo/data/legacysurvey/dr5/tractor/019/tractor-0198p002.fits,2026-09-17T13:24:54.769056+00:00,200,"""9dfbc0-55692f27c4e40""","Sat, 12 Aug 2017 18:53:37 GMT",10353600,0,,,,,,METADATA_ONLY,,True,,
S6,,,,https://portal.nersc.gov/cfs/cosmo/data/legacysurvey/dr5/tractor/020/tractor-0201p002.fits,https://portal.nersc.gov/cfs/cosmo/data/legacysurvey/dr5/tractor/020/tractor-0201p002.fits,2026-09-17T13:24:55.613327+00:00,200,"""ab6e40-5569188af74c0""","Sat, 12 Aug 2017 17:12:27 GMT",11234880,0,,,,,,METADATA_ONLY,,True,,
S6,,,,https://portal.nersc.gov/cfs/cosmo/data/legacysurvey/dr5/tractor/021/tractor-0213p087.fits,https://portal.nersc.gov/cfs/cosmo/data/legacysurvey/dr5/tractor/021/tractor-0213p087.fits,2026-09-17T13:24:56.515014+00:00,200,"""33c480-556902f654a80""","Sat, 12 Aug 2017 15:35:54 GMT",3392640,0,,,,,,METADATA_ONLY,,True,,
S6,,,,https://portal.nersc.gov/cfs/cosmo/data/legacysurvey/dr5/tractor/021/tractor-0218p012.fits,https://portal.nersc.gov/cfs/cosmo/data/legacysurvey/dr5/tractor/021/tractor-0218p012.fits,2026-09-17T13:24:57.568467+00:00,200,"""7bcb40-55694b470e780""","Sat, 12 Aug 2017 20:59:26 GMT",8112960,0,,,,,,METADATA_ONLY,,True,,
S6,,,,https://portal.nersc.gov/cfs/cosmo/data/legacysurvey/dr5/tractor/032/tractor-0321m002.fits,https://portal.nersc.gov/cfs/cosmo/data/legacysurvey/dr5/tractor/032/tractor-0321m002.fits,2026-09-17T13:24:58.694347+00:00,200,"""8ad2c0-556ae152b22c0""","Mon, 14 Aug 2017 03:16:03 GMT",9097920,0,,,,,,METADATA_ONLY,,True,,
S6,,,,https://portal.nersc.gov/cfs/cosmo/data/legacysurvey/dr5/tractor/117/tractor-1179p212.fits,https://portal.nersc.gov/cfs/cosmo/data/legacysurvey/dr5/tractor/117/tractor-1179p212.fits,2026-09-17T13:24:59.729846+00:00,200,"""5a9240-556f1664d43c0""","Thu, 17 Aug 2017 11:34:47 GMT",5935680,0,,,,,,METADATA_ONLY,,True,,
S6,,,,https://portal.nersc.gov/cfs/cosmo/data/legacysurvey/dr5/tractor/118/tractor-1184p180.fits,https://portal.nersc.gov/cfs/cosmo/data/legacysurvey/dr5/tractor/118/tractor-1184p180.fits,2026-09-17T13:25:00.847712+00:00,200,"""6183c0-556f21a304a40""","Thu, 17 Aug 2017 12:25:05 GMT",6390720,0,,,,,,METADATA_ONLY,,True,,
S6,,,,https://portal.nersc.gov/cfs/cosmo/data/legacysurvey/dr5/tractor/118/tractor-1186p182.fits,https://portal.nersc.gov/cfs/cosmo/data/legacysurvey/dr5/tractor/118/tractor-1186p182.fits,2026-09-17T13:25:01.803605+00:00,200,"""625980-556f2aaab9840""","Thu, 17 Aug 2017 13:05:29 GMT",6445440,0,,,,,,METADATA_ONLY,,True,,
S6,,,,https://portal.nersc.gov/cfs/cosmo/data/legacysurvey/dr5/tractor/118/tractor-1187p180.fits,https://portal.nersc.gov/cfs/cosmo/data/legacysurvey/dr5/tractor/118/tractor-1187p180.fits,2026-09-17T13:25:02.763873+00:00,200,"""5a9d80-556f29bf2ac80""","Thu, 17 Aug 2017 13:01:22 GMT",5938560,0,,,,,,METADATA_ONLY,,True,,
S6,,,,https://portal.nersc.gov/cfs/cosmo/data/legacysurvey/dr5/tractor/123/tractor-1237p150.fits,https://portal.nersc.gov/cfs/cosmo/data/legacysurvey/dr5/tractor/123/tractor-1237p150.fits,2026-09-17T13:25:04.319895+00:00,200,"""6a1580-556fcb6f7e540""","Fri, 18 Aug 2017 01:04:45 GMT",6952320,0,,,,,,METADATA_ONLY,,True,,
S6,,,,https://portal.nersc.gov/cfs/cosmo/data/legacysurvey/dr5/tractor/124/tractor-1243p177.fits,https://portal.nersc.gov/cfs/cosmo/data/legacysurvey/dr5/tractor/124/tractor-1243p177.fits,2026-09-17T13:25:05.465580+00:00,200,"""468840-556fd47de0300""","Fri, 18 Aug 2017 01:45:16 GMT",4622400,0,,,,,,METADATA_ONLY,,True,,
S6,,,,https://portal.nersc.gov/cfs/cosmo/data/legacysurvey/dr5/tractor/134/tractor-1346p062.fits,https://portal.nersc.gov/cfs/cosmo/data/legacysurvey/dr5/tractor/134/tractor-1346p062.fits,2026-09-17T13:25:06.511383+00:00,200,"""679440-5571f4859ca40""","Sat, 19 Aug 2017 18:19:13 GMT",6788160,0,,,,,,METADATA_ONLY,,True,,
S6,,,,https://portal.nersc.gov/cfs/cosmo/data/legacysurvey/dr5/tractor/138/tractor-1385p225.fits,https://portal.nersc.gov/cfs/cosmo/data/legacysurvey/dr5/tractor/138/tractor-1385p225.fits,2026-09-17T13:25:07.700329+00:00,200,"""4d3640-55723bbc0cd40""","Sat, 19 Aug 2017 23:37:49 GMT",5060160,0,,,,,,METADATA_ONLY,,True,,
S6,,,,https://portal.nersc.gov/cfs/cosmo/data/legacysurvey/dr5/tractor/139/tractor-1399p062.fits,https://portal.nersc.gov/cfs/cosmo/data/legacysurvey/dr5/tractor/139/tractor-1399p062.fits,2026-09-17T13:25:08.520650+00:00,200,"""625980-557264cb72cc0""","Sun, 20 Aug 2017 02:41:31 GMT",6445440,0,,,,,,METADATA_ONLY,,True,,
S6,,,,https://portal.nersc.gov/cfs/cosmo/data/legacysurvey/dr5/tractor/142/tractor-1429p090.fits,https://portal.nersc.gov/cfs/cosmo/data/legacysurvey/dr5/tractor/142/tractor-1429p090.fits,2026-09-17T13:25:09.371294+00:00,200,"""7344c0-5572c5c85bf80""","Sun, 20 Aug 2017 09:55:26 GMT",7554240,0,,,,,,METADATA_ONLY,,True,,
S6,,,,https://portal.nersc.gov/cfs/cosmo/data/legacysurvey/dr5/tractor/143/tractor-1432p090.fits,https://portal.nersc.gov/cfs/cosmo/data/legacysurvey/dr5/tractor/143/tractor-1432p090.fits,2026-09-17T13:25:10.564763+00:00,200,"""7dc580-5572d2015d5c0""","Sun, 20 Aug 2017 10:50:07 GMT",8242560,0,,,,,,METADATA_ONLY,,True,,
S6,,,,https://portal.nersc.gov/cfs/cosmo/data/legacysurvey/dr5/tractor/145/tractor-1450p040.fits,https://portal.nersc.gov/cfs/cosmo/data/legacysurvey/dr5/tractor/145/tractor-1450p040.fits,2026-09-17T13:25:11.525748+00:00,200,"""6f0180-5572ff3633d80""","Sun, 20 Aug 2017 14:12:22 GMT",7274880,0,,,,,,METADATA_ONLY,,True,,
S6,,,,https://portal.nersc.gov/cfs/cosmo/data/legacysurvey/dr5/tractor/145/tractor-1452p052.fits,https://portal.nersc.gov/cfs/cosmo/data/legacysurvey/dr5/tractor/145/tractor-1452p052.fits,2026-09-17T13:25:12.488379+00:00,200,"""7b00c0-557309be3d640""","Sun, 20 Aug 2017 14:59:29 GMT",8061120,0,,,,,,METADATA_ONLY,,True,,
S6,,,,https://portal.nersc.gov/cfs/cosmo/data/legacysurvey/dr5/tractor/146/tractor-1468m005.fits,https://portal.nersc.gov/cfs/cosmo/data/legacysurvey/dr5/tractor/146/tractor-1468m005.fits,2026-09-17T13:25:13.518836+00:00,200,"""622c80-55733074d2c40""","Sun, 20 Aug 2017 17:52:41 GMT",6433920,0,,,,,,METADATA_ONLY,,True,,
S6,,,,https://portal.nersc.gov/cfs/cosmo/data/legacysurvey/dr5/tractor/147/tractor-1474p267.fits,https://portal.nersc.gov/cfs/cosmo/data/legacysurvey/dr5/tractor/147/tractor-1474p267.fits,2026-09-17T13:25:14.429173+00:00,200,"""58ae80-5573308e92900""","Sun, 20 Aug 2017 17:53:08 GMT",5811840,0,,,,,,METADATA_ONLY,,True,,
S6,,,,https://portal.nersc.gov/cfs/cosmo/data/legacysurvey/dr5/tractor/150/tractor-1503m027.fits,https://portal.nersc.gov/cfs/cosmo/data/legacysurvey/dr5/tractor/150/tractor-1503m027.fits,2026-09-17T13:25:15.575076+00:00,200,"""a800c0-5573a1d30a440""","Mon, 21 Aug 2017 02:19:53 GMT",11010240,0,,,,,,METADATA_ONLY,,True,,
S6,,,,https://portal.nersc.gov/cfs/cosmo/data/legacysurvey/dr5/tractor/152/tractor-1521m007.fits,https://portal.nersc.gov/cfs/cosmo/data/legacysurvey/dr5/tractor/152/tractor-1521m007.fits,2026-09-17T13:25:16.300944+00:00,200,"""c46440-5573d957a6000""","Mon, 21 Aug 2017 06:28:16 GMT",12870720,0,,,,,,METADATA_ONLY,,True,,
S6,,,,https://portal.nersc.gov/cfs/cosmo/data/legacysurvey/dr5/tractor/152/tractor-1522p095.fits,https://portal.nersc.gov/cfs/cosmo/data/legacysurvey/dr5/tractor/152/tractor-1522p095.fits,2026-09-17T13:25:17.063892+00:00,200,"""4e3900-5573a4fcb5a80""","Mon, 21 Aug 2017 02:34:02 GMT",5126400,0,,,,,,METADATA_ONLY,,True,,
S6,,,,https://portal.nersc.gov/cfs/cosmo/data/legacysurvey/dr5/tractor/155/tractor-1552p067.fits,https://portal.nersc.gov/cfs/cosmo/data/legacysurvey/dr5/tractor/155/tractor-1552p067.fits,2026-09-17T13:25:18.236873+00:00,200,"""5be3c0-5573f46447140""","Mon, 21 Aug 2017 08:29:17 GMT",6022080,0,,,,,,METADATA_ONLY,,True,,
S6,,,,https://portal.nersc.gov/cfs/cosmo/data/legacysurvey/dr5/tractor/155/tractor-1552p070.fits,https://portal.nersc.gov/cfs/cosmo/data/legacysurvey/dr5/tractor/155/tractor-1552p070.fits,2026-09-17T13:25:19.477547+00:00,200,"""672f00-5573f8c4d8500""","Mon, 21 Aug 2017 08:48:52 GMT",6762240,0,,,,,,METADATA_ONLY,,True,,
S6,,,,https://portal.nersc.gov/cfs/cosmo/data/legacysurvey/dr5/tractor/156/tractor-1560m032.fits,https://portal.nersc.gov/cfs/cosmo/data/legacysurvey/dr5/tractor/156/tractor-1560m032.fits,2026-09-17T13:25:20.380948+00:00,200,"""69c6c0-557418f58b740""","Mon, 21 Aug 2017 11:12:53 GMT",6932160,0,,,,,,METADATA_ONLY,,True,,
S6,,,,https://portal.nersc.gov/cfs/cosmo/data/legacysurvey/dr5/tractor/156/tractor-1561p165.fits,https://portal.nersc.gov/cfs/cosmo/data/legacysurvey/dr5/tractor/156/tractor-1561p165.fits,2026-09-17T13:25:21.229926+00:00,200,"""5c3280-557b613898fc0""","Sun, 27 Aug 2017 06:13:27 GMT",6042240,0,,,,,,METADATA_ONLY,,True,,
S6,,,,https://portal.nersc.gov/cfs/cosmo/data/legacysurvey/dr5/tractor/156/tractor-1563m032.fits,https://portal.nersc.gov/cfs/cosmo/data/legacysurvey/dr5/tractor/156/tractor-1563m032.fits,2026-09-17T13:25:22.452274+00:00,200,"""67d7c0-557422765e300""","Mon, 21 Aug 2017 11:55:24 GMT",6805440,0,,,,,,METADATA_ONLY,,True,,
S6,,,,https://portal.nersc.gov/cfs/cosmo/data/legacysurvey/dr5/tractor/157/tractor-1570p037.fits,https://portal.nersc.gov/cfs/cosmo/data/legacysurvey/dr5/tractor/157/tractor-1570p037.fits,2026-09-17T13:25:23.547813+00:00,200,"""5f7300-55744902093c0""","Mon, 21 Aug 2017 14:47:51 GMT",6255360,0,,,,,,METADATA_ONLY,,True,,
S6,,,,https://portal.nersc.gov/cfs/cosmo/data/legacysurvey/dr5/tractor/162/tractor-1627p322.fits,https://portal.nersc.gov/cfs/cosmo/data/legacysurvey/dr5/tractor/162/tractor-1627p322.fits,2026-09-17T13:25:24.274135+00:00,200,"""3e9f40-5574a39d4d840""","Mon, 21 Aug 2017 21:33:13 GMT",4104000,0,,,,,,METADATA_ONLY,,True,,
S6,,,,https://portal.nersc.gov/cfs/cosmo/data/legacysurvey/dr5/tractor/162/tractor-1627p325.fits,https://portal.nersc.gov/cfs/cosmo/data/legacysurvey/dr5/tractor/162/tractor-1627p325.fits,2026-09-17T13:25:25.132115+00:00,200,"""360240-5574a031d46c0""","Mon, 21 Aug 2017 21:17:55 GMT",3539520,0,,,,,,METADATA_ONLY,,True,,
S6,,,,https://portal.nersc.gov/cfs/cosmo/data/legacysurvey/dr5/tractor/163/tractor-1635p122.fits,https://portal.nersc.gov/cfs/cosmo/data/legacysurvey/dr5/tractor/163/tractor-1635p122.fits,2026-09-17T13:25:25.850302+00:00,200,"""451500-5574ab1ef4e00""","Mon, 21 Aug 2017 22:06:48 GMT",4527360,0,,,,,,METADATA_ONLY,,True,,
S6,,,,https://portal.nersc.gov/cfs/cosmo/data/legacysurvey/dr5/tractor/163/tractor-1637p122.fits,https://portal.nersc.gov/cfs/cosmo/data/legacysurvey/dr5/tractor/163/tractor-1637p122.fits,2026-09-17T13:25:26.791879+00:00,200,"""4ab500-5574ae690d0c0""","Mon, 21 Aug 2017 22:21:31 GMT",4896000,0,,,,,,METADATA_ONLY,,True,,
S6,,,,https://portal.nersc.gov/cfs/cosmo/data/legacysurvey/dr5/tractor/165/tractor-1656p092.fits,https://portal.nersc.gov/cfs/cosmo/data/legacysurvey/dr5/tractor/165/tractor-1656p092.fits,2026-09-17T13:25:27.566171+00:00,200,"""61a580-5574ce1718ec0""","Tue, 22 Aug 2017 00:43:15 GMT",6399360,0,,,,,,METADATA_ONLY,,True,,
S6,,,,https://portal.nersc.gov/cfs/cosmo/data/legacysurvey/dr5/tractor/165/tractor-1659p092.fits,https://portal.nersc.gov/cfs/cosmo/data/legacysurvey/dr5/tractor/165/tractor-1659p092.fits,2026-09-17T13:25:28.359753+00:00,200,"""588180-5574d129e0f00""","Tue, 22 Aug 2017 00:57:00 GMT",5800320,0,,,,,,METADATA_ONLY,,True,,
S6,,,,https://portal.nersc.gov/cfs/cosmo/data/legacysurvey/dr5/tractor/166/tractor-1662p137.fits,https://portal.nersc.gov/cfs/cosmo/data/legacysurvey/dr5/tractor/166/tractor-1662p137.fits,2026-09-17T13:25:29.431764+00:00,200,"""566580-5574d05cd6b40""","Tue, 22 Aug 2017 00:53:25 GMT",5662080,0,,,,,,METADATA_ONLY,,True,,
S6,,,,https://portal.nersc.gov/cfs/cosmo/data/legacysurvey/dr5/tractor/167/tractor-1671p000.fits,https://portal.nersc.gov/cfs/cosmo/data/legacysurvey/dr5/tractor/167/tractor-1671p000.fits,2026-09-17T13:25:30.721219+00:00,200,"""93be80-55751016643c0""","Tue, 22 Aug 2017 05:38:31 GMT",9682560,0,,,,,,METADATA_ONLY,,True,,
S6,,,,https://portal.nersc.gov/cfs/cosmo/data/legacysurvey/dr5/tractor/167/tractor-1679p307.fits,https://portal.nersc.gov/cfs/cosmo/data/legacysurvey/dr5/tractor/167/tractor-1679p307.fits,2026-09-17T13:25:31.947391+00:00,200,"""530e80-5574e6cbdd8c0""","Tue, 22 Aug 2017 02:33:47 GMT",5443200,0,,,,,,METADATA_ONLY,,True,,
S6,,,,https://portal.nersc.gov/cfs/cosmo/data/legacysurvey/dr5/tractor/171/tractor-1710p257.fits,https://portal.nersc.gov/cfs/cosmo/data/legacysurvey/dr5/tractor/171/tractor-1710p257.fits,2026-09-17T13:25:32.871395+00:00,200,"""48a440-5590750ee7040""","Wed, 13 Sep 2017 00:34:01 GMT",4760640,0,,,,,,METADATA_ONLY,,True,,
S6,,,,https://portal.nersc.gov/cfs/cosmo/data/legacysurvey/dr5/tractor/172/tractor-1720m057.fits,https://portal.nersc.gov/cfs/cosmo/data/legacysurvey/dr5/tractor/172/tractor-1720m057.fits,2026-09-17T13:25:33.643208+00:00,200,"""72f600-5575173e66600""","Tue, 22 Aug 2017 06:10:32 GMT",7534080,0,,,,,,METADATA_ONLY,,True,,
S6,,,,https://portal.nersc.gov/cfs/cosmo/data/legacysurvey/dr5/tractor/172/tractor-1721p197.fits,https://portal.nersc.gov/cfs/cosmo/data/legacysurvey/dr5/tractor/172/tractor-1721p197.fits,2026-09-17T13:25:34.540098+00:00,200,"""598440-557513400fa00""","Tue, 22 Aug 2017 05:52:40 GMT",5866560,0,,,,,,METADATA_ONLY,,True,,
S6,,,,https://portal.nersc.gov/cfs/cosmo/data/legacysurvey/dr5/tractor/172/tractor-1721p200.fits,https://portal.nersc.gov/cfs/cosmo/data/legacysurvey/dr5/tractor/172/tractor-1721p200.fits,2026-09-17T13:25:35.579153+00:00,200,"""4fac40-55750f28ed380""","Tue, 22 Aug 2017 05:34:22 GMT",5221440,0,,,,,,METADATA_ONLY,,True,,
S6,,,,https://portal.nersc.gov/cfs/cosmo/data/legacysurvey/dr5/tractor/174/tractor-1742p117.fits,https://portal.nersc.gov/cfs/cosmo/data/legacysurvey/dr5/tractor/174/tractor-1742p117.fits,2026-09-17T13:25:36.447310+00:00,200,"""55a640-55752265b3680""","Tue, 22 Aug 2017 07:00:26 GMT",5613120,0,,,,,,METADATA_ONLY,,True,,
S6,,,,https://portal.nersc.gov/cfs/cosmo/data/legacysurvey/dr5/tractor/175/tractor-1753p210.fits,https://portal.nersc.gov/cfs/cosmo/data/legacysurvey/dr5/tractor/175/tractor-1753p210.fits,2026-09-17T13:25:37.607848+00:00,200,"""563880-55752f42bcfc0""","Tue, 22 Aug 2017 07:57:59 GMT",5650560,0,,,,,,METADATA_ONLY,,True,,
S6,,,,https://portal.nersc.gov/cfs/cosmo/data/legacysurvey/dr5/tractor/175/tractor-1755p210.fits,https://portal.nersc.gov/cfs/cosmo/data/legacysurvey/dr5/tractor/175/tractor-1755p210.fits,2026-09-17T13:25:38.583534+00:00,200,"""5a4380-5575318f27c00""","Tue, 22 Aug 2017 08:08:16 GMT",5915520,0,,,,,,METADATA_ONLY,,True,,
S6,,,,https://portal.nersc.gov/cfs/cosmo/data/legacysurvey/dr5/tractor/176/tractor-1761m032.fits,https://portal.nersc.gov/cfs/cosmo/data/legacysurvey/dr5/tractor/176/tractor-1761m032.fits,2026-09-17T13:25:39.439731+00:00,200,"""6f5040-5575414c6de40""","Tue, 22 Aug 2017 09:18:41 GMT",7295040,0,,,,,,METADATA_ONLY,,True,,
S6,,,,https://portal.nersc.gov/cfs/cosmo/data/legacysurvey/dr5/tractor/176/tractor-1761p037.fits,https://portal.nersc.gov/cfs/cosmo/data/legacysurvey/dr5/tractor/176/tractor-1761p037.fits,2026-09-17T13:25:40.561098+00:00,200,"""70a1c0-5575479fc4ac0""","Tue, 22 Aug 2017 09:46:59 GMT",7381440,0,,,,,,METADATA_ONLY,,True,,
S6,,,,https://portal.nersc.gov/cfs/cosmo/data/legacysurvey/dr5/tractor/176/tractor-1765p090.fits,https://portal.nersc.gov/cfs/cosmo/data/legacysurvey/dr5/tractor/176/tractor-1765p090.fits,2026-09-17T13:25:41.584698+00:00,200,"""5cdb40-55753abdf6640""","Tue, 22 Aug 2017 08:49:21 GMT",6085440,0,,,,,,METADATA_ONLY,,True,,
S6,,,,https://portal.nersc.gov/cfs/cosmo/data/legacysurvey/dr5/tractor/176/tractor-1766m027.fits,https://portal.nersc.gov/cfs/cosmo/data/legacysurvey/dr5/tractor/176/tractor-1766m027.fits,2026-09-17T13:25:42.455372+00:00,200,"""701ac0-55908a10ac000""","Wed, 13 Sep 2017 02:08:00 GMT",7346880,0,,,,,,METADATA_ONLY,,True,,
S6,,,,https://portal.nersc.gov/cfs/cosmo/data/legacysurvey/dr5/tractor/179/tractor-1793p027.fits,https://portal.nersc.gov/cfs/cosmo/data/legacysurvey/dr5/tractor/179/tractor-1793p027.fits,2026-09-17T13:25:43.349302+00:00,200,"""686a00-5575591880340""","Tue, 22 Aug 2017 11:05:09 GMT",6842880,0,,,,,,METADATA_ONLY,,True,,
S6,,,,https://portal.nersc.gov/cfs/cosmo/data/legacysurvey/dr5/tractor/183/tractor-1831p085.fits,https://portal.nersc.gov/cfs/cosmo/data/legacysurvey/dr5/tractor/183/tractor-1831p085.fits,2026-09-17T13:25:44.384180+00:00,200,"""6075c0-557573eec5440""","Tue, 22 Aug 2017 13:05:13 GMT",6321600,0,,,,,,METADATA_ONLY,,True,,
S6,,,,https://portal.nersc.gov/cfs/cosmo/data/legacysurvey/dr5/tractor/185/tractor-1850p132.fits,https://portal.nersc.gov/cfs/cosmo/data/legacysurvey/dr5/tractor/185/tractor-1850p132.fits,2026-09-17T13:25:45.472967+00:00,200,"""6a9c80-55758bb612e00""","Tue, 22 Aug 2017 14:51:36 GMT",6986880,0,,,,,,METADATA_ONLY,,True,,
S6,,,,https://portal.nersc.gov/cfs/cosmo/data/legacysurvey/dr5/tractor/185/tractor-1852p132.fits,https://portal.nersc.gov/cfs/cosmo/data/legacysurvey/dr5/tractor/185/tractor-1852p132.fits,2026-09-17T13:25:46.584946+00:00,200,"""70e540-5590ceb7ef940""","Wed, 13 Sep 2017 07:15:09 GMT",7398720,0,,,,,,METADATA_ONLY,,True,,
S6,,,,https://portal.nersc.gov/cfs/cosmo/data/legacysurvey/dr5/tractor/188/tractor-1888p042.fits,https://portal.nersc.gov/cfs/cosmo/data/legacysurvey/dr5/tractor/188/tractor-1888p042.fits,2026-09-17T13:25:47.422291+00:00,200,"""70ad00-5575ada7001c0""","Tue, 22 Aug 2017 17:23:27 GMT",7384320,0,,,,,,METADATA_ONLY,,True,,
S6,,,,https://portal.nersc.gov/cfs/cosmo/data/legacysurvey/dr5/tractor/192/tractor-1923p167.fits,https://portal.nersc.gov/cfs/cosmo/data/legacysurvey/dr5/tractor/192/tractor-1923p167.fits,2026-09-17T13:25:48.247073+00:00,200,"""5a7080-5575c5fc66ac0""","Tue, 22 Aug 2017 19:12:19 GMT",5927040,0,,,,,,METADATA_ONLY,,True,,
S6,,,,https://portal.nersc.gov/cfs/cosmo/data/legacysurvey/dr5/tractor/192/tractor-1924m047.fits,https://portal.nersc.gov/cfs/cosmo/data/legacysurvey/dr5/tractor/192/tractor-1924m047.fits,2026-09-17T13:25:48.966731+00:00,200,"""671880-5575cf524f140""","Tue, 22 Aug 2017 19:54:05 GMT",6756480,0,,,,,,METADATA_ONLY,,True,,
S6,,,,https://portal.nersc.gov/cfs/cosmo/data/legacysurvey/dr5/tractor/193/tractor-1932p080.fits,https://portal.nersc.gov/cfs/cosmo/data/legacysurvey/dr5/tractor/193/tractor-1932p080.fits,2026-09-17T13:25:50.166675+00:00,200,"""676740-5575d33d93040""","Tue, 22 Aug 2017 20:11:37 GMT",6776640,0,,,,,,METADATA_ONLY,,True,,
S6,,,,https://portal.nersc.gov/cfs/cosmo/data/legacysurvey/dr5/tractor/194/tractor-1949p190.fits,https://portal.nersc.gov/cfs/cosmo/data/legacysurvey/dr5/tractor/194/tractor-1949p190.fits,2026-09-17T13:25:51.299764+00:00,200,"""4fb780-5575e7d3941c0""","Tue, 22 Aug 2017 21:43:43 GMT",5224320,0,,,,,,METADATA_ONLY,,True,,
S6,,,,https://portal.nersc.gov/cfs/cosmo/data/legacysurvey/dr5/tractor/195/tractor-1951p190.fits,https://portal.nersc.gov/cfs/cosmo/data/legacysurvey/dr5/tractor/195/tractor-1951p190.fits,2026-09-17T13:25:52.347641+00:00,200,"""4b7440-557b7376bda00""","Sun, 27 Aug 2017 07:35:04 GMT",4944960,0,,,,,,METADATA_ONLY,,True,,
S6,,,,https://portal.nersc.gov/cfs/cosmo/data/legacysurvey/dr5/tractor/196/tractor-1961p055.fits,https://portal.nersc.gov/cfs/cosmo/data/legacysurvey/dr5/tractor/196/tractor-1961p055.fits,2026-09-17T13:25:53.438376+00:00,200,"""722b80-5575fe29cf4c0""","Tue, 22 Aug 2017 23:23:39 GMT",7482240,0,,,,,,METADATA_ONLY,,True,,
S6,,,,https://portal.nersc.gov/cfs/cosmo/data/legacysurvey/dr5/tractor/196/tractor-1963p100.fits,https://portal.nersc.gov/cfs/cosmo/data/legacysurvey/dr5/tractor/196/tractor-1963p100.fits,2026-09-17T13:25:54.385909+00:00,200,"""60b940-5575f52c97f80""","Tue, 22 Aug 2017 22:43:26 GMT",6338880,0,,,,,,METADATA_ONLY,,True,,
S6,,,,https://portal.nersc.gov/cfs/cosmo/data/legacysurvey/dr5/tractor/197/tractor-1976p137.fits,https://portal.nersc.gov/cfs/cosmo/data/legacysurvey/dr5/tractor/197/tractor-1976p137.fits,2026-09-17T13:25:55.943274+00:00,200,"""5ed580-557b7e79cd500""","Sun, 27 Aug 2017 08:24:20 GMT",6215040,0,,,,,,METADATA_ONLY,,True,,
S6,,,,https://portal.nersc.gov/cfs/cosmo/data/legacysurvey/dr5/tractor/198/tractor-1984p060.fits,https://portal.nersc.gov/cfs/cosmo/data/legacysurvey/dr5/tractor/198/tractor-1984p060.fits,2026-09-17T13:25:56.965536+00:00,200,"""7f4400-5590e3a3c5540""","Wed, 13 Sep 2017 08:48:45 GMT",8340480,0,,,,,,METADATA_ONLY,,True,,
S6,,,,https://portal.nersc.gov/cfs/cosmo/data/legacysurvey/dr5/tractor/199/tractor-1998m022.fits,https://portal.nersc.gov/cfs/cosmo/data/legacysurvey/dr5/tractor/199/tractor-1998m022.fits,2026-09-17T13:26:02.989272+00:00,200,"""8451c0-557640896cd00""","Wed, 23 Aug 2017 04:20:36 GMT",8671680,0,,,,,,METADATA_ONLY,,True,,
S6,,,,https://portal.nersc.gov/cfs/cosmo/data/legacysurvey/dr5/tractor/200/tractor-2000p072.fits,https://portal.nersc.gov/cfs/cosmo/data/legacysurvey/dr5/tractor/200/tractor-2000p072.fits,2026-09-17T13:26:04.516711+00:00,200,"""637e00-557628e844d40""","Wed, 23 Aug 2017 02:34:53 GMT",6520320,0,,,,,,METADATA_ONLY,,True,,
S6,,,,https://portal.nersc.gov/cfs/cosmo/data/legacysurvey/dr5/tractor/200/tractor-2003p152.fits,https://portal.nersc.gov/cfs/cosmo/data/legacysurvey/dr5/tractor/200/tractor-2003p152.fits,2026-09-17T13:26:10.467118+00:00,200,"""5a0000-55762b3e39000""","Wed, 23 Aug 2017 02:45:20 GMT",5898240,0,,,,,,METADATA_ONLY,,True,,
S6,,,,https://portal.nersc.gov/cfs/cosmo/data/legacysurvey/dr5/tractor/202/tractor-2021m035.fits,https://portal.nersc.gov/cfs/cosmo/data/legacysurvey/dr5/tractor/202/tractor-2021m035.fits,2026-09-17T13:26:11.451380+00:00,200,"""805200-557b95f0ff1c0""","Sun, 27 Aug 2017 10:09:19 GMT",8409600,0,,,,,,METADATA_ONLY,,True,,
S6,,,,https://portal.nersc.gov/cfs/cosmo/data/legacysurvey/dr5/tractor/203/tractor-2031p047.fits,https://portal.nersc.gov/cfs/cosmo/data/legacysurvey/dr5/tractor/203/tractor-2031p047.fits,2026-09-17T13:26:13.013200+00:00,200,"""828480-557670626b000""","Wed, 23 Aug 2017 07:54:40 GMT",8553600,0,,,,,,METADATA_ONLY,,True,,
S6,,,,https://portal.nersc.gov/cfs/cosmo/data/legacysurvey/dr5/tractor/203/tractor-2031p100.fits,https://portal.nersc.gov/cfs/cosmo/data/legacysurvey/dr5/tractor/203/tractor-2031p100.fits,2026-09-17T13:26:19.230981+00:00,200,"""5d4080-55765d7a85540""","Wed, 23 Aug 2017 06:30:05 GMT",6111360,0,,,,,,METADATA_ONLY,,True,,
S6,,,,https://portal.nersc.gov/cfs/cosmo/data/legacysurvey/dr5/tractor/206/tractor-2068p080.fits,https://portal.nersc.gov/cfs/cosmo/data/legacysurvey/dr5/tractor/206/tractor-2068p080.fits,2026-09-17T13:26:20.101484+00:00,200,"""7edec0-5576c924a9880""","Wed, 23 Aug 2017 14:31:46 GMT",8314560,0,,,,,,METADATA_ONLY,,True,,
S6,,,,https://portal.nersc.gov/cfs/cosmo/data/legacysurvey/dr5/tractor/207/tractor-2072p187.fits,https://portal.nersc.gov/cfs/cosmo/data/legacysurvey/dr5/tractor/207/tractor-2072p187.fits,2026-09-17T13:26:21.278082+00:00,200,"""47a180-5576b99065700""","Wed, 23 Aug 2017 13:22:04 GMT",4694400,0,,,,,,METADATA_ONLY,,True,,
S6,,,,https://portal.nersc.gov/cfs/cosmo/data/legacysurvey/dr5/tractor/209/tractor-2097m067.fits,https://portal.nersc.gov/cfs/cosmo/data/legacysurvey/dr5/tractor/209/tractor-2097m067.fits,2026-09-17T13:26:22.481681+00:00,200,"""6cda40-55770ab183f80""","Wed, 23 Aug 2017 19:25:02 GMT",7133760,0,,,,,,METADATA_ONLY,,True,,
S6,,,,https://portal.nersc.gov/cfs/cosmo/data/legacysurvey/dr5/tractor/210/tractor-2108p162.fits,https://portal.nersc.gov/cfs/cosmo/data/legacysurvey/dr5/tractor/210/tractor-2108p162.fits,2026-09-17T13:26:23.577916+00:00,200,"""9f90c0-5577355fc31c0""","Wed, 23 Aug 2017 22:35:59 GMT",10457280,0,,,,,,METADATA_ONLY,,True,,
S6,,,,https://portal.nersc.gov/cfs/cosmo/data/legacysurvey/dr5/tractor/212/tractor-2126p250.fits,https://portal.nersc.gov/cfs/cosmo/data/legacysurvey/dr5/tractor/212/tractor-2126p250.fits,2026-09-17T13:26:24.475845+00:00,200,"""4f68c0-5577689404000""","Thu, 24 Aug 2017 02:25:04 GMT",5204160,0,,,,,,METADATA_ONLY,,True,,
S6,,,,https://portal.nersc.gov/cfs/cosmo/data/legacysurvey/dr5/tractor/212/tractor-2128p250.fits,https://portal.nersc.gov/cfs/cosmo/data/legacysurvey/dr5/tractor/212/tractor-2128p250.fits,2026-09-17T13:26:25.437922+00:00,200,"""594c00-55775ce733480""","Thu, 24 Aug 2017 01:32:50 GMT",5852160,0,,,,,,METADATA_ONLY,,True,,
S6,,,,https://portal.nersc.gov/cfs/cosmo/data/legacysurvey/dr5/tractor/213/tractor-2139p050.fits,https://portal.nersc.gov/cfs/cosmo/data/legacysurvey/dr5/tractor/213/tractor-2139p050.fits,2026-09-17T13:26:26.636680+00:00,200,"""902400-5577a0864be80""","Thu, 24 Aug 2017 06:35:22 GMT",9446400,0,,,,,,METADATA_ONLY,,True,,
S6,,,,https://portal.nersc.gov/cfs/cosmo/data/legacysurvey/dr5/tractor/217/tractor-2171p017.fits,https://portal.nersc.gov/cfs/cosmo/data/legacysurvey/dr5/tractor/217/tractor-2171p017.fits,2026-09-17T13:26:32.408915+00:00,200,"""77b500-5577b93fd53c0""","Thu, 24 Aug 2017 08:25:59 GMT",7845120,0,,,,,,METADATA_ONLY,,True,,
S6,,,,https://portal.nersc.gov/cfs/cosmo/data/legacysurvey/dr5/tractor/218/tractor-2187p195.fits,https://portal.nersc.gov/cfs/cosmo/data/legacysurvey/dr5/tractor/218/tractor-2187p195.fits,2026-09-17T13:26:33.712138+00:00,200,"""514c80-5577bfcf40e00""","Thu, 24 Aug 2017 08:55:20 GMT",5328000,0,,,,,,METADATA_ONLY,,True,,
S6,,,,https://portal.nersc.gov/cfs/cosmo/data/legacysurvey/dr5/tractor/219/tractor-2190p195.fits,https://portal.nersc.gov/cfs/cosmo/data/legacysurvey/dr5/tractor/219/tractor-2190p195.fits,2026-09-17T13:26:34.584664+00:00,200,"""68f100-5577ca1488940""","Thu, 24 Aug 2017 09:41:17 GMT",6877440,0,,,,,,METADATA_ONLY,,True,,
S6,,,,https://portal.nersc.gov/cfs/cosmo/data/legacysurvey/dr5/tractor/219/tractor-2193p270.fits,https://portal.nersc.gov/cfs/cosmo/data/legacysurvey/dr5/tractor/219/tractor-2193p270.fits,2026-09-17T13:26:35.449767+00:00,200,"""52bfc0-5577c498b9940""","Thu, 24 Aug 2017 09:16:45 GMT",5423040,0,,,,,,METADATA_ONLY,,True,,
S6,,,,https://portal.nersc.gov/cfs/cosmo/data/legacysurvey/dr5/tractor/219/tractor-2196p270.fits,https://portal.nersc.gov/cfs/cosmo/data/legacysurvey/dr5/tractor/219/tractor-2196p270.fits,2026-09-17T13:26:36.190602+00:00,200,"""548d00-5577c69320400""","Thu, 24 Aug 2017 09:25:36 GMT",5541120,0,,,,,,METADATA_ONLY,,True,,
S6,,,,https://portal.nersc.gov/cfs/cosmo/data/legacysurvey/dr5/tractor/219/tractor-2197p190.fits,https://portal.nersc.gov/cfs/cosmo/data/legacysurvey/dr5/tractor/219/tractor-2197p190.fits,2026-09-17T13:26:37.283891+00:00,200,"""5ea880-5577ca9a0c440""","Thu, 24 Aug 2017 09:43:37 GMT",6203520,0,,,,,,METADATA_ONLY,,True,,
S6,,,,https://portal.nersc.gov/cfs/cosmo/data/legacysurvey/dr5/tractor/220/tractor-2205p137.fits,https://portal.nersc.gov/cfs/cosmo/data/legacysurvey/dr5/tractor/220/tractor-2205p137.fits,2026-09-17T13:26:38.737014+00:00,200,"""73cbc0-5577dcef14480""","Thu, 24 Aug 2017 11:05:38 GMT",7588800,0,,,,,,METADATA_ONLY,,True,,
S6,,,,https://portal.nersc.gov/cfs/cosmo/data/legacysurvey/dr5/tractor/222/tractor-2226p037.fits,https://portal.nersc.gov/cfs/cosmo/data/legacysurvey/dr5/tractor/222/tractor-2226p037.fits,2026-09-17T13:26:39.955492+00:00,200,"""753f00-5577f82c58880""","Thu, 24 Aug 2017 13:07:30 GMT",7683840,0,,,,,,METADATA_ONLY,,True,,
S6,,,,https://portal.nersc.gov/cfs/cosmo/data/legacysurvey/dr5/tractor/226/tractor-2266p072.fits,https://portal.nersc.gov/cfs/cosmo/data/legacysurvey/dr5/tractor/226/tractor-2266p072.fits,2026-09-17T13:26:40.838275+00:00,200,"""593580-5578197290980""","Thu, 24 Aug 2017 15:36:22 GMT",5846400,0,,,,,,METADATA_ONLY,,True,,
S6,,,,https://portal.nersc.gov/cfs/cosmo/data/legacysurvey/dr5/tractor/226/tractor-2269p072.fits,https://portal.nersc.gov/cfs/cosmo/data/legacysurvey/dr5/tractor/226/tractor-2269p072.fits,2026-09-17T13:26:46.773411+00:00,200,"""68a240-55782315b8640""","Thu, 24 Aug 2017 16:19:29 GMT",6857280,0,,,,,,METADATA_ONLY,,True,,
S6,,,,https://portal.nersc.gov/cfs/cosmo/data/legacysurvey/dr5/tractor/227/tractor-2273p057.fits,https://portal.nersc.gov/cfs/cosmo/data/legacysurvey/dr5/tractor/227/tractor-2273p057.fits,2026-09-17T13:26:52.993064+00:00,200,"""c312c0-557bc48b76540""","Sun, 27 Aug 2017 13:37:49 GMT",12784320,0,,,,,,METADATA_ONLY,,True,,
S6,,,,https://portal.nersc.gov/cfs/cosmo/data/legacysurvey/dr5/tractor/227/tractor-2275p060.fits,https://portal.nersc.gov/cfs/cosmo/data/legacysurvey/dr5/tractor/227/tractor-2275p060.fits,2026-09-17T13:26:54.131104+00:00,200,"""c204c0-55787bf2aadc0""","Thu, 24 Aug 2017 22:57:03 GMT",12715200,0,,,,,,METADATA_ONLY,,True,,
S6,,,,https://portal.nersc.gov/cfs/cosmo/data/legacysurvey/dr5/tractor/228/tractor-2280p235.fits,https://portal.nersc.gov/cfs/cosmo/data/legacysurvey/dr5/tractor/228/tractor-2280p235.fits,2026-09-17T13:26:59.838017+00:00,200,"""462e40-55782a7322680""","Thu, 24 Aug 2017 16:52:26 GMT",4599360,0,,,,,,METADATA_ONLY,,True,,
S6,,,,https://portal.nersc.gov/cfs/cosmo/data/legacysurvey/dr5/tractor/228/tractor-2281p232.fits,https://portal.nersc.gov/cfs/cosmo/data/legacysurvey/dr5/tractor/228/tractor-2281p232.fits,2026-09-17T13:27:00.847037+00:00,200,"""490980-55782c7159a40""","Thu, 24 Aug 2017 17:01:21 GMT",4786560,0,,,,,,METADATA_ONLY,,True,,
S6,,,,https://portal.nersc.gov/cfs/cosmo/data/legacysurvey/dr5/tractor/230/tractor-2306p277.fits,https://portal.nersc.gov/cfs/cosmo/data/legacysurvey/dr5/tractor/230/tractor-2306p277.fits,2026-09-17T13:27:01.725391+00:00,200,"""58fd40-557d747ef3f00""","Mon, 28 Aug 2017 21:50:20 GMT",5832000,0,,,,,,METADATA_ONLY,,True,,
S6,,,,https://portal.nersc.gov/cfs/cosmo/data/legacysurvey/dr5/tractor/234/tractor-2346p167.fits,https://portal.nersc.gov/cfs/cosmo/data/legacysurvey/dr5/tractor/234/tractor-2346p167.fits,2026-09-17T13:27:02.547162+00:00,200,"""610800-55786839ea640""","Thu, 24 Aug 2017 21:28:49 GMT",6359040,0,,,,,,METADATA_ONLY,,True,,
S6,,,,https://portal.nersc.gov/cfs/cosmo/data/legacysurvey/dr5/tractor/237/tractor-2372p037.fits,https://portal.nersc.gov/cfs/cosmo/data/legacysurvey/dr5/tractor/237/tractor-2372p037.fits,2026-09-17T13:27:03.373021+00:00,200,"""91f140-5578b8df0ea40""","Fri, 25 Aug 2017 03:29:37 GMT",9564480,0,,,,,,METADATA_ONLY,,True,,
S6,,,,https://portal.nersc.gov/cfs/cosmo/data/legacysurvey/dr5/tractor/237/tractor-2374p037.fits,https://portal.nersc.gov/cfs/cosmo/data/legacysurvey/dr5/tractor/237/tractor-2374p037.fits,2026-09-17T13:27:04.289944+00:00,200,"""851100-55789a57b2380""","Fri, 25 Aug 2017 01:13:02 GMT",8720640,0,,,,,,METADATA_ONLY,,True,,
S6,,,,https://portal.nersc.gov/cfs/cosmo/data/legacysurvey/dr5/tractor/240/tractor-2407p187.fits,https://portal.nersc.gov/cfs/cosmo/data/legacysurvey/dr5/tractor/240/tractor-2407p187.fits,2026-09-17T13:27:05.775654+00:00,200,"""60fcc0-557890de809c0""","Fri, 25 Aug 2017 00:30:39 GMT",6356160,0,,,,,,METADATA_ONLY,,True,,
S6,,,,https://portal.nersc.gov/cfs/cosmo/data/legacysurvey/dr5/tractor/240/tractor-2408p280.fits,https://portal.nersc.gov/cfs/cosmo/data/legacysurvey/dr5/tractor/240/tractor-2408p280.fits,2026-09-17T13:27:06.532054+00:00,200,"""4d6e80-557891e2db000""","Fri, 25 Aug 2017 00:35:12 GMT",5074560,0,,,,,,METADATA_ONLY,,True,,
S6,,,,https://portal.nersc.gov/cfs/cosmo/data/legacysurvey/dr5/tractor/241/tractor-2417p112.fits,https://portal.nersc.gov/cfs/cosmo/data/legacysurvey/dr5/tractor/241/tractor-2417p112.fits,2026-09-17T13:27:08.510781+00:00,200,"""76df40-555805e034240""","Sun, 30 Jul 2017 03:18:25 GMT",7790400,0,,,,,,METADATA_ONLY,,True,,
S6,,,,https://portal.nersc.gov/cfs/cosmo/data/legacysurvey/dr5/tractor/246/tractor-2460p212.fits,https://portal.nersc.gov/cfs/cosmo/data/legacysurvey/dr5/tractor/246/tractor-2460p212.fits,2026-09-17T13:27:09.536615+00:00,200,"""60db00-5578b1c64ec00""","Fri, 25 Aug 2017 02:57:52 GMT",6347520,0,,,,,,METADATA_ONLY,,True,,
S6,,,,https://portal.nersc.gov/cfs/cosmo/data/legacysurvey/dr5/tractor/246/tractor-2463p112.fits,https://portal.nersc.gov/cfs/cosmo/data/legacysurvey/dr5/tractor/246/tractor-2463p112.fits,2026-09-17T13:27:10.291957+00:00,200,"""622c80-5578be9416140""","Fri, 25 Aug 2017 03:55:09 GMT",6433920,0,,,,,,METADATA_ONLY,,True,,
S6,,,,https://portal.nersc.gov/cfs/cosmo/data/legacysurvey/dr5/tractor/251/tractor-2512p277.fits,https://portal.nersc.gov/cfs/cosmo/data/legacysurvey/dr5/tractor/251/tractor-2512p277.fits,2026-09-17T13:27:11.013482+00:00,200,"""4be4c0-5578da9b88240""","Fri, 25 Aug 2017 06:00:33 GMT",4973760,0,,,,,,METADATA_ONLY,,True,,
S6,,,,https://portal.nersc.gov/cfs/cosmo/data/legacysurvey/dr5/tractor/253/tractor-2534p260.fits,https://portal.nersc.gov/cfs/cosmo/data/legacysurvey/dr5/tractor/253/tractor-2534p260.fits,2026-09-17T13:27:12.335978+00:00,200,"""54f240-5578ec9bafa40""","Fri, 25 Aug 2017 07:21:05 GMT",5567040,0,,,,,,METADATA_ONLY,,True,,
S6,,,,https://portal.nersc.gov/cfs/cosmo/data/legacysurvey/dr5/tractor/253/tractor-2535p257.fits,https://portal.nersc.gov/cfs/cosmo/data/legacysurvey/dr5/tractor/253/tractor-2535p257.fits,2026-09-17T13:27:13.607028+00:00,200,"""4ac040-5578eba87fc80""","Fri, 25 Aug 2017 07:16:50 GMT",4898880,0,,,,,,METADATA_ONLY,,True,,
S6,,,,https://portal.nersc.gov/cfs/cosmo/data/legacysurvey/dr5/tractor/256/tractor-2563p210.fits,https://portal.nersc.gov/cfs/cosmo/data/legacysurvey/dr5/tractor/256/tractor-2563p210.fits,2026-09-17T13:27:16.749524+00:00,200,"""7e0900-5579162eb1040""","Fri, 25 Aug 2017 10:27:05 GMT",8259840,0,,,,,,METADATA_ONLY,,True,,
S6,,,,https://portal.nersc.gov/cfs/cosmo/data/legacysurvey/dr5/tractor/325/tractor-3259p062.fits,https://portal.nersc.gov/cfs/cosmo/data/legacysurvey/dr5/tractor/325/tractor-3259p062.fits,2026-09-17T13:27:17.870017+00:00,200,"""652980-5579b47944500""","Fri, 25 Aug 2017 22:15:16 GMT",6629760,0,,,,,,METADATA_ONLY,,True,,
S6,,,,https://portal.nersc.gov/cfs/cosmo/data/legacysurvey/dr5/tractor/328/tractor-3281m077.fits,https://portal.nersc.gov/cfs/cosmo/data/legacysurvey/dr5/tractor/328/tractor-3281m077.fits,2026-09-17T13:27:19.183987+00:00,200,"""57b700-5579c27838a40""","Fri, 25 Aug 2017 23:17:53 GMT",5748480,0,,,,,,METADATA_ONLY,,True,,
S6,,,,https://portal.nersc.gov/cfs/cosmo/data/legacysurvey/dr5/tractor/328/tractor-3281m080.fits,https://portal.nersc.gov/cfs/cosmo/data/legacysurvey/dr5/tractor/328/tractor-3281m080.fits,2026-09-17T13:27:20.297473+00:00,200,"""50a3c0-5579c057ac580""","Fri, 25 Aug 2017 23:08:22 GMT",5284800,0,,,,,,METADATA_ONLY,,True,,
S6,,,,https://portal.nersc.gov/cfs/cosmo/data/legacysurvey/dr5/tractor/352/tractor-3521m020.fits,https://portal.nersc.gov/cfs/cosmo/data/legacysurvey/dr5/tractor/352/tractor-3521m020.fits,2026-09-17T13:27:21.761416+00:00,200,"""771780-557a4461b4a80""","Sat, 26 Aug 2017 08:59:06 GMT",7804800,0,,,,,,METADATA_ONLY,,True,,
S2,Zenodo,10.5281/zenodo.4196266,10.5281/zenodo.4573248,https://zenodo.org/api/records/4573248/files/gz_decals_volunteers_1_and_2.csv/content,,,,,,80794914,,md5,f1be080ac22269fb5ea4e12ddefb8b11,,cc-by-4.0,,METADATA_ONLY_NOT_DOWNLOADED,gz_decals_volunteers_1_and_2.csv,,,
S2,Zenodo,10.5281/zenodo.4196266,10.5281/zenodo.4573248,https://zenodo.org/api/records/4573248/files/gz_decals_auto_posteriors.csv/content,,,,,,2579159693,,md5,5cc06cc0e2d44b5c0eb5c60231530b67,,cc-by-4.0,,METADATA_ONLY_NOT_DOWNLOADED,gz_decals_auto_posteriors.csv,,,
S2,Zenodo,10.5281/zenodo.4196266,10.5281/zenodo.4573248,https://zenodo.org/api/records/4573248/files/gz_decals_volunteers_1_and_2.parquet/content,,,,,,18670314,,md5,e9de511cbd5977e02c81cbdb5d21b7c2,,cc-by-4.0,,METADATA_ONLY_NOT_DOWNLOADED,gz_decals_volunteers_1_and_2.parquet,,,
S2,Zenodo,10.5281/zenodo.4196266,10.5281/zenodo.4573248,https://zenodo.org/api/records/4573248/files/gz_decals_volunteers_5.csv/content,,,,,,145771258,,md5,b12e3767b3968f9767d4f4115cc69d4d,,cc-by-4.0,,METADATA_ONLY_NOT_DOWNLOADED,gz_decals_volunteers_5.csv,,,
S2,Zenodo,10.5281/zenodo.4196266,10.5281/zenodo.4573248,https://zenodo.org/api/records/4573248/files/gz_decals_auto_posteriors.parquet/content,,,,,,1611825976,,md5,2e9f4b4fe9f3473a44f60aed0526911f,,cc-by-4.0,,METADATA_ONLY_NOT_DOWNLOADED,gz_decals_auto_posteriors.parquet,,,
S2,Zenodo,10.5281/zenodo.4196266,10.5281/zenodo.4573248,https://zenodo.org/api/records/4573248/files/gz_decals_volunteers_5.parquet/content,,,,,,40528939,,md5,364d0b598b7d2958553350c5ce0ffc14,,cc-by-4.0,,METADATA_ONLY_NOT_DOWNLOADED,gz_decals_volunteers_5.parquet,,,
S2,Zenodo,10.5281/zenodo.4196266,10.5281/zenodo.4573248,https://zenodo.org/api/records/4573248/files/schema.md/content,,,,,,4803,,md5,d23668017178201416730e6e7c0e768d,,cc-by-4.0,,METADATA_ONLY_NOT_DOWNLOADED,schema.md,,,
S2,Zenodo,10.5281/zenodo.4196266,10.5281/zenodo.4573248,https://zenodo.org/api/records/4573248/files/gz_decals_dr5_png_part4.zip/content,,,,,,21155375722,,md5,30d2662d34590e2786721ecb738fad8a,,cc-by-4.0,,METADATA_ONLY_NOT_DOWNLOADED,gz_decals_dr5_png_part4.zip,,,
S2,Zenodo,10.5281/zenodo.4196266,10.5281/zenodo.4573248,https://zenodo.org/api/records/4573248/files/gz_decals_dr5_png_part3.zip/content,,,,,,32510336192,,md5,24b9f3bafe23f5aa8e6c0ae0f60c0b50,,cc-by-4.0,,METADATA_ONLY_NOT_DOWNLOADED,gz_decals_dr5_png_part3.zip,,,
S2,Zenodo,10.5281/zenodo.4196266,10.5281/zenodo.4573248,https://zenodo.org/api/records/4573248/files/gz_decals_dr5_png_part2.zip/content,,,,,,22281798528,,md5,9c21464506c69acc35d3d5331786d361,,cc-by-4.0,,METADATA_ONLY_NOT_DOWNLOADED,gz_decals_dr5_png_part2.zip,,,
S2,Zenodo,10.5281/zenodo.4196266,10.5281/zenodo.4573248,https://zenodo.org/api/records/4573248/files/gz_decals_dr5_png_part1.zip/content,,,,,,27789905885,,md5,f80e2a847cc7b1b3b6015e5214e368da,,cc-by-4.0,,METADATA_ONLY_NOT_DOWNLOADED,gz_decals_dr5_png_part1.zip,,,
