test_01_bootstrap_without_final_manifest (test_amendment002.Amendment002Tests.test_01_bootstrap_without_final_manifest) ... ok
test_02_bootstrap_without_final_csv (test_amendment002.Amendment002Tests.test_02_bootstrap_without_final_csv) ... ok
test_03_final_mode_requires_manifest_and_csv (test_amendment002.Amendment002Tests.test_03_final_mode_requires_manifest_and_csv) ... ok
test_04_map_get_rejected (test_amendment002.Amendment002Tests.test_04_map_get_rejected) ... ok
test_05_psf_rejected (test_amendment002.Amendment002Tests.test_05_psf_rejected) ... ok
test_06_unenumerated_url_rejected (test_amendment002.Amendment002Tests.test_06_unenumerated_url_rejected) ... ok
test_07_crawl_rejected (test_amendment002.Amendment002Tests.test_07_crawl_rejected) ... ok
test_08_south_requires_corrected_9012 (test_amendment002.Amendment002Tests.test_08_south_requires_corrected_9012) ... ok
test_09_north_not_constrained_to_9012 (test_amendment002.Amendment002Tests.test_09_north_not_constrained_to_9012) ... ok
test_10_row_order_stability (test_amendment002.Amendment002Tests.test_10_row_order_stability) ... ok
test_11_morphology_source_isolation (test_amendment002.Amendment002Tests.test_11_morphology_source_isolation) ... ok
test_12_no_replacement (test_amendment002.Amendment002Tests.test_12_no_replacement) ... ok
test_13_development_marking_persists (test_amendment002.Amendment002Tests.test_13_development_marking_persists) ... ok
test_14_parent_hash_in_child (test_amendment002.Amendment002Tests.test_14_parent_hash_in_child) ... ok
test_15_exactly_one_promotion (test_amendment002.Amendment002Tests.test_15_exactly_one_promotion) ... ok
test_16_same_ledger_identity (test_amendment002.Amendment002Tests.test_16_same_ledger_identity) ... ok
test_17_global_counters_preserved (test_amendment002.Amendment002Tests.test_17_global_counters_preserved) ... ok
test_18_stage_counters_preserved (test_amendment002.Amendment002Tests.test_18_stage_counters_preserved) ... ok
test_19_precommit_crash_recovery (test_amendment002.Amendment002Tests.test_19_precommit_crash_recovery) ... ok
test_20_postcommit_crash_recovery (test_amendment002.Amendment002Tests.test_20_postcommit_crash_recovery) ... ok
test_21_incompatible_child_stops (test_amendment002.Amendment002Tests.test_21_incompatible_child_stops) ... ok
test_22_second_ledger_stops (test_amendment002.Amendment002Tests.test_22_second_ledger_stops) ... ok
test_23_simultaneous_global_and_stage_caps (test_amendment002.Amendment002Tests.test_23_simultaneous_global_and_stage_caps) ... ok
test_24_stage_exhaustion_atomic_global (test_amendment002.Amendment002Tests.test_24_stage_exhaustion_atomic_global) ... ok
test_25_stage_completion_no_global_refund (test_amendment002.Amendment002Tests.test_25_stage_completion_no_global_refund) ... ok
test_26_later_stage_preserves_bootstrap_consumption (test_amendment002.Amendment002Tests.test_26_later_stage_preserves_bootstrap_consumption) ... ok
test_27_typed_cli_budget_semantics (test_amendment002.Amendment002Tests.test_27_typed_cli_budget_semantics) ... ok
test_28_canonical_seal_and_file_hash (test_amendment002.Amendment002Tests.test_28_canonical_seal_and_file_hash) ... ok
test_29_deterministic_development_csv (test_amendment002.Amendment002Tests.test_29_deterministic_development_csv) ... ok
test_30_holdout_never_opened (test_amendment002.Amendment002Tests.test_30_holdout_never_opened) ... ok
test_31_environment_replay_required (test_amendment002.Amendment002Tests.test_31_environment_replay_required) ... ok
test_32_rights_evidence_required (test_amendment002.Amendment002Tests.test_32_rights_evidence_required) ... ok
test_33_redistribution_false (test_amendment002.Amendment002Tests.test_33_redistribution_false) ... ok
test_34_dryrun_zero_side_effects (test_amendment002.Amendment002Tests.test_34_dryrun_zero_side_effects) ... ok
test_35_amendment001_rng_regression (test_amendment002.Amendment002Tests.test_35_amendment001_rng_regression) ... ok
test_36_dependent_role_materialization (test_amendment002.Amendment002Tests.test_36_dependent_role_materialization) ... ok
test_37_head_error_body_debits_both (test_amendment002.Amendment002Tests.test_37_head_error_body_debits_both) ... ok
test_38_partial_body_debits_both (test_amendment002.Amendment002Tests.test_38_partial_body_debits_both) ... ok
test_39_metadata_allowance_is_global (test_amendment002.Amendment002Tests.test_39_metadata_allowance_is_global) ... ok
test_40_retry_identity_survives_promotion (test_amendment002.Amendment002Tests.test_40_retry_identity_survives_promotion) ... ok
test_41_final_plan_uses_promoted_pair_without_reselection (test_amendment002.Amendment002Tests.test_41_final_plan_uses_promoted_pair_without_reselection) ... ok
test_42_lowered_global_cap_survives_promotion (test_amendment002.Amendment002Tests.test_42_lowered_global_cap_survives_promotion) ... ok
test_01_complete_valid_regional_schema (test_amendment003.Amendment003Tests.test_01_complete_valid_regional_schema) ... ok
test_02_forbidden_fields_present_but_inaccessible (test_amendment003.Amendment003Tests.test_02_forbidden_fields_present_but_inaccessible) ... ok
test_03_forbidden_source_cannot_map_to_allowed_target (test_amendment003.Amendment003Tests.test_03_forbidden_source_cannot_map_to_allowed_target) ... ok
test_04_unknown_column_rejected_before_row_iteration (test_amendment003.Amendment003Tests.test_04_unknown_column_rejected_before_row_iteration) ... ok
test_05_missing_allowed_column_fails (test_amendment003.Amendment003Tests.test_05_missing_allowed_column_fails) ... ok
test_06_dtype_mismatch_fails (test_amendment003.Amendment003Tests.test_06_dtype_mismatch_fails) ... ok
test_07_vector_shape_mismatch_fails (test_amendment003.Amendment003Tests.test_07_vector_shape_mismatch_fails) ... ok
test_08_hdu_mismatch_fails (test_amendment003.Amendment003Tests.test_08_hdu_mismatch_fails) ... ok
test_09_unexpected_scaling_fails (test_amendment003.Amendment003Tests.test_09_unexpected_scaling_fails) ... ok
test_10_unexpected_null_semantics_fails (test_amendment003.Amendment003Tests.test_10_unexpected_null_semantics_fails) ... ok
test_11_no_forbidden_values_in_dto_or_errors (test_amendment003.Amendment003Tests.test_11_no_forbidden_values_in_dto_or_errors) ... ok
test_12_grz_true_at_one_one_one (test_amendment003.Amendment003Tests.test_12_grz_true_at_one_one_one) ... ok
test_13_grz_zero_g_false (test_amendment003.Amendment003Tests.test_13_grz_zero_g_false) ... ok
test_14_grz_zero_r_false (test_amendment003.Amendment003Tests.test_14_grz_zero_r_false) ... ok
test_15_grz_zero_z_false (test_amendment003.Amendment003Tests.test_15_grz_zero_z_false) ... ok
test_16_invalid_null_noninteger_nexp_fails (test_amendment003.Amendment003Tests.test_16_invalid_null_noninteger_nexp_fails) ... ok
test_17_nexp_magnitude_does_not_affect_candidate_or_order (test_amendment003.Amendment003Tests.test_17_nexp_magnitude_does_not_affect_candidate_or_order) ... ok
test_18_nexphist_does_not_affect_candidate_or_order (test_amendment003.Amendment003Tests.test_18_nexphist_does_not_affect_candidate_or_order) ... ok
test_19_north_generation_exactly_9011 (test_amendment003.Amendment003Tests.test_19_north_generation_exactly_9011) ... ok
test_20_north_never_calls_patch_list (test_amendment003.Amendment003Tests.test_20_north_never_calls_patch_list) ... ok
test_21_south_exact_membership_required (test_amendment003.Amendment003Tests.test_21_south_exact_membership_required) ... ok
test_22_south_nonmember_has_no_replacement (test_amendment003.Amendment003Tests.test_22_south_nonmember_has_no_replacement) ... ok
test_23_duplicate_join_rejected (test_amendment003.Amendment003Tests.test_23_duplicate_join_rejected) ... ok
test_24_missing_join_rejected (test_amendment003.Amendment003Tests.test_24_missing_join_rejected) ... ok
test_25_conflicting_join_rejected_without_coercion (test_amendment003.Amendment003Tests.test_25_conflicting_join_rejected_without_coercion) ... ok
test_26_case_alias_not_normalized (test_amendment003.Amendment003Tests.test_26_case_alias_not_normalized) ... ok
test_27_provider_row_permutation_invariant (test_amendment003.Amendment003Tests.test_27_provider_row_permutation_invariant) ... ok
test_28_forbidden_values_arbitrary_no_effect (test_amendment003.Amendment003Tests.test_28_forbidden_values_arbitrary_no_effect) ... ok
test_29_brickid_amendment004_correction_and_history (test_amendment003.Amendment003Tests.test_29_brickid_amendment004_correction_and_history) ... ok
test_30_production_patch_adapter_disabled (test_amendment003.Amendment003Tests.test_30_production_patch_adapter_disabled) ... ok
test_31_stable_field_ids_reject_free_form_source (test_amendment003.Amendment003Tests.test_31_stable_field_ids_reject_free_form_source) ... ok
test_32_raw_provider_table_cannot_reach_selector (test_amendment003.Amendment003Tests.test_32_raw_provider_table_cannot_reach_selector) ... ok
test_33_candidate_canonicalization_deterministic (test_amendment003.Amendment003Tests.test_33_candidate_canonicalization_deterministic) ... ok
test_34_candidate_exact_fields_no_audit_or_forbidden (test_amendment003.Amendment003Tests.test_34_candidate_exact_fields_no_audit_or_forbidden) ... ok
test_35_grz_audit_does_not_influence_ordering (test_amendment003.Amendment003Tests.test_35_grz_audit_does_not_influence_ordering) ... ok
test_36_synthetic_physical_contract_mismatch_stops (test_amendment003.Amendment003Tests.test_36_synthetic_physical_contract_mismatch_stops) ... ok
test_37_missing_production_physical_contract_blocks (test_amendment003.Amendment003Tests.test_37_missing_production_physical_contract_blocks) ... ok
test_38_checksum_verified_before_fits (test_amendment003.Amendment003Tests.test_38_checksum_verified_before_fits) ... ok
test_39_provider_manifest_binding_versions (test_amendment003.Amendment003Tests.test_39_provider_manifest_binding_versions) ... ok
test_40_production_binding_without_physical_contract_blocks (test_amendment003.Amendment003Tests.test_40_production_binding_without_physical_contract_blocks) ... ok
test_001_authority_bindings (test_amendment004_physical_contracts.Amendment004AuthorityLogicalTests.test_001_authority_bindings) ... ok
test_002_post_probe_state_binding (test_amendment004_physical_contracts.Amendment004AuthorityLogicalTests.test_002_post_probe_state_binding) ... ok
test_003_logical_contract_version_and_history (test_amendment004_physical_contracts.Amendment004AuthorityLogicalTests.test_003_logical_contract_version_and_history) ... ok
test_004_exact_fifteen_corrected_types (test_amendment004_physical_contracts.Amendment004AuthorityLogicalTests.test_004_exact_fifteen_corrected_types) ... ok
test_005_classifications_unchanged (test_amendment004_physical_contracts.Amendment004AuthorityLogicalTests.test_005_classifications_unchanged) ... ok
test_006_corrected_synthetic_tforms_and_unchanged_types (test_amendment004_physical_contracts.Amendment004AuthorityLogicalTests.test_006_corrected_synthetic_tforms_and_unchanged_types) ... ok
test_010_exact_contract_roles_and_hashes (test_amendment004_physical_contracts.FrozenPhysicalContractTests.test_010_exact_contract_roles_and_hashes) ... ok
test_011_root_contract_exact (test_amendment004_physical_contracts.FrozenPhysicalContractTests.test_011_root_contract_exact) ... ok
test_012_regional_contracts_exact (test_amendment004_physical_contracts.FrozenPhysicalContractTests.test_012_regional_contracts_exact) ... ok
test_013_patch_contract_exact_and_membership_disabled (test_amendment004_physical_contracts.FrozenPhysicalContractTests.test_013_patch_contract_exact_and_membership_disabled) ... ok
test_014_all_four_exact_synthetic_structures_validate (test_amendment004_physical_contracts.FrozenPhysicalContractTests.test_014_all_four_exact_synthetic_structures_validate) ... ok
test_015_wrong_hdu_fails (test_amendment004_physical_contracts.FrozenPhysicalContractTests.test_015_wrong_hdu_fails) ... ok
test_016_extra_missing_reordered_case_and_tform_fail (test_amendment004_physical_contracts.FrozenPhysicalContractTests.test_016_extra_missing_reordered_case_and_tform_fail) ... ok
test_017_unexpected_column_metadata_fail (test_amendment004_physical_contracts.FrozenPhysicalContractTests.test_017_unexpected_column_metadata_fail) ... ok
test_018_unexpected_extension_metadata_fail (test_amendment004_physical_contracts.FrozenPhysicalContractTests.test_018_unexpected_extension_metadata_fail) ... ok
test_019_naxis1_and_naxis2_drift_fail (test_amendment004_physical_contracts.FrozenPhysicalContractTests.test_019_naxis1_and_naxis2_drift_fail) ... ok
test_020_checksum_identities_and_patch_unresolved (test_amendment004_physical_contracts.FrozenPhysicalContractTests.test_020_checksum_identities_and_patch_unresolved) ... ok
test_021_synthetic_digest_comparison_cannot_activate (test_amendment004_physical_contracts.FrozenPhysicalContractTests.test_021_synthetic_digest_comparison_cannot_activate) ... ok
test_022_activation_matrix_exact_and_independent (test_amendment004_physical_contracts.FrozenPhysicalContractTests.test_022_activation_matrix_exact_and_independent) ... ok
test_023_production_decode_and_row_semantics_blocked (test_amendment004_physical_contracts.FrozenPhysicalContractTests.test_023_production_decode_and_row_semantics_blocked) ... ok
test_024_brickname_production_semantics_unresolved (test_amendment004_physical_contracts.FrozenPhysicalContractTests.test_024_brickname_production_semantics_unresolved) ... ok
test_025_forbidden_j_canaries_never_cross_adapter (test_amendment004_physical_contracts.FrozenPhysicalContractTests.test_025_forbidden_j_canaries_never_cross_adapter) ... ok
test_026_manifest_binding_accepts_contract_identity_but_not_decode (test_amendment004_physical_contracts.FrozenPhysicalContractTests.test_026_manifest_binding_accepts_contract_identity_but_not_decode) ... ok
test_01_static_policy_core_and_closed_production_state (test_autonomy_governor.AutonomyLifecycleTests.test_01_static_policy_core_and_closed_production_state) ... ok
test_02_closed_production_mission_refuses (test_autonomy_governor.AutonomyLifecycleTests.test_02_closed_production_mission_refuses) ... ok
test_03_activation_positive_zero_budget (test_autonomy_governor.AutonomyLifecycleTests.test_03_activation_positive_zero_budget) ... ok
test_04_activation_absent_and_wrong_bindings_refused (test_autonomy_governor.AutonomyLifecycleTests.test_04_activation_absent_and_wrong_bindings_refused) ... ok
test_05_activation_branch_registration_and_second_attempt_refused (test_autonomy_governor.AutonomyLifecycleTests.test_05_activation_branch_registration_and_second_attempt_refused) ... ok
test_06_two_generic_action_classes_eligible (test_autonomy_governor.AutonomyLifecycleTests.test_06_two_generic_action_classes_eligible) ... ok
test_07_generic_refusals (test_autonomy_governor.AutonomyLifecycleTests.test_07_generic_refusals) ... ok
test_08_budget_overflow_refused (test_autonomy_governor.AutonomyLifecycleTests.test_08_budget_overflow_refused) ... ok
test_09_policy_core_mutation_fails_closed (test_autonomy_governor.AutonomyLifecycleTests.test_09_policy_core_mutation_fails_closed) ... ok
test_10_issue_consume_single_use_and_transition_guards (test_autonomy_governor.AutonomyLifecycleTests.test_10_issue_consume_single_use_and_transition_guards) ... ok
test_11_transition_requires_consumption_and_real_terminal (test_autonomy_governor.AutonomyLifecycleTests.test_11_transition_requires_consumption_and_real_terminal) ... ok
test_12_full_two_action_replay (test_autonomy_governor.AutonomyLifecycleTests.test_12_full_two_action_replay) ... ok
test_13_stop_transition (test_autonomy_governor.AutonomyLifecycleTests.test_13_stop_transition) ... ok
test_14_scientific_terminal_transition (test_autonomy_governor.AutonomyLifecycleTests.test_14_scientific_terminal_transition) ... ok
test_15_git_firewall (test_autonomy_governor.AutonomyLifecycleTests.test_15_git_firewall) ... ok
test_001_exact_fifty_four_identities_and_eighteen_points (test_coadd_psf_contract.CoaddPSFContractTests.test_001_exact_fifty_four_identities_and_eighteen_points) ... ok
test_002_exact_six_immutable_locations (test_coadd_psf_contract.CoaddPSFContractTests.test_002_exact_six_immutable_locations) ... ok
test_003_p0_p1_p2_coordinates_match_frozen_contract (test_coadd_psf_contract.CoaddPSFContractTests.test_003_p0_p1_p2_coordinates_match_frozen_contract) ... ok
test_004_identity_count_is_independent_of_transport_count (test_coadd_psf_contract.CoaddPSFContractTests.test_004_identity_count_is_independent_of_transport_count) ... ok
test_005_no_band_parameter_in_representative_urls (test_coadd_psf_contract.CoaddPSFContractTests.test_005_no_band_parameter_in_representative_urls) ... ok
test_006_region_specific_layers_and_representatives (test_coadd_psf_contract.CoaddPSFContractTests.test_006_region_specific_layers_and_representatives) ... ok
test_007_multiband_response_maps_to_eighteen_transports (test_coadd_psf_contract.CoaddPSFContractTests.test_007_multiband_response_maps_to_eighteen_transports) ... ok
test_008_single_band_response_maps_to_fifty_four_transports (test_coadd_psf_contract.CoaddPSFContractTests.test_008_single_band_response_maps_to_fifty_four_transports) ... ok
test_008b_region_specific_mapping_is_preserved (test_coadd_psf_contract.CoaddPSFContractTests.test_008b_region_specific_mapping_is_preserved) ... ok
test_009_malformed_or_unknown_representation_fails (test_coadd_psf_contract.CoaddPSFContractTests.test_009_malformed_or_unknown_representation_fails) ... ok
test_010_response_byte_cap_is_hard (test_coadd_psf_contract.CoaddPSFContractTests.test_010_response_byte_cap_is_hard) ... ok
test_011_cumulative_accounting_starts_at_probe_278 (test_coadd_psf_contract.CoaddPSFContractTests.test_011_cumulative_accounting_starts_at_probe_278) ... ok
test_012_success_persists_two_regional_checkpoints (test_coadd_psf_contract.CoaddPSFContractTests.test_012_success_persists_two_regional_checkpoints) ... ok
test_013_later_failure_preserves_south_checkpoint (test_coadd_psf_contract.CoaddPSFContractTests.test_013_later_failure_preserves_south_checkpoint) ... ok
test_014_binding_has_no_image_invvar_or_morphology_transport (test_coadd_psf_contract.CoaddPSFContractTests.test_014_binding_has_no_image_invvar_or_morphology_transport) ... ok
test_015_binding_is_canonical_and_sealed (test_coadd_psf_contract.CoaddPSFContractTests.test_015_binding_is_canonical_and_sealed) ... ok
test_016_dry_run_and_cli_use_zero_network (test_coadd_psf_contract.CoaddPSFContractTests.test_016_dry_run_and_cli_use_zero_network) ... ok
test_017_runtime_caps_cannot_be_changed (test_coadd_psf_contract.CoaddPSFContractTests.test_017_runtime_caps_cannot_be_changed) ... ok
test_018_synthetic_probe_never_decodes_arrays (test_coadd_psf_contract.CoaddPSFContractTests.test_018_synthetic_probe_never_decodes_arrays) ... ok
test_active_candidate_excludes_ads_route_and_uses_permit_002 (test_cross_id_formalism_recovery.CrossIdFormalismRecoveryTests.test_active_candidate_excludes_ads_route_and_uses_permit_002) ... ok
test_closed_inputs_are_exact (test_cross_id_formalism_recovery.CrossIdFormalismRecoveryTests.test_closed_inputs_are_exact) ... ok
test_conference_proceeding_is_not_apj (test_cross_id_formalism_recovery.CrossIdFormalismRecoveryTests.test_conference_proceeding_is_not_apj) ... ok
test_epistemic_layers_are_separate (test_cross_id_formalism_recovery.CrossIdFormalismRecoveryTests.test_epistemic_layers_are_separate) ... ok
test_exact_argv_and_preflight (test_cross_id_formalism_recovery.CrossIdFormalismRecoveryTests.test_exact_argv_and_preflight) ... ok
test_first_candidate_remains_bound_at_governed_stop (test_cross_id_formalism_recovery.CrossIdFormalismRecoveryTests.test_first_candidate_remains_bound_at_governed_stop) ... ok
test_historical_candidate_and_manifest_are_byte_exact (test_cross_id_formalism_recovery.CrossIdFormalismRecoveryTests.test_historical_candidate_and_manifest_are_byte_exact) ... ok
test_no_radius_constant (test_cross_id_formalism_recovery.CrossIdFormalismRecoveryTests.test_no_radius_constant) ... ok
test_no_source_or_morphology_values_authorized (test_cross_id_formalism_recovery.CrossIdFormalismRecoveryTests.test_no_source_or_morphology_values_authorized) ... ok
test_offline_review_argv_is_exact (test_cross_id_formalism_recovery.CrossIdFormalismRecoveryTests.test_offline_review_argv_is_exact) ... ok
test_offline_review_candidate_is_exact_and_zero_network (test_cross_id_formalism_recovery.CrossIdFormalismRecoveryTests.test_offline_review_candidate_is_exact_and_zero_network) ... ok
test_offline_review_uses_only_acquired_primary_evidence (test_cross_id_formalism_recovery.CrossIdFormalismRecoveryTests.test_offline_review_uses_only_acquired_primary_evidence) ... ok
test_only_two_claims_reopened_and_eight_preserved (test_cross_id_formalism_recovery.CrossIdFormalismRecoveryTests.test_only_two_claims_reopened_and_eight_preserved) ... ok
test_point_source_and_known_uncertainty_assumptions_retained (test_cross_id_formalism_recovery.CrossIdFormalismRecoveryTests.test_point_source_and_known_uncertainty_assumptions_retained) ... ok
test_policy_core_is_generic_and_has_replay_guards (test_cross_id_formalism_recovery.CrossIdFormalismRecoveryTests.test_policy_core_is_generic_and_has_replay_guards) ... ok
test_primary_resources_are_exact_and_ordered (test_cross_id_formalism_recovery.CrossIdFormalismRecoveryTests.test_primary_resources_are_exact_and_ordered) ... ok
test_search_bound_is_not_scientific_threshold (test_cross_id_formalism_recovery.CrossIdFormalismRecoveryTests.test_search_bound_is_not_scientific_threshold) ... ok
test_snapshots_have_closed_transport (test_cross_id_formalism_recovery.CrossIdFormalismRecoveryTests.test_snapshots_have_closed_transport) ... ok
test_stopped_mission_refuses_permit (test_cross_id_formalism_recovery.CrossIdFormalismRecoveryTests.test_stopped_mission_refuses_permit) ... ok
test_terminal_outcomes_are_closed (test_cross_id_formalism_recovery.CrossIdFormalismRecoveryTests.test_terminal_outcomes_are_closed) ... ok
test_single_use_multi_action_and_terminal_closure (test_cross_id_formalism_recovery.CrossIdGovernorLifecycleTests.test_single_use_multi_action_and_terminal_closure) ... ok
test_all_markers_use_one_matcher (test_cross_id_offline_review_recovery.CrossIdOfflineRecoveryBootstrapTests.test_all_markers_use_one_matcher) ... ok
test_arbitrary_whitespace_between_every_token_passes (test_cross_id_offline_review_recovery.CrossIdOfflineRecoveryBootstrapTests.test_arbitrary_whitespace_between_every_token_passes) ... ok
test_budget_authorities_and_firewall_are_closed (test_cross_id_offline_review_recovery.CrossIdOfflineRecoveryBootstrapTests.test_budget_authorities_and_firewall_are_closed) ... ok
test_candidate_and_exact_runtime_command (test_cross_id_offline_review_recovery.CrossIdOfflineRecoveryBootstrapTests.test_candidate_and_exact_runtime_command) ... ok
test_candidate_has_five_outputs_and_zero_observation (test_cross_id_offline_review_recovery.CrossIdOfflineRecoveryBootstrapTests.test_candidate_has_five_outputs_and_zero_observation) ... ok
test_closed_local_input_hashes_are_exact (test_cross_id_offline_review_recovery.CrossIdOfflineRecoveryBootstrapTests.test_closed_local_input_hashes_are_exact) ... ok
test_governor_is_generic (test_cross_id_offline_review_recovery.CrossIdOfflineRecoveryBootstrapTests.test_governor_is_generic) ... ok
test_known_layout_break_passes (test_cross_id_offline_review_recovery.CrossIdOfflineRecoveryBootstrapTests.test_known_layout_break_passes) ... ok
test_mission_closed_at_scientific_terminal_with_single_consumed_permit (test_cross_id_offline_review_recovery.CrossIdOfflineRecoveryBootstrapTests.test_mission_closed_at_scientific_terminal_with_single_consumed_permit) ... ok
test_no_silent_dehyphenation (test_cross_id_offline_review_recovery.CrossIdOfflineRecoveryBootstrapTests.test_no_silent_dehyphenation) ... ok
test_predecessor_stop_is_immutable_and_permit_consumed (test_cross_id_offline_review_recovery.CrossIdOfflineRecoveryBootstrapTests.test_predecessor_stop_is_immutable_and_permit_consumed) ... ok
test_required_negative_phrases_fail (test_cross_id_offline_review_recovery.CrossIdOfflineRecoveryBootstrapTests.test_required_negative_phrases_fail) ... ok
test_static_authorities_and_policy_core_validate (test_cross_id_offline_review_recovery.CrossIdOfflineRecoveryBootstrapTests.test_static_authorities_and_policy_core_validate) ... ok
test_vocabulary_and_terminal_mapping_are_frozen (test_cross_id_offline_review_recovery.CrossIdOfflineRecoveryBootstrapTests.test_vocabulary_and_terminal_mapping_are_frozen) ... ok
test_whitespace_normalization_exact (test_cross_id_offline_review_recovery.CrossIdOfflineRecoveryBootstrapTests.test_whitespace_normalization_exact) ... ok
test_single_use_multi_action_and_terminal_closure (test_cross_id_offline_review_recovery.CrossIdOfflineRecoveryLifecycleTests.test_single_use_multi_action_and_terminal_closure) ... ok
test_catalog_observation_is_not_object_group (test_cross_observer_grouping.CrossObserverGroupingSemanticsTests.test_catalog_observation_is_not_object_group) ... ok
test_exact_allowlist_and_denied_fields (test_cross_observer_grouping.CrossObserverGroupingSemanticsTests.test_exact_allowlist_and_denied_fields) ... ok
test_holdout_contract_is_frozen_and_separated (test_cross_observer_grouping.CrossObserverGroupingSemanticsTests.test_holdout_contract_is_frozen_and_separated) ... ok
test_ivar_is_not_complete_covariance (test_cross_observer_grouping.CrossObserverGroupingSemanticsTests.test_ivar_is_not_complete_covariance) ... ok
test_nearest_is_never_selected_implicitly (test_cross_observer_grouping.CrossObserverGroupingSemanticsTests.test_nearest_is_never_selected_implicitly) ... ok
test_no_production_match_radius_constant (test_cross_observer_grouping.CrossObserverGroupingSemanticsTests.test_no_production_match_radius_constant) ... ok
test_one_to_many_many_to_one_and_many_to_many_preserved (test_cross_observer_grouping.CrossObserverGroupingSemanticsTests.test_one_to_many_many_to_one_and_many_to_many_preserved) ... ok
test_region_cannot_enter_morphology_role (test_cross_observer_grouping.CrossObserverGroupingSemanticsTests.test_region_cannot_enter_morphology_role) ... ok
test_resolved_catalog_rejected_and_regional_tables_require_contract (test_cross_observer_grouping.CrossObserverGroupingSemanticsTests.test_resolved_catalog_rejected_and_regional_tables_require_contract) ... ok
test_split_group_is_distinct_and_may_be_coarse (test_cross_observer_grouping.CrossObserverGroupingSemanticsTests.test_split_group_is_distinct_and_may_be_coarse) ... ok
test_unknown_grouping_blocks_replication_and_confirmatory_split (test_cross_observer_grouping.CrossObserverGroupingSemanticsTests.test_unknown_grouping_blocks_replication_and_confirmatory_split) ... ok
test_candidate_manifest_and_zero_source_rows (test_cross_observer_grouping_datalab_diagnostic.DataLabDiagnosticTests.test_candidate_manifest_and_zero_source_rows) ... ok
test_exact_runtime_command_is_closed (test_cross_observer_grouping_datalab_diagnostic.DataLabDiagnosticTests.test_exact_runtime_command_is_closed) ... ok
test_no_redirect_retry_or_resume (test_cross_observer_grouping_datalab_diagnostic.DataLabDiagnosticTests.test_no_redirect_retry_or_resume) ... ok
test_frozen_candidate_and_manifest_validate_offline (test_cross_observer_grouping_documentary_completion.DocumentaryCompletionTests.test_frozen_candidate_and_manifest_validate_offline) ... ok
test_partial_bytes_are_charged_before_cap_failure (test_cross_observer_grouping_documentary_completion.DocumentaryCompletionTests.test_partial_bytes_are_charged_before_cap_failure) ... ok
test_query_correction_is_literal (test_cross_observer_grouping_documentary_completion.DocumentaryCompletionTests.test_query_correction_is_literal) ... ok
test_runtime_command_is_exact (test_cross_observer_grouping_documentary_completion.DocumentaryCompletionTests.test_runtime_command_is_exact) ... ok
test_acquisition_cannot_emit_grouping_terminal (test_cross_observer_grouping_documentary_provenance.DocumentaryProvenanceTests.test_acquisition_cannot_emit_grouping_terminal) ... ok
test_boolean_upstream_immutability_is_rejected (test_cross_observer_grouping_documentary_provenance.DocumentaryProvenanceTests.test_boolean_upstream_immutability_is_rejected) ... ok
test_documentary_pass_requires_all_claims_and_no_threshold (test_cross_observer_grouping_documentary_provenance.DocumentaryProvenanceTests.test_documentary_pass_requires_all_claims_and_no_threshold) ... ok
test_historical_pre_authorization_artifacts_are_unchanged (test_cross_observer_grouping_documentary_provenance.DocumentaryProvenanceTests.test_historical_pre_authorization_artifacts_are_unchanged) ... ok
test_live_resources_use_snapshot_capture_without_boolean_claim (test_cross_observer_grouping_documentary_provenance.DocumentaryProvenanceTests.test_live_resources_use_snapshot_capture_without_boolean_claim) ... ok
test_raw_snapshot_is_read_only_and_hash_bound (test_cross_observer_grouping_documentary_provenance.DocumentaryProvenanceTests.test_raw_snapshot_is_read_only_and_hash_bound) ... ok
test_revision_pinned_mode_requires_actual_identity (test_cross_observer_grouping_documentary_provenance.DocumentaryProvenanceTests.test_revision_pinned_mode_requires_actual_identity) ... ok
test_semantic_review_cannot_read_source_rows_or_photsys_values (test_cross_observer_grouping_documentary_provenance.DocumentaryProvenanceTests.test_semantic_review_cannot_read_source_rows_or_photsys_values) ... ok
test_synthetic_acquisition_records_full_snapshot_provenance (test_cross_observer_grouping_documentary_provenance.DocumentaryProvenanceTests.test_synthetic_acquisition_records_full_snapshot_provenance) ... ok
test_transport_evidence_requires_null_optional_metadata (test_cross_observer_grouping_documentary_provenance.DocumentaryProvenanceTests.test_transport_evidence_requires_null_optional_metadata) ... ok
test_authority_budget_and_firewall_refusals (test_cross_observer_grouping_governor.CrossObserverGroupingGovernorTests.test_authority_budget_and_firewall_refusals) ... ok
test_documentary_candidate_and_command_are_exact (test_cross_observer_grouping_governor.CrossObserverGroupingGovernorTests.test_documentary_candidate_and_command_are_exact) ... ok
test_partial_body_bytes_are_charged_before_cap_failure (test_cross_observer_grouping_governor.CrossObserverGroupingGovernorTests.test_partial_body_bytes_are_charged_before_cap_failure) ... ok
test_policy_core_is_generic (test_cross_observer_grouping_governor.CrossObserverGroupingGovernorTests.test_policy_core_is_generic) ... ok
test_production_state_is_terminal_and_first_candidate_remains_bound (test_cross_observer_grouping_governor.CrossObserverGroupingGovernorTests.test_production_state_is_terminal_and_first_candidate_remains_bound) ... ok
test_request_is_charged_before_transport_construction (test_cross_observer_grouping_governor.CrossObserverGroupingGovernorTests.test_request_is_charged_before_transport_construction) ... ok
test_single_use_permit_and_multi_action_replay (test_cross_observer_grouping_governor.CrossObserverGroupingGovernorTests.test_single_use_permit_and_multi_action_replay) ... ok
test_terminal_mission_cannot_issue_permit (test_cross_observer_grouping_governor.CrossObserverGroupingGovernorTests.test_terminal_mission_cannot_issue_permit) ... ok
test_candidate_is_offline_and_binds_seven_inputs (test_cross_observer_grouping_offline_review.OfflineDocumentaryReviewTests.test_candidate_is_offline_and_binds_seven_inputs) ... ok
test_runtime_is_exact (test_cross_observer_grouping_offline_review.OfflineDocumentaryReviewTests.test_runtime_is_exact) ... ok
test_exact_single_ads_article (test_cross_observer_grouping_primary_article.PrimaryArticleTests.test_exact_single_ads_article) ... ok
test_candidate_is_single_official_arxiv_export_resource (test_cross_observer_grouping_primary_literature.PrimaryLiteratureRecoveryTests.test_candidate_is_single_official_arxiv_export_resource) ... ok
test_runtime_is_exact (test_cross_observer_grouping_primary_literature.PrimaryLiteratureRecoveryTests.test_runtime_is_exact) ... ok
test_001_exact_twelve_identities (test_fixed_native_contract.FixedNativeContractTests.test_001_exact_twelve_identities) ... ok
test_002_reuses_frozen_directory_components (test_fixed_native_contract.FixedNativeContractTests.test_002_reuses_frozen_directory_components) ... ok
test_003_exact_grz_inventory (test_fixed_native_contract.FixedNativeContractTests.test_003_exact_grz_inventory) ... ok
test_004_image_primary_role_is_documented (test_fixed_native_contract.FixedNativeContractTests.test_004_image_primary_role_is_documented) ... ok
test_005_invvar_hdu_unresolved_until_observed (test_fixed_native_contract.FixedNativeContractTests.test_005_invvar_hdu_unresolved_until_observed) ... ok
test_006_literal_url_families (test_fixed_native_contract.FixedNativeContractTests.test_006_literal_url_families) ... ok
test_007_aligned_header_ranges_stop_at_data (test_fixed_native_contract.FixedNativeContractTests.test_007_aligned_header_ranges_stop_at_data) ... ok
test_008_science_canary_is_never_requested (test_fixed_native_contract.FixedNativeContractTests.test_008_science_canary_is_never_requested) ... ok
test_009_durable_head_and_resource_checkpoints (test_fixed_native_contract.FixedNativeContractTests.test_009_durable_head_and_resource_checkpoints) ... ok
test_010_cumulative_accounting_starts_at_194 (test_fixed_native_contract.FixedNativeContractTests.test_010_cumulative_accounting_starts_at_194) ... ok
test_011_historical_200_is_not_future_hard_stop (test_fixed_native_contract.FixedNativeContractTests.test_011_historical_200_is_not_future_hard_stop) ... ok
test_012_partial_probe_preserves_completed_resource (test_fixed_native_contract.FixedNativeContractTests.test_012_partial_probe_preserves_completed_resource) ... ok
test_013_exact_frozen_six_locations (test_fixed_native_contract.FixedNativeContractTests.test_013_exact_frozen_six_locations) ... ok
test_014_exact_eighteen_psf_points (test_fixed_native_contract.FixedNativeContractTests.test_014_exact_eighteen_psf_points) ... ok
test_015_exact_fifty_four_observational_identities (test_fixed_native_contract.FixedNativeContractTests.test_015_exact_fifty_four_observational_identities) ... ok
test_016_transport_bundling_is_independent (test_fixed_native_contract.FixedNativeContractTests.test_016_transport_bundling_is_independent) ... ok
test_017_region_layer_binding (test_fixed_native_contract.FixedNativeContractTests.test_017_region_layer_binding) ... ok
test_018_no_location_mutation_from_builders (test_fixed_native_contract.FixedNativeContractTests.test_018_no_location_mutation_from_builders) ... ok
test_019_binding_is_canonical_and_exact (test_fixed_native_contract.FixedNativeContractTests.test_019_binding_is_canonical_and_exact) ... ok
test_020_probe_success_resolves_invvar_layout (test_fixed_native_contract.FixedNativeContractTests.test_020_probe_success_resolves_invvar_layout) ... ok
test_021_dry_run_zero_network (test_fixed_native_contract.FixedNativeContractTests.test_021_dry_run_zero_network) ... ok
test_022_cli_dry_run (test_fixed_native_contract.FixedNativeContractTests.test_022_cli_dry_run) ... ok
test_023_source_has_no_pixel_decoder (test_fixed_native_contract.FixedNativeContractTests.test_023_source_has_no_pixel_decoder) ... ok
test_024_psf_band_parameter_is_not_forced (test_fixed_native_contract.FixedNativeContractTests.test_024_psf_band_parameter_is_not_forced) ... ok
test_025_psf_units_and_deployment_stay_unresolved (test_fixed_native_contract.FixedNativeContractTests.test_025_psf_units_and_deployment_stay_unresolved) ... ok
test_001_exact_twelve_fixed_inventory_and_bytes (test_fixed_native_psf_acquisition.FixedNativePSFAcquisitionTests.test_001_exact_twelve_fixed_inventory_and_bytes) ... ok
test_002_exact_eighteen_psf_transports_and_fifty_four_identities (test_fixed_native_psf_acquisition.FixedNativePSFAcquisitionTests.test_002_exact_eighteen_psf_transports_and_fifty_four_identities) ... ok
test_003_region_specific_shapes_are_frozen_without_homogenization (test_fixed_native_psf_acquisition.FixedNativePSFAcquisitionTests.test_003_region_specific_shapes_are_frozen_without_homogenization) ... ok
test_004_historical_psf_reservation_is_total_envelope (test_fixed_native_psf_acquisition.FixedNativePSFAcquisitionTests.test_004_historical_psf_reservation_is_total_envelope) ... ok
test_005_request_plan_and_cumulative_counters (test_fixed_native_psf_acquisition.FixedNativePSFAcquisitionTests.test_005_request_plan_and_cumulative_counters) ... ok
test_006_download_order_is_deterministic (test_fixed_native_psf_acquisition.FixedNativePSFAcquisitionTests.test_006_download_order_is_deterministic) ... ok
test_007_fixed_representation_drift_fails (test_fixed_native_psf_acquisition.FixedNativePSFAcquisitionTests.test_007_fixed_representation_drift_fails) ... ok
test_008_psf_malformed_missing_order_and_shape_fail (test_fixed_native_psf_acquisition.FixedNativePSFAcquisitionTests.test_008_psf_malformed_missing_order_and_shape_fail) ... ok
test_009_immutable_publication_never_overwrites (test_fixed_native_psf_acquisition.FixedNativePSFAcquisitionTests.test_009_immutable_publication_never_overwrites) ... ok
test_010_no_automatic_resume (test_fixed_native_psf_acquisition.FixedNativePSFAcquisitionTests.test_010_no_automatic_resume) ... ok
test_011_locations_are_not_mutated (test_fixed_native_psf_acquisition.FixedNativePSFAcquisitionTests.test_011_locations_are_not_mutated) ... ok
test_012_candidate_has_zero_extraction_preprocessing_morphology (test_fixed_native_psf_acquisition.FixedNativePSFAcquisitionTests.test_012_candidate_has_zero_extraction_preprocessing_morphology) ... ok
test_013_candidate_was_prospective_and_completed_authorization_is_sealed (test_fixed_native_psf_acquisition.FixedNativePSFAcquisitionTests.test_013_candidate_was_prospective_and_completed_authorization_is_sealed) ... ok
test_014_offline_candidate_validation (test_fixed_native_psf_acquisition.FixedNativePSFAcquisitionTests.test_014_offline_candidate_validation) ... ok
test_014b_missing_final_authorization_blocks_transport (test_fixed_native_psf_acquisition.FixedNativePSFAcquisitionTests.test_014b_missing_final_authorization_blocks_transport) ... ok
test_014c_transport_preserves_dynamic_psf_url_and_enforces_cap (test_fixed_native_psf_acquisition.FixedNativePSFAcquisitionTests.test_014c_transport_preserves_dynamic_psf_url_and_enforces_cap) ... ok
test_015_runtime_caps_cannot_change (test_fixed_native_psf_acquisition.FixedNativePSFAcquisitionTests.test_015_runtime_caps_cannot_change) ... ok
test_016_full_synthetic_acquisition_and_identity_mapping (test_fixed_native_psf_acquisition.FixedNativePSFAcquisitionTests.test_016_full_synthetic_acquisition_and_identity_mapping) ... ok
test_017_partial_failure_preserves_completed_publication (test_fixed_native_psf_acquisition.FixedNativePSFAcquisitionTests.test_017_partial_failure_preserves_completed_publication) ... ok
test_018_candidate_is_canonical_and_sealed (test_fixed_native_psf_acquisition.FixedNativePSFAcquisitionTests.test_018_candidate_is_canonical_and_sealed) ... ok
test_30_zeroed_firewall_counters (test_galaxy_eligibility_photsys_authority_probe.ControlBoundaryTests.test_30_zeroed_firewall_counters) ... ok
test_31_tightened_envelopes (test_galaxy_eligibility_photsys_authority_probe.ControlBoundaryTests.test_31_tightened_envelopes) ... ok
test_32_budget_request_and_byte_caps (test_galaxy_eligibility_photsys_authority_probe.ControlBoundaryTests.test_32_budget_request_and_byte_caps) ... ok
test_33_atomic_checkpoint_index (test_galaxy_eligibility_photsys_authority_probe.ControlBoundaryTests.test_33_atomic_checkpoint_index) ... ok
test_34_authorization_precedes_transport (test_galaxy_eligibility_photsys_authority_probe.ControlBoundaryTests.test_34_authorization_precedes_transport) ... ok
test_35_documentary_execution_retains_hash_and_decodes_zero_cells (test_galaxy_eligibility_photsys_authority_probe.ControlBoundaryTests.test_35_documentary_execution_retains_hash_and_decodes_zero_cells) ... ok
test_36_no_rerun_or_automatic_resume (test_galaxy_eligibility_photsys_authority_probe.ControlBoundaryTests.test_36_no_rerun_or_automatic_resume) ... ok
test_36b_partial_failure_terminal_is_durable (test_galaxy_eligibility_photsys_authority_probe.ControlBoundaryTests.test_36b_partial_failure_terminal_is_durable) ... ok
test_37_cli_modes (test_galaxy_eligibility_photsys_authority_probe.ControlBoundaryTests.test_37_cli_modes) ... ok
test_38_historical_v1_evidence_immutable (test_galaxy_eligibility_photsys_authority_probe.ControlBoundaryTests.test_38_historical_v1_evidence_immutable) ... ok
test_39_stage_boundary_blocks_panel_and_other_transports (test_galaxy_eligibility_photsys_authority_probe.ControlBoundaryTests.test_39_stage_boundary_blocks_panel_and_other_transports) ... ok
test_01_closed_allowlist (test_galaxy_eligibility_photsys_authority_probe.DocumentaryTests.test_01_closed_allowlist) ... ok
test_02_exact_target_filename (test_galaxy_eligibility_photsys_authority_probe.DocumentaryTests.test_02_exact_target_filename) ... ok
test_03_literal_url_requires_explicit_href (test_galaxy_eligibility_photsys_authority_probe.DocumentaryTests.test_03_literal_url_requires_explicit_href) ... ok
test_04_mirror_and_unrelated_catalog_rejected (test_galaxy_eligibility_photsys_authority_probe.DocumentaryTests.test_04_mirror_and_unrelated_catalog_rejected) ... ok
test_05_exact_document_semantics (test_galaxy_eligibility_photsys_authority_probe.DocumentaryTests.test_05_exact_document_semantics) ... ok
test_06_canonical_manifest_validation_and_hash (test_galaxy_eligibility_photsys_authority_probe.DocumentaryTests.test_06_canonical_manifest_validation_and_hash) ... ok
test_07_wrong_document_allowlist_rejected (test_galaxy_eligibility_photsys_authority_probe.DocumentaryTests.test_07_wrong_document_allowlist_rejected) ... ok
test_10_exact_tform_offsets_and_shapes (test_galaxy_eligibility_photsys_authority_probe.FITSStructureTests.test_10_exact_tform_offsets_and_shapes) ... ok
test_11_selective_projection_minimal_interleaved_spans (test_galaxy_eligibility_photsys_authority_probe.FITSStructureTests.test_11_selective_projection_minimal_interleaved_spans) ... ok
test_12_area_structural_only (test_galaxy_eligibility_photsys_authority_probe.FITSStructureTests.test_12_area_structural_only) ... ok
test_13_missing_allowed_field_fails_closed (test_galaxy_eligibility_photsys_authority_probe.FITSStructureTests.test_13_missing_allowed_field_fails_closed) ... ok
test_14_random_point_row_count_rejected (test_galaxy_eligibility_photsys_authority_probe.FITSStructureTests.test_14_random_point_row_count_rejected) ... ok
test_15_documented_row_model_required (test_galaxy_eligibility_photsys_authority_probe.FITSStructureTests.test_15_documented_row_model_required) ... ok
test_16_unexpected_hdu_rejected (test_galaxy_eligibility_photsys_authority_probe.FITSStructureTests.test_16_unexpected_hdu_rejected) ... ok
test_17_malformed_schema_rejected (test_galaxy_eligibility_photsys_authority_probe.FITSStructureTests.test_17_malformed_schema_rejected) ... ok
test_18_null_scaling_units_retained (test_galaxy_eligibility_photsys_authority_probe.FITSStructureTests.test_18_null_scaling_units_retained) ... ok
test_19_probe_stops_at_headers_and_skips_table_data (test_galaxy_eligibility_photsys_authority_probe.FITSStructureTests.test_19_probe_stops_at_headers_and_skips_table_data) ... ok
test_20_range_mismatch_rejected (test_galaxy_eligibility_photsys_authority_probe.FITSStructureTests.test_20_range_mismatch_rejected) ... ok
test_21_header_block_cap (test_galaxy_eligibility_photsys_authority_probe.FITSStructureTests.test_21_header_block_cap) ... ok
test_20_distinct_attempt_and_exact_allowlist (test_galaxy_eligibility_photsys_documentary002.BoundaryAndExecutionTests.test_20_distinct_attempt_and_exact_allowlist) ... ok
test_21_tight_stage_caps_and_no_fits_capability (test_galaxy_eligibility_photsys_documentary002.BoundaryAndExecutionTests.test_21_tight_stage_caps_and_no_fits_capability) ... ok
test_22_historical_attempt_is_hash_valid_and_unchanged (test_galaxy_eligibility_photsys_documentary002.BoundaryAndExecutionTests.test_22_historical_attempt_is_hash_valid_and_unchanged) ... ok
test_23_input_validation_reuses_history_without_transport (test_galaxy_eligibility_photsys_documentary002.BoundaryAndExecutionTests.test_23_input_validation_reuses_history_without_transport) ... ok
test_24_candidate_has_one_resource_and_zero_fits_operations (test_galaxy_eligibility_photsys_documentary002.BoundaryAndExecutionTests.test_24_candidate_has_one_resource_and_zero_fits_operations) ... ok
test_25_redirect_outside_allowlist_fails_before_second_transport (test_galaxy_eligibility_photsys_documentary002.BoundaryAndExecutionTests.test_25_redirect_outside_allowlist_fails_before_second_transport) ... ok
test_26_synthetic_success_decodes_no_cells_and_requests_no_fits (test_galaxy_eligibility_photsys_documentary002.BoundaryAndExecutionTests.test_26_synthetic_success_decodes_no_cells_and_requests_no_fits) ... ok
test_27_previous_evidence_still_immutable_after_synthetic_execution (test_galaxy_eligibility_photsys_documentary002.BoundaryAndExecutionTests.test_27_previous_evidence_still_immutable_after_synthetic_execution) ... ok
test_28_cli_modes_are_closed (test_galaxy_eligibility_photsys_documentary002.BoundaryAndExecutionTests.test_28_cli_modes_are_closed) ... ok
test_29_partial_failure_terminal_is_canonical_and_zero_fits (test_galaxy_eligibility_photsys_documentary002.BoundaryAndExecutionTests.test_29_partial_failure_terminal_is_canonical_and_zero_fits) ... ok
test_10_exact_relative_href_accepted (test_galaxy_eligibility_photsys_documentary002.LiteralHrefTests.test_10_exact_relative_href_accepted) ... ok
test_11_exact_absolute_href_accepted (test_galaxy_eligibility_photsys_documentary002.LiteralHrefTests.test_11_exact_absolute_href_accepted) ... ok
test_12_plain_text_rejected (test_galaxy_eligibility_photsys_documentary002.LiteralHrefTests.test_12_plain_text_rejected) ... ok
test_13_constructed_url_not_accepted (test_galaxy_eligibility_photsys_documentary002.LiteralHrefTests.test_13_constructed_url_not_accepted) ... ok
test_14_wrong_host_rejected (test_galaxy_eligibility_photsys_documentary002.LiteralHrefTests.test_14_wrong_host_rejected) ... ok
test_15_wrong_directory_rejected (test_galaxy_eligibility_photsys_documentary002.LiteralHrefTests.test_15_wrong_directory_rejected) ... ok
test_16_wrong_version_and_similar_names_rejected (test_galaxy_eligibility_photsys_documentary002.LiteralHrefTests.test_16_wrong_version_and_similar_names_rejected) ... ok
test_17_query_and_fragment_rejected (test_galaxy_eligibility_photsys_documentary002.LiteralHrefTests.test_17_query_and_fragment_rejected) ... ok
test_18_duplicate_exact_href_rejected (test_galaxy_eligibility_photsys_documentary002.LiteralHrefTests.test_18_duplicate_exact_href_rejected) ... ok
test_01_preserved_real_bodies_fix_both_false_negatives (test_galaxy_eligibility_photsys_documentary002.ParserCorrectionTests.test_01_preserved_real_bodies_fix_both_false_negatives) ... ok
test_02_product_structure_is_required_not_generic_text (test_galaxy_eligibility_photsys_documentary002.ParserCorrectionTests.test_02_product_structure_is_required_not_generic_text) ... ok
test_03_exact_photsys_table_row_is_required (test_galaxy_eligibility_photsys_documentary002.ParserCorrectionTests.test_03_exact_photsys_table_row_is_required) ... ok
test_04_similarly_worded_paragraph_does_not_replace_table (test_galaxy_eligibility_photsys_documentary002.ParserCorrectionTests.test_04_similarly_worded_paragraph_does_not_replace_table) ... ok
test_05_corrected_evidence_binds_immutable_hashes (test_galaxy_eligibility_photsys_documentary002.ParserCorrectionTests.test_05_corrected_evidence_binds_immutable_hashes) ... ok
test_001_exact_primary_and_bintable_classification (test_galaxy_eligibility_photsys_physical_correction.CorrectionTests.test_001_exact_primary_and_bintable_classification) ... ok
test_002_immutable_headers_reconstruct_exact_contract (test_galaxy_eligibility_photsys_physical_correction.CorrectionTests.test_002_immutable_headers_reconstruct_exact_contract) ... ok
test_003_correction_is_derived_label_only (test_galaxy_eligibility_photsys_physical_correction.CorrectionTests.test_003_correction_is_derived_label_only) ... ok
test_004_reviewed_contract_binds_every_physical_finding (test_galaxy_eligibility_photsys_physical_correction.CorrectionTests.test_004_reviewed_contract_binds_every_physical_finding) ... ok
test_010_historical_candidate_is_exact_after_authorized_execution (test_galaxy_eligibility_photsys_physical_correction.StageBCandidateTests.test_010_historical_candidate_is_exact_after_authorized_execution) ... ok
test_011_byte_preservation_does_not_authorize_values (test_galaxy_eligibility_photsys_physical_correction.StageBCandidateTests.test_011_byte_preservation_does_not_authorize_values) ... ok
test_012_offline_validation_constructs_no_transport (test_galaxy_eligibility_photsys_physical_correction.StageBCandidateTests.test_012_offline_validation_constructs_no_transport) ... ok
test_013_missing_authorization_blocks_before_transport (test_galaxy_eligibility_photsys_physical_correction.StageBCandidateTests.test_013_missing_authorization_blocks_before_transport) ... ok
test_014_transport_streams_exact_bytes_with_no_decode (test_galaxy_eligibility_photsys_physical_correction.StageBCandidateTests.test_014_transport_streams_exact_bytes_with_no_decode) ... ok
test_01_attempt_002_literal_binding_and_tree_are_immutable (test_galaxy_eligibility_photsys_physical_probe.EvidenceAndCandidateTests.test_01_attempt_002_literal_binding_and_tree_are_immutable) ... ok
test_02_distinct_stage_scope_and_caps (test_galaxy_eligibility_photsys_physical_probe.EvidenceAndCandidateTests.test_02_distinct_stage_scope_and_caps) ... ok
test_03_candidate_binds_exact_resource_and_blocks_wider_stages (test_galaxy_eligibility_photsys_physical_probe.EvidenceAndCandidateTests.test_03_candidate_binds_exact_resource_and_blocks_wider_stages) ... ok
test_04_completed_probe_authorization_is_preserved (test_galaxy_eligibility_photsys_physical_probe.EvidenceAndCandidateTests.test_04_completed_probe_authorization_is_preserved) ... ok
test_05_offline_modes_and_cli_are_network_free (test_galaxy_eligibility_photsys_physical_probe.EvidenceAndCandidateTests.test_05_offline_modes_and_cli_are_network_free) ... ok
test_20_full_synthetic_probe_resolves_with_no_data_byte (test_galaxy_eligibility_photsys_physical_probe.SyntheticPhysicalProbeTests.test_20_full_synthetic_probe_resolves_with_no_data_byte) ... ok
test_21_actual_schema_is_exhaustive_and_row_cardinality_is_frozen (test_galaxy_eligibility_photsys_physical_probe.SyntheticPhysicalProbeTests.test_21_actual_schema_is_exhaustive_and_row_cardinality_is_frozen) ... ok
test_22_three_field_interleaved_projection_has_no_whole_row_fallback (test_galaxy_eligibility_photsys_physical_probe.SyntheticPhysicalProbeTests.test_22_three_field_interleaved_projection_has_no_whole_row_fallback) ... ok
test_23_zero_value_firewall_and_stage_b_remain_blocked (test_galaxy_eligibility_photsys_physical_probe.SyntheticPhysicalProbeTests.test_23_zero_value_firewall_and_stage_b_remain_blocked) ... ok
test_24_head_blocks_hdu_schema_and_projection_are_checkpointed (test_galaxy_eligibility_photsys_physical_probe.SyntheticPhysicalProbeTests.test_24_head_blocks_hdu_schema_and_projection_are_checkpointed) ... ok
test_25_wrong_row_count_stops_as_not_brick_level (test_galaxy_eligibility_photsys_physical_probe.SyntheticPhysicalProbeTests.test_25_wrong_row_count_stops_as_not_brick_level) ... ok
test_26_unexpected_hdu_structure_stops (test_galaxy_eligibility_photsys_physical_probe.SyntheticPhysicalProbeTests.test_26_unexpected_hdu_structure_stops) ... ok
test_27_projection_unavailable_has_no_decode_fallback (test_galaxy_eligibility_photsys_physical_probe.SyntheticPhysicalProbeTests.test_27_projection_unavailable_has_no_decode_fallback) ... ok
test_28_partial_failure_remains_durably_reviewable (test_galaxy_eligibility_photsys_physical_probe.SyntheticPhysicalProbeTests.test_28_partial_failure_remains_durably_reviewable) ... ok
test_29_panel_v2_p1_and_acquisition_are_absent (test_galaxy_eligibility_photsys_physical_probe.SyntheticPhysicalProbeTests.test_29_panel_v2_p1_and_acquisition_are_absent) ... ok
test_10_full_get_and_alternate_resource_are_rejected_before_network (test_galaxy_eligibility_photsys_physical_probe.TransportBoundaryTests.test_10_full_get_and_alternate_resource_are_rejected_before_network) ... ok
test_11_only_one_head_is_permitted (test_galaxy_eligibility_photsys_physical_probe.TransportBoundaryTests.test_11_only_one_head_is_permitted) ... ok
test_12_ranges_are_exact_aligned_header_blocks (test_galaxy_eligibility_photsys_physical_probe.TransportBoundaryTests.test_12_ranges_are_exact_aligned_header_blocks) ... ok
test_13_redirect_to_other_destination_stops_before_second_connection (test_galaxy_eligibility_photsys_physical_probe.TransportBoundaryTests.test_13_redirect_to_other_destination_stops_before_second_connection) ... ok
test_20_exact_tractor_urls_and_directory_component (test_galaxy_eligibility_resource_schema_probe.GalaxyEligibilityFirewallTests.test_20_exact_tractor_urls_and_directory_component) ... ok
test_21_exact_projection_sets (test_galaxy_eligibility_resource_schema_probe.GalaxyEligibilityFirewallTests.test_21_exact_projection_sets) ... ok
test_22_denied_name_recognition_without_value_access (test_galaxy_eligibility_resource_schema_probe.GalaxyEligibilityFirewallTests.test_22_denied_name_recognition_without_value_access) ... ok
test_23_unknown_provider_column_rejected_by_exhaustive_binding (test_galaxy_eligibility_resource_schema_probe.GalaxyEligibilityFirewallTests.test_23_unknown_provider_column_rejected_by_exhaustive_binding) ... ok
test_24_bintable_offsets_and_tform_widths (test_galaxy_eligibility_resource_schema_probe.GalaxyEligibilityFirewallTests.test_24_bintable_offsets_and_tform_widths) ... ok
test_25_contiguous_allowed_span (test_galaxy_eligibility_resource_schema_probe.GalaxyEligibilityFirewallTests.test_25_contiguous_allowed_span) ... ok
test_26_interleaved_denied_requires_disjoint_spans (test_galaxy_eligibility_resource_schema_probe.GalaxyEligibilityFirewallTests.test_26_interleaved_denied_requires_disjoint_spans) ... ok
test_27_firewall_unavailable_without_projection_or_exact_ranges (test_galaxy_eligibility_resource_schema_probe.GalaxyEligibilityFirewallTests.test_27_firewall_unavailable_without_projection_or_exact_ranges) ... ok
test_28_post_decode_drop_shortcut_forbidden (test_galaxy_eligibility_resource_schema_probe.GalaxyEligibilityFirewallTests.test_28_post_decode_drop_shortcut_forbidden) ... ok
test_29_zero_real_cell_decode_in_projection (test_galaxy_eligibility_resource_schema_probe.GalaxyEligibilityFirewallTests.test_29_zero_real_cell_decode_in_projection) ... ok
test_30_panel_candidate_has_sixteen_tractor_and_zero_b1_urls (test_galaxy_eligibility_resource_schema_probe.GalaxyEligibilityFirewallTests.test_30_panel_candidate_has_sixteen_tractor_and_zero_b1_urls) ... ok
test_40_transport_unavailable_without_final_authorization (test_galaxy_eligibility_resource_schema_probe.GalaxyEligibilityNetworkControlTests.test_40_transport_unavailable_without_final_authorization) ... ok
test_41_first_attempt_policy_is_stricter (test_galaxy_eligibility_resource_schema_probe.GalaxyEligibilityNetworkControlTests.test_41_first_attempt_policy_is_stricter) ... ok
test_42_request_and_body_caps (test_galaxy_eligibility_resource_schema_probe.GalaxyEligibilityNetworkControlTests.test_42_request_and_body_caps) ... ok
test_43_per_resource_range_cap (test_galaxy_eligibility_resource_schema_probe.GalaxyEligibilityNetworkControlTests.test_43_per_resource_range_cap) ... ok
test_44_exact_full_candidate_order (test_galaxy_eligibility_resource_schema_probe.GalaxyEligibilityNetworkControlTests.test_44_exact_full_candidate_order) ... ok
test_45_durable_checkpoint_preserves_completed_receipts (test_galaxy_eligibility_resource_schema_probe.GalaxyEligibilityNetworkControlTests.test_45_durable_checkpoint_preserves_completed_receipts) ... ok
test_46_plan_contains_no_full_fits_get_or_gaia_desi (test_galaxy_eligibility_resource_schema_probe.GalaxyEligibilityNetworkControlTests.test_46_plan_contains_no_full_fits_get_or_gaia_desi) ... ok
test_47_cli_has_all_closed_modes (test_galaxy_eligibility_resource_schema_probe.GalaxyEligibilityNetworkControlTests.test_47_cli_has_all_closed_modes) ... ok
test_48_synthetic_p0_publication_and_no_replay (test_galaxy_eligibility_resource_schema_probe.GalaxyEligibilityNetworkControlTests.test_48_synthetic_p0_publication_and_no_replay) ... ok
test_49_partial_p0_output_fails_closed (test_galaxy_eligibility_resource_schema_probe.GalaxyEligibilityNetworkControlTests.test_49_partial_p0_output_fails_closed) ... ok
test_50_authorized_document_probe_persists_body_and_checkpoint (test_galaxy_eligibility_resource_schema_probe.GalaxyEligibilityNetworkControlTests.test_50_authorized_document_probe_persists_body_and_checkpoint) ... ok
test_51_header_probe_reads_only_complete_header_blocks (test_galaxy_eligibility_resource_schema_probe.GalaxyEligibilityNetworkControlTests.test_51_header_probe_reads_only_complete_header_blocks) ... ok
test_01_frozen_authority_hashes (test_galaxy_eligibility_resource_schema_probe.GalaxyEligibilityPanelTests.test_01_frozen_authority_hashes) ... ok
test_02_exact_allowed_summary_fields (test_galaxy_eligibility_resource_schema_probe.GalaxyEligibilityPanelTests.test_02_exact_allowed_summary_fields) ... ok
test_03_fixture_exclusion_derived_from_file (test_galaxy_eligibility_resource_schema_probe.GalaxyEligibilityPanelTests.test_03_fixture_exclusion_derived_from_file) ... ok
test_04_exact_eight_plus_eight (test_galaxy_eligibility_resource_schema_probe.GalaxyEligibilityPanelTests.test_04_exact_eight_plus_eight) ... ok
test_05_low_cardinality_fails (test_galaxy_eligibility_resource_schema_probe.GalaxyEligibilityPanelTests.test_05_low_cardinality_fails) ... ok
test_06_duplicate_brickname_and_brickid_fail (test_galaxy_eligibility_resource_schema_probe.GalaxyEligibilityPanelTests.test_06_duplicate_brickname_and_brickid_fail) ... ok
test_07_root_join_mismatch_fails (test_galaxy_eligibility_resource_schema_probe.GalaxyEligibilityPanelTests.test_07_root_join_mismatch_fails) ... ok
test_08_row_order_invariance (test_galaxy_eligibility_resource_schema_probe.GalaxyEligibilityPanelTests.test_08_row_order_invariance) ... ok
test_09_exact_hash_bytes_and_final_lf (test_galaxy_eligibility_resource_schema_probe.GalaxyEligibilityPanelTests.test_09_exact_hash_bytes_and_final_lf) ... ok
test_10_deterministic_hash_order (test_galaxy_eligibility_resource_schema_probe.GalaxyEligibilityPanelTests.test_10_deterministic_hash_order) ... ok
test_11_fixture_is_excluded (test_galaxy_eligibility_resource_schema_probe.GalaxyEligibilityPanelTests.test_11_fixture_is_excluded) ... ok
test_12_canonical_panel_seal (test_galaxy_eligibility_resource_schema_probe.GalaxyEligibilityPanelTests.test_12_canonical_panel_seal) ... ok
test_canonical_hash_reproduction (test_infrastructure.ArrayTests.test_canonical_hash_reproduction) ... ok
test_crop_exact_no_cast_or_interpolation (test_infrastructure.ArrayTests.test_crop_exact_no_cast_or_interpolation) ... ok
test_integer_maskbits_preserved (test_infrastructure.ArrayTests.test_integer_maskbits_preserved) ... ok
test_lookup_distortion_refused (test_infrastructure.ArrayTests.test_lookup_distortion_refused) ... ok
test_partial_no_padding (test_infrastructure.ArrayTests.test_partial_no_padding) ... ok
test_positive_weight_not_clean (test_infrastructure.ArrayTests.test_positive_weight_not_clean) ... ok
test_scaled_integer_fits (test_infrastructure.ArrayTests.test_scaled_integer_fits) ... ok
test_state_parquet_preserves_null (test_infrastructure.ArrayTests.test_state_parquet_preserves_null) ... ok
test_synthetic_fits_read_and_crop (test_infrastructure.ArrayTests.test_synthetic_fits_read_and_crop) ... ok
test_valid_zero_requires_independent_evidence (test_infrastructure.ArrayTests.test_valid_zero_requires_independent_evidence) ... ok
test_wcs_translation (test_infrastructure.ArrayTests.test_wcs_translation) ... ok
test_zero_missing_unknown_distinct (test_infrastructure.ArrayTests.test_zero_missing_unknown_distinct) ... ok
test_all_artifact_contracts_are_named (test_infrastructure.AuthorityAndSchemaTests.test_all_artifact_contracts_are_named) ... ok
test_amendment_required (test_infrastructure.AuthorityAndSchemaTests.test_amendment_required) ... ok
test_extra_selection_columns_rejected (test_infrastructure.AuthorityAndSchemaTests.test_extra_selection_columns_rejected) ... ok
test_frozen_authorities_match (test_infrastructure.AuthorityAndSchemaTests.test_frozen_authorities_match) ... ok
test_hash_mismatch_stops (test_infrastructure.AuthorityAndSchemaTests.test_hash_mismatch_stops) ... ok
test_lockbox_paths_and_symlinks_rejected (test_infrastructure.AuthorityAndSchemaTests.test_lockbox_paths_and_symlinks_rejected) ... ok
test_registry_refuses_authority_mix (test_infrastructure.AuthorityAndSchemaTests.test_registry_refuses_authority_mix) ... ok
test_unknown_artifact_rejected (test_infrastructure.AuthorityAndSchemaTests.test_unknown_artifact_rejected) ... ok
test_cli_cannot_raise_budget (test_infrastructure.CLITests.test_cli_cannot_raise_budget) ... ok
test_conflicting_network_flags (test_infrastructure.CLITests.test_conflicting_network_flags) ... ok
test_dry_run_no_mutation_or_network (test_infrastructure.CLITests.test_dry_run_no_mutation_or_network) ... ok
test_help (test_infrastructure.CLITests.test_help) ... ok
test_no_199_cli_option (test_infrastructure.CLITests.test_no_199_cli_option) ... ok
test_offline_acquisition_no_side_effects (test_infrastructure.CLITests.test_offline_acquisition_no_side_effects) ... ok
test_synthetic_integrity_cli_stop (test_infrastructure.CLITests.test_synthetic_integrity_cli_stop) ... ok
test_contradiction_blocks_A (test_infrastructure.DecisionTests.test_contradiction_blocks_A) ... ok
test_no_pending_or_unrecognized_test_status (test_infrastructure.DecisionTests.test_no_pending_or_unrecognized_test_status) ... ok
test_rights_not_assumed (test_infrastructure.DecisionTests.test_rights_not_assumed) ... ok
test_synthetic_A (test_infrastructure.DecisionTests.test_synthetic_A) ... ok
test_synthetic_B (test_infrastructure.DecisionTests.test_synthetic_B) ... ok
test_synthetic_C_unknown (test_infrastructure.DecisionTests.test_synthetic_C_unknown) ... ok
test_synthetic_D_integrity (test_infrastructure.DecisionTests.test_synthetic_D_integrity) ... ok
test_independent_section_byteorder_only (test_infrastructure.EndianTests.test_independent_section_byteorder_only) ... ok
test_no_precision_cast_for_comparison (test_infrastructure.EndianTests.test_no_precision_cast_for_comparison) ... ok
test_unknown_geometry_remains_null (test_infrastructure.EndianTests.test_unknown_geometry_remains_null) ... ok
test_plan_rejects_resource_generation_mix (test_infrastructure.GenerationAndPrecisionTests.test_plan_rejects_resource_generation_mix) ... ok
test_psf_descriptor_reductions_are_float64 (test_infrastructure.GenerationAndPrecisionTests.test_psf_descriptor_reductions_are_float64) ... ok
test_native_synthetic_bundle_acquire_analyze_verify (test_infrastructure.IntegratedFixtureTests.test_native_synthetic_bundle_acquire_analyze_verify) ... ok
test_cache_conflict_not_overwritten (test_infrastructure.NetworkLedgerTests.test_cache_conflict_not_overwritten) ... ok
test_concurrency_one (test_infrastructure.NetworkLedgerTests.test_concurrency_one) ... ok
test_crash_reservation_stays_charged (test_infrastructure.NetworkLedgerTests.test_crash_reservation_stays_charged) ... ok
test_disk_and_io_limits (test_infrastructure.NetworkLedgerTests.test_disk_and_io_limits) ... ok
test_generation_separation (test_infrastructure.NetworkLedgerTests.test_generation_separation) ... ok
test_immutable_write_conflict (test_infrastructure.NetworkLedgerTests.test_immutable_write_conflict) ... ok
test_interruption_resume_exact (test_infrastructure.NetworkLedgerTests.test_interruption_resume_exact) ... ok
test_ledger_cumulative_across_reopen (test_infrastructure.NetworkLedgerTests.test_ledger_cumulative_across_reopen) ... ok
test_limit_increases_all_rejected (test_infrastructure.NetworkLedgerTests.test_limit_increases_all_rejected) ... ok
test_limits_may_only_lower (test_infrastructure.NetworkLedgerTests.test_limits_may_only_lower) ... ok
test_metadata_and_psf_subbudgets (test_infrastructure.NetworkLedgerTests.test_metadata_and_psf_subbudgets) ... ok
test_offline_has_no_transport_capability (test_infrastructure.NetworkLedgerTests.test_offline_has_no_transport_capability) ... ok
test_oversized_declared_body_aborted (test_infrastructure.NetworkLedgerTests.test_oversized_declared_body_aborted) ... ok
test_partial_failure_body_counted (test_infrastructure.NetworkLedgerTests.test_partial_failure_body_counted) ... ok
test_range_ignored_is_not_downloaded (test_infrastructure.NetworkLedgerTests.test_range_ignored_is_not_downloaded) ... ok
test_real_socket_guard (test_infrastructure.NetworkLedgerTests.test_real_socket_guard) ... ok
test_reservation_prevents_request (test_infrastructure.NetworkLedgerTests.test_reservation_prevents_request) ... ok
test_resource_url_must_be_explicit (test_infrastructure.NetworkLedgerTests.test_resource_url_must_be_explicit) ... ok
test_retry_limit (test_infrastructure.NetworkLedgerTests.test_retry_limit) ... ok
test_unbounded_reservation_rejected (test_infrastructure.NetworkLedgerTests.test_unbounded_reservation_rejected) ... ok
test_unknown_size_bounded (test_infrastructure.NetworkLedgerTests.test_unknown_size_bounded) ... ok
test_ambiguous_crossings (test_infrastructure.PSFTests.test_ambiguous_crossings) ... ok
test_engineering_guards_not_morphology (test_infrastructure.PSFTests.test_engineering_guards_not_morphology) ... ok
test_negative_values_recorded_not_clipped (test_infrastructure.PSFTests.test_negative_values_recorded_not_clipped) ... ok
test_nonpositive_psf_sum_not_auditable (test_infrastructure.PSFTests.test_nonpositive_psf_sum_not_auditable) ... ok
test_psf_not_renormalized (test_infrastructure.PSFTests.test_psf_not_renormalized) ... ok
test_identity_binds_url_generation_product (test_infrastructure.PersistentStopTests.test_identity_binds_url_generation_product) ... ok
test_integrity_stop_survives_restart (test_infrastructure.PersistentStopTests.test_integrity_stop_survives_restart) ... ok
test_all_six_slots_deterministic_and_distinct (test_infrastructure.SelectionTests.test_all_six_slots_deterministic_and_distinct) ... ok
test_brick_hash_sort_independent_of_input_order (test_infrastructure.SelectionTests.test_brick_hash_sort_independent_of_input_order) ... ok
test_no_replacement_when_mask_absent (test_infrastructure.SelectionTests.test_no_replacement_when_mask_absent) ... ok
test_selection_independent_of_image (test_infrastructure.SelectionTests.test_selection_independent_of_image) ... ok
test_selector_cannot_accept_image (test_infrastructure.SelectionTests.test_selector_cannot_accept_image) ... ok
test_technical_grid_and_window (test_infrastructure.SelectionTests.test_technical_grid_and_window) ... ok
test_variation_not_exercised (test_infrastructure.SelectionTests.test_variation_not_exercised) ... ok
test_199_impossible (test_infrastructure.StatisticsTests.test_199_impossible) ... ok
test_block_alignment_partial_domain (test_infrastructure.StatisticsTests.test_block_alignment_partial_domain) ... ok
test_fewer_four_blocks (test_infrastructure.StatisticsTests.test_fewer_four_blocks) ... ok
test_full_999_synthetic_omnibus_and_reproduction (test_infrastructure.StatisticsTests.test_full_999_synthetic_omnibus_and_reproduction) ... ok
test_holm_ties_exact (test_infrastructure.StatisticsTests.test_holm_ties_exact) ... ok
test_no_descriptive_inference (test_infrastructure.StatisticsTests.test_no_descriptive_inference) ... ok
test_no_source_masking_correlation (test_infrastructure.StatisticsTests.test_no_source_masking_correlation) ... ok
test_omnibus_hand_calculation (test_infrastructure.StatisticsTests.test_omnibus_hand_calculation) ... ok
test_pmin_and_ties (test_infrastructure.StatisticsTests.test_pmin_and_ties) ... ok
test_rng_fixed_golden_raw_output (test_infrastructure.StatisticsTests.test_rng_fixed_golden_raw_output) ... ok
test_state_classes_are_fixed (test_infrastructure.StatisticsTests.test_state_classes_are_fixed) ... ok
test_substreams_order_independent (test_infrastructure.StatisticsTests.test_substreams_order_independent) ... ok
test_all_missing_units_reproduce_and_close_C_only_synthetic (test_infrastructure.WorkflowTests.test_all_missing_units_reproduce_and_close_C_only_synthetic) ... ok
test_aux_stage_cannot_open_image (test_infrastructure.WorkflowTests.test_aux_stage_cannot_open_image) ... ok
test_deferred_links_missing_blocks_before_network (test_infrastructure.WorkflowTests.test_deferred_links_missing_blocks_before_network) ... ok
test_deferred_links_replay_and_immutability (test_infrastructure.WorkflowTests.test_deferred_links_replay_and_immutability) ... ok
test_deferred_links_require_selection_binding (test_infrastructure.WorkflowTests.test_deferred_links_require_selection_binding) ... ok
test_deferred_psf_budget_reserved_prospectively (test_infrastructure.WorkflowTests.test_deferred_psf_budget_reserved_prospectively) ... ok
test_nested_forbidden_columns_fail_closed (test_infrastructure.WorkflowTests.test_nested_forbidden_columns_fail_closed) ... ok
test_plan_reconstruction_and_binding (test_infrastructure.WorkflowTests.test_plan_reconstruction_and_binding) ... ok
test_psf_comparison_does_not_claim_agreement (test_infrastructure.WorkflowTests.test_psf_comparison_does_not_claim_agreement) ... ok
test_psf_exact_one_mib_limit (test_infrastructure.WorkflowTests.test_psf_exact_one_mib_limit) ... ok
test_psfsize_profiles_no_smoothing (test_infrastructure.WorkflowTests.test_psfsize_profiles_no_smoothing) ... ok
test_synthetic_root_cannot_masquerade_as_production (test_infrastructure.WorkflowTests.test_synthetic_root_cannot_masquerade_as_production) ... ok
test_three_psf_positions_required_for_guard (test_infrastructure.WorkflowTests.test_three_psf_positions_required_for_guard) ... ok
test_001_exact_reticle (test_location_selection.LocationSelectionTests.test_001_exact_reticle) ... ok
test_002_full_129_geometry (test_location_selection.LocationSelectionTests.test_002_full_129_geometry) ... ok
test_003_edge_rejection (test_location_selection.LocationSelectionTests.test_003_edge_rejection) ... ok
test_004_ra_wrap (test_location_selection.LocationSelectionTests.test_004_ra_wrap) ... ok
test_005_primary_wcs_logic (test_location_selection.LocationSelectionTests.test_005_primary_wcs_logic) ... ok
test_006_boundary_distance (test_location_selection.LocationSelectionTests.test_006_boundary_distance) ... ok
test_007_south_slots (test_location_selection.LocationSelectionTests.test_007_south_slots) ... ok
test_008_s1_interior (test_location_selection.LocationSelectionTests.test_008_s1_interior) ... ok
test_009_s2_boundary_crossing (test_location_selection.LocationSelectionTests.test_009_s2_boundary_crossing) ... ok
test_010_s3_allowed_maskbits (test_location_selection.LocationSelectionTests.test_010_s3_allowed_maskbits) ... ok
test_011_s3_excludes_wise_only (test_location_selection.LocationSelectionTests.test_011_s3_excludes_wise_only) ... ok
test_012_north_slot_order (test_location_selection.LocationSelectionTests.test_012_north_slot_order) ... ok
test_013_n1_interior (test_location_selection.LocationSelectionTests.test_013_n1_interior) ... ok
test_014_n2_class_zero (test_location_selection.LocationSelectionTests.test_014_n2_class_zero) ... ok
test_015_n2_class_one_fallback (test_location_selection.LocationSelectionTests.test_015_n2_class_one_fallback) ... ok
test_016_n3_calculation (test_location_selection.LocationSelectionTests.test_016_n3_calculation) ... ok
test_017_n3_invalid_window (test_location_selection.LocationSelectionTests.test_017_n3_invalid_window) ... ok
test_018_n3_not_exercised (test_location_selection.LocationSelectionTests.test_018_n3_not_exercised) ... ok
test_019_without_replacement (test_location_selection.LocationSelectionTests.test_019_without_replacement) ... ok
test_020_hash_exact (test_location_selection.LocationSelectionTests.test_020_hash_exact) ... ok
test_021_provider_order_invariance (test_location_selection.LocationSelectionTests.test_021_provider_order_invariance) ... ok
test_022_tie_break (test_location_selection.LocationSelectionTests.test_022_tie_break) ... ok
test_023_missing_slot_failure (test_location_selection.LocationSelectionTests.test_023_missing_slot_failure) ... ok
test_024_unauthorized_observation_tripwire_before_open (test_location_selection.LocationSelectionTests.test_024_unauthorized_observation_tripwire_before_open) ... ok
test_025_native_array_validation (test_location_selection.LocationSelectionTests.test_025_native_array_validation) ... ok
test_026_negative_integer_rejected (test_location_selection.LocationSelectionTests.test_026_negative_integer_rejected) ... ok
test_027_manifest_schema_and_canonical_hash (test_location_selection.LocationSelectionTests.test_027_manifest_schema_and_canonical_hash) ... ok
test_028_manifest_rejects_extra_field (test_location_selection.LocationSelectionTests.test_028_manifest_rejects_extra_field) ... ok
test_029_flow_has_no_candidate_coordinates (test_location_selection.LocationSelectionTests.test_029_flow_has_no_candidate_coordinates) ... ok
test_030_cli_success_and_failure_terminals (test_location_selection.LocationSelectionTests.test_030_cli_success_and_failure_terminals) ... ok
test_031_cli_source_has_no_network_stack (test_location_selection.LocationSelectionTests.test_031_cli_source_has_no_network_stack) ... ok
test_032_n3_status_threshold_is_frozen (test_location_selection.LocationSelectionTests.test_032_n3_status_threshold_is_frozen) ... ok
test_001_base_spec_binding (test_metadata_bootstrap.MetadataBootstrapTests.test_001_base_spec_binding) ... ok
test_002_clarification_binding (test_metadata_bootstrap.MetadataBootstrapTests.test_002_clarification_binding) ... ok
test_003_environment_binding (test_metadata_bootstrap.MetadataBootstrapTests.test_003_environment_binding) ... ok
test_004_implementation_predecessor_binding (test_metadata_bootstrap.MetadataBootstrapTests.test_004_implementation_predecessor_binding) ... ok
test_005_probe_13_immutable (test_metadata_bootstrap.MetadataBootstrapTests.test_005_probe_13_immutable) ... ok
test_006_body_cap (test_metadata_bootstrap.MetadataBootstrapTests.test_006_body_cap) ... ok
test_007_aggregate_bytes (test_metadata_bootstrap.MetadataBootstrapTests.test_007_aggregate_bytes) ... ok
test_008_single_resource_cap (test_metadata_bootstrap.MetadataBootstrapTests.test_008_single_resource_cap) ... ok
test_009_request_cap (test_metadata_bootstrap.MetadataBootstrapTests.test_009_request_cap) ... ok
test_010_concurrency (test_metadata_bootstrap.MetadataBootstrapTests.test_010_concurrency) ... ok
test_011_retry_max (test_metadata_bootstrap.MetadataBootstrapTests.test_011_retry_max) ... ok
test_012_other_caps (test_metadata_bootstrap.MetadataBootstrapTests.test_012_other_caps) ... ok
test_013_all_heads_before_get (test_metadata_bootstrap.MetadataBootstrapTests.test_013_all_heads_before_get) ... ok
test_014_root_length_drift (test_metadata_bootstrap.MetadataBootstrapTests.test_014_root_length_drift) ... ok
test_015_north_length_drift (test_metadata_bootstrap.MetadataBootstrapTests.test_015_north_length_drift) ... ok
test_016_south_length_drift (test_metadata_bootstrap.MetadataBootstrapTests.test_016_south_length_drift) ... ok
test_017_patch_length_drift (test_metadata_bootstrap.MetadataBootstrapTests.test_017_patch_length_drift) ... ok
test_018_patch_etag_drift (test_metadata_bootstrap.MetadataBootstrapTests.test_018_patch_etag_drift) ... ok
test_019_patch_modified_drift (test_metadata_bootstrap.MetadataBootstrapTests.test_019_patch_modified_drift) ... ok
test_020_redirect_rejected (test_metadata_bootstrap.MetadataBootstrapTests.test_020_redirect_rejected) ... ok
test_021_encoding_rejected (test_metadata_bootstrap.MetadataBootstrapTests.test_021_encoding_rejected) ... ok
test_022_complete_get (test_metadata_bootstrap.MetadataBootstrapTests.test_022_complete_get) ... ok
test_023_status_206 (test_metadata_bootstrap.MetadataBootstrapTests.test_023_status_206) ... ok
test_024_content_range (test_metadata_bootstrap.MetadataBootstrapTests.test_024_content_range) ... ok
test_025_truncated (test_metadata_bootstrap.MetadataBootstrapTests.test_025_truncated) ... ok
test_026_excess (test_metadata_bootstrap.MetadataBootstrapTests.test_026_excess) ... ok
test_027_failed_bytes_charged (test_metadata_bootstrap.MetadataBootstrapTests.test_027_failed_bytes_charged) ... ok
test_028_retry_identity (test_metadata_bootstrap.MetadataBootstrapTests.test_028_retry_identity) ... ok
test_029_partial_not_raw (test_metadata_bootstrap.MetadataBootstrapTests.test_029_partial_not_raw) ... ok
test_030_raw_exclusive (test_metadata_bootstrap.MetadataBootstrapTests.test_030_raw_exclusive) ... ok
test_031_atomic_publication (test_metadata_bootstrap.MetadataBootstrapTests.test_031_atomic_publication) ... ok
test_032_success_no_staging (test_metadata_bootstrap.MetadataBootstrapTests.test_032_success_no_staging) ... ok
test_033_failure_retains_staging (test_metadata_bootstrap.MetadataBootstrapTests.test_033_failure_retains_staging) ... ok
test_034_retry_new_staging (test_metadata_bootstrap.MetadataBootstrapTests.test_034_retry_new_staging) ... ok
test_035_digest_constructor_guard (test_metadata_bootstrap.MetadataBootstrapTests.test_035_digest_constructor_guard) ... ok
test_036_digest_exact_raw (test_metadata_bootstrap.MetadataBootstrapTests.test_036_digest_exact_raw) ... ok
test_037_digest_byte_count (test_metadata_bootstrap.MetadataBootstrapTests.test_037_digest_byte_count) ... ok
test_038_root_digest (test_metadata_bootstrap.MetadataBootstrapTests.test_038_root_digest) ... ok
test_039_digest_mismatch (test_metadata_bootstrap.MetadataBootstrapTests.test_039_digest_mismatch) ... ok
test_040_north_digest (test_metadata_bootstrap.MetadataBootstrapTests.test_040_north_digest) ... ok
test_041_south_digest (test_metadata_bootstrap.MetadataBootstrapTests.test_041_south_digest) ... ok
test_042_root_physical (test_metadata_bootstrap.MetadataBootstrapTests.test_042_root_physical) ... ok
test_043_north_physical (test_metadata_bootstrap.MetadataBootstrapTests.test_043_north_physical) ... ok
test_044_south_physical (test_metadata_bootstrap.MetadataBootstrapTests.test_044_south_physical) ... ok
test_045_patch_header (test_metadata_bootstrap.MetadataBootstrapTests.test_045_patch_header) ... ok
test_046_physical_drift (test_metadata_bootstrap.MetadataBootstrapTests.test_046_physical_drift) ... ok
test_047_opaque_transit (test_metadata_bootstrap.MetadataBootstrapTests.test_047_opaque_transit) ... ok
test_048_forbidden_decode_zero (test_metadata_bootstrap.MetadataBootstrapTests.test_048_forbidden_decode_zero) ... ok
test_049_forbidden_materialization_zero (test_metadata_bootstrap.MetadataBootstrapTests.test_049_forbidden_materialization_zero) ... ok
test_050_forbidden_log_zero (test_metadata_bootstrap.MetadataBootstrapTests.test_050_forbidden_log_zero) ... ok
test_051_forbidden_serialization_zero (test_metadata_bootstrap.MetadataBootstrapTests.test_051_forbidden_serialization_zero) ... ok
test_052_root_allowed (test_metadata_bootstrap.MetadataBootstrapTests.test_052_root_allowed) ... ok
test_053_regional_allowed (test_metadata_bootstrap.MetadataBootstrapTests.test_053_regional_allowed) ... ok
test_054_spans_around_forbidden (test_metadata_bootstrap.MetadataBootstrapTests.test_054_spans_around_forbidden) ... ok
test_055_vector_canary (test_metadata_bootstrap.MetadataBootstrapTests.test_055_vector_canary) ... ok
test_056_no_hdu_data (test_metadata_bootstrap.MetadataBootstrapTests.test_056_no_hdu_data) ... ok
test_057_no_table_read (test_metadata_bootstrap.MetadataBootstrapTests.test_057_no_table_read) ... ok
test_058_no_whole_record (test_metadata_bootstrap.MetadataBootstrapTests.test_058_no_whole_record) ... ok
test_059_patch_hash (test_metadata_bootstrap.MetadataBootstrapTests.test_059_patch_hash) ... ok
test_060_patch_tripwire (test_metadata_bootstrap.MetadataBootstrapTests.test_060_patch_tripwire) ... ok
test_061_patch_release_unobserved (test_metadata_bootstrap.MetadataBootstrapTests.test_061_patch_release_unobserved) ... ok
test_062_patch_brickid_unobserved (test_metadata_bootstrap.MetadataBootstrapTests.test_062_patch_brickid_unobserved) ... ok
test_063_patch_brickname_unobserved (test_metadata_bootstrap.MetadataBootstrapTests.test_063_patch_brickname_unobserved) ... ok
test_064_no_patch_join (test_metadata_bootstrap.MetadataBootstrapTests.test_064_no_patch_join) ... ok
test_065_patch_pending (test_metadata_bootstrap.MetadataBootstrapTests.test_065_patch_pending) ... ok
test_066_patch_integrity_false (test_metadata_bootstrap.MetadataBootstrapTests.test_066_patch_integrity_false) ... ok
test_067_resolved_impossible (test_metadata_bootstrap.MetadataBootstrapTests.test_067_resolved_impossible) ... ok
test_068_brickname_reused (test_metadata_bootstrap.MetadataBootstrapTests.test_068_brickname_reused) ... ok
test_069_grz_reused (test_metadata_bootstrap.MetadataBootstrapTests.test_069_grz_reused) ... ok
test_070_root_unique (test_metadata_bootstrap.MetadataBootstrapTests.test_070_root_unique) ... ok
test_071_north_join (test_metadata_bootstrap.MetadataBootstrapTests.test_071_north_join) ... ok
test_072_south_join (test_metadata_bootstrap.MetadataBootstrapTests.test_072_south_join) ... ok
test_073_zero_join (test_metadata_bootstrap.MetadataBootstrapTests.test_073_zero_join) ... ok
test_074_multiple_join (test_metadata_bootstrap.MetadataBootstrapTests.test_074_multiple_join) ... ok
test_075_brickid_mismatch (test_metadata_bootstrap.MetadataBootstrapTests.test_075_brickid_mismatch) ... ok
test_076_no_row_persistence (test_metadata_bootstrap.MetadataBootstrapTests.test_076_no_row_persistence) ... ok
test_077_first_auth (test_metadata_bootstrap.MetadataBootstrapTests.test_077_first_auth) ... ok
test_078_first_reject_resume (test_metadata_bootstrap.MetadataBootstrapTests.test_078_first_reject_resume) ... ok
test_079_resume_reject_first (test_metadata_bootstrap.MetadataBootstrapTests.test_079_resume_reject_first) ... ok
test_080_resume_ledger_binding (test_metadata_bootstrap.MetadataBootstrapTests.test_080_resume_ledger_binding) ... ok
test_081_same_invocation_retry (test_metadata_bootstrap.MetadataBootstrapTests.test_081_same_invocation_retry) ... ok
test_082_offline_transport (test_metadata_bootstrap.MetadataBootstrapTests.test_082_offline_transport) ... ok
test_083_rights_required (test_metadata_bootstrap.MetadataBootstrapTests.test_083_rights_required) ... ok
test_084_redistribution_false (test_metadata_bootstrap.MetadataBootstrapTests.test_084_redistribution_false) ... ok
test_085_precedence (test_metadata_bootstrap.MetadataBootstrapTests.test_085_precedence) ... ok
test_086_partial_success (test_metadata_bootstrap.MetadataBootstrapTests.test_086_partial_success) ... ok
test_087_full_unreachable (test_metadata_bootstrap.MetadataBootstrapTests.test_087_full_unreachable) ... ok
test_088_dry_run_zero_network (test_metadata_bootstrap.MetadataBootstrapTests.test_088_dry_run_zero_network) ... ok
test_089_offline_zero_network (test_metadata_bootstrap.MetadataBootstrapTests.test_089_offline_zero_network) ... ok
test_090_synthetic_replay (test_metadata_bootstrap.MetadataBootstrapTests.test_090_synthetic_replay) ... ok
test_091_completed_real_attempt (test_metadata_bootstrap.MetadataBootstrapTests.test_091_completed_real_attempt) ... ok
test_092_production_decode_false (test_metadata_bootstrap.MetadataBootstrapTests.test_092_production_decode_false) ... ok
test_093_no_selector (test_metadata_bootstrap.MetadataBootstrapTests.test_093_no_selector) ... ok
test_094_bootstrap_not_started (test_metadata_bootstrap.MetadataBootstrapTests.test_094_bootstrap_not_started) ... ok
test_095_probe_exact_after (test_metadata_bootstrap.MetadataBootstrapTests.test_095_probe_exact_after) ... ok
test_096_cli_help (test_metadata_bootstrap.MetadataBootstrapTests.test_096_cli_help) ... ok
test_097_cli_dry_run (test_metadata_bootstrap.MetadataBootstrapTests.test_097_cli_dry_run) ... ok
test_098_network_plan_gate (test_metadata_bootstrap.MetadataBootstrapTests.test_098_network_plan_gate) ... ok
test_099_timeouts_threads_gpu (test_metadata_bootstrap.MetadataBootstrapTests.test_099_timeouts_threads_gpu) ... ok
test_100_environment_versions (test_metadata_bootstrap.MetadataBootstrapTests.test_100_environment_versions) ... ok
test_101_authorized_false (test_metadata_bootstrap.MetadataBootstrapTests.test_101_authorized_false) ... ok
test_102_wrong_scope (test_metadata_bootstrap.MetadataBootstrapTests.test_102_wrong_scope) ... ok
test_103_digest_tamper (test_metadata_bootstrap.MetadataBootstrapTests.test_103_digest_tamper) ... ok
test_104_canonical_final_json (test_metadata_bootstrap.MetadataBootstrapTests.test_104_canonical_final_json) ... ok
test_105_final_artifact_set (test_metadata_bootstrap.MetadataBootstrapTests.test_105_final_artifact_set) ... ok
test_gate_01_plan_sha_required (test_metadata_bootstrap_gate_activation.GateActivationTests.test_gate_01_plan_sha_required) ... ok
test_gate_02_wrong_plan_rights (test_metadata_bootstrap_gate_activation.GateActivationTests.test_gate_02_wrong_plan_rights) ... ok
test_gate_03_missing_rights (test_metadata_bootstrap_gate_activation.GateActivationTests.test_gate_03_missing_rights) ... ok
test_gate_04_malformed_rights (test_metadata_bootstrap_gate_activation.GateActivationTests.test_gate_04_malformed_rights) ... ok
test_gate_05_rights_exact_values (test_metadata_bootstrap_gate_activation.GateActivationTests.test_gate_05_rights_exact_values) ... ok
test_gate_06_rights_redistribution_reject (test_metadata_bootstrap_gate_activation.GateActivationTests.test_gate_06_rights_redistribution_reject) ... ok
test_gate_07_rights_resource_reject (test_metadata_bootstrap_gate_activation.GateActivationTests.test_gate_07_rights_resource_reject) ... ok
test_gate_08_rights_implementation_reject (test_metadata_bootstrap_gate_activation.GateActivationTests.test_gate_08_rights_implementation_reject) ... ok
test_gate_09_rights_environment_reject (test_metadata_bootstrap_gate_activation.GateActivationTests.test_gate_09_rights_environment_reject) ... ok
test_gate_10_rights_sha_local (test_metadata_bootstrap_gate_activation.GateActivationTests.test_gate_10_rights_sha_local) ... ok
test_gate_11_missing_authorization (test_metadata_bootstrap_gate_activation.GateActivationTests.test_gate_11_missing_authorization) ... ok
test_gate_12_candidate_false_reject (test_metadata_bootstrap_gate_activation.GateActivationTests.test_gate_12_candidate_false_reject) ... ok
test_gate_13_final_true_accept (test_metadata_bootstrap_gate_activation.GateActivationTests.test_gate_13_final_true_accept) ... ok
test_gate_14_authorization_rights_sha_reject (test_metadata_bootstrap_gate_activation.GateActivationTests.test_gate_14_authorization_rights_sha_reject) ... ok
test_gate_15_authorization_plan_reject (test_metadata_bootstrap_gate_activation.GateActivationTests.test_gate_15_authorization_plan_reject) ... ok
test_gate_16_authorization_implementation_reject (test_metadata_bootstrap_gate_activation.GateActivationTests.test_gate_16_authorization_implementation_reject) ... ok
test_gate_17_authorization_environment_reject (test_metadata_bootstrap_gate_activation.GateActivationTests.test_gate_17_authorization_environment_reject) ... ok
test_gate_18_authorization_attempt_reject (test_metadata_bootstrap_gate_activation.GateActivationTests.test_gate_18_authorization_attempt_reject) ... ok
test_gate_19_authorization_scope_reject (test_metadata_bootstrap_gate_activation.GateActivationTests.test_gate_19_authorization_scope_reject) ... ok
test_gate_20_authorization_mode_reject (test_metadata_bootstrap_gate_activation.GateActivationTests.test_gate_20_authorization_mode_reject) ... ok
test_gate_21_authorization_patch_model_reject (test_metadata_bootstrap_gate_activation.GateActivationTests.test_gate_21_authorization_patch_model_reject) ... ok
test_gate_22_authorization_caps_reject (test_metadata_bootstrap_gate_activation.GateActivationTests.test_gate_22_authorization_caps_reject) ... ok
test_gate_23_authorization_resource_reject (test_metadata_bootstrap_gate_activation.GateActivationTests.test_gate_23_authorization_resource_reject) ... ok
test_gate_24_negative_capability_omission (test_metadata_bootstrap_gate_activation.GateActivationTests.test_gate_24_negative_capability_omission) ... ok
test_gate_25_command_vector_accept (test_metadata_bootstrap_gate_activation.GateActivationTests.test_gate_25_command_vector_accept) ... ok
test_gate_26_command_mutation_reject (test_metadata_bootstrap_gate_activation.GateActivationTests.test_gate_26_command_mutation_reject) ... ok
test_gate_27_command_hash_reject (test_metadata_bootstrap_gate_activation.GateActivationTests.test_gate_27_command_hash_reject) ... ok
test_gate_28_first_auth_resume_reject (test_metadata_bootstrap_gate_activation.GateActivationTests.test_gate_28_first_auth_resume_reject) ... ok
test_gate_29_resume_auth_first_reject (test_metadata_bootstrap_gate_activation.GateActivationTests.test_gate_29_resume_auth_first_reject) ... ok
test_gate_30_transport_before_gates_forbidden (test_metadata_bootstrap_gate_activation.GateActivationTests.test_gate_30_transport_before_gates_forbidden) ... ok
test_gate_31_valid_gates_reach_factory (test_metadata_bootstrap_gate_activation.GateActivationTests.test_gate_31_valid_gates_reach_factory) ... ok
test_gate_32_factory_gate_order (test_metadata_bootstrap_gate_activation.GateActivationTests.test_gate_32_factory_gate_order) ... ok
test_gate_33_canonical_missing_artifacts_blocked (test_metadata_bootstrap_gate_activation.GateActivationTests.test_gate_33_canonical_missing_artifacts_blocked) ... ok
test_gate_34_completed_attempt_terminal (test_metadata_bootstrap_gate_activation.GateActivationTests.test_gate_34_completed_attempt_terminal) ... ok
test_gate_35_completed_attempt_ledger (test_metadata_bootstrap_gate_activation.GateActivationTests.test_gate_35_completed_attempt_ledger) ... ok
test_gate_36_blocked_zero_dns_socket (test_metadata_bootstrap_gate_activation.GateActivationTests.test_gate_36_blocked_zero_dns_socket) ... ok
test_gate_37_offline_no_transport (test_metadata_bootstrap_gate_activation.GateActivationTests.test_gate_37_offline_no_transport) ... ok
test_gate_38_dry_run_no_transport (test_metadata_bootstrap_gate_activation.GateActivationTests.test_gate_38_dry_run_no_transport) ... ok
test_gate_39_model_b_unchanged (test_metadata_bootstrap_gate_activation.GateActivationTests.test_gate_39_model_b_unchanged) ... ok
test_gate_40_production_decode_false (test_metadata_bootstrap_gate_activation.GateActivationTests.test_gate_40_production_decode_false) ... ok
test_gate_41_probe_001_exact (test_metadata_bootstrap_gate_activation.GateActivationTests.test_gate_41_probe_001_exact) ... ok
test_gate_42_no_selector (test_metadata_bootstrap_gate_activation.GateActivationTests.test_gate_42_no_selector) ... ok
test_gate_43_completed_attempt_patch_evidence (test_metadata_bootstrap_gate_activation.GateActivationTests.test_gate_43_completed_attempt_patch_evidence) ... ok
test_gate_44_replay_firewall_contract (test_metadata_bootstrap_gate_activation.GateActivationTests.test_gate_44_replay_firewall_contract) ... ok
test_gate_45_candidate_valid_offline (test_metadata_bootstrap_gate_activation.GateActivationTests.test_gate_45_candidate_valid_offline) ... ok
test_gate_46_candidate_unknown_key_reject (test_metadata_bootstrap_gate_activation.GateActivationTests.test_gate_46_candidate_unknown_key_reject) ... ok
test_gate_47_candidate_missing_key_reject (test_metadata_bootstrap_gate_activation.GateActivationTests.test_gate_47_candidate_missing_key_reject) ... ok
test_gate_48_candidate_noncanonical_reject (test_metadata_bootstrap_gate_activation.GateActivationTests.test_gate_48_candidate_noncanonical_reject) ... ok
test_gate_49_candidate_type_reject (test_metadata_bootstrap_gate_activation.GateActivationTests.test_gate_49_candidate_type_reject) ... ok
test_gate_50_candidate_state_reject (test_metadata_bootstrap_gate_activation.GateActivationTests.test_gate_50_candidate_state_reject) ... ok
test_gate_51_candidate_authorized_key_reject (test_metadata_bootstrap_gate_activation.GateActivationTests.test_gate_51_candidate_authorized_key_reject) ... ok
test_gate_52_candidate_human_field_reject (test_metadata_bootstrap_gate_activation.GateActivationTests.test_gate_52_candidate_human_field_reject) ... ok
test_gate_53_candidate_command_hash_reject (test_metadata_bootstrap_gate_activation.GateActivationTests.test_gate_53_candidate_command_hash_reject) ... ok
test_gate_54_candidate_rights_reject (test_metadata_bootstrap_gate_activation.GateActivationTests.test_gate_54_candidate_rights_reject) ... ok
test_gate_55_candidate_implementation_reject (test_metadata_bootstrap_gate_activation.GateActivationTests.test_gate_55_candidate_implementation_reject) ... ok
test_gate_56_candidate_resource_reject (test_metadata_bootstrap_gate_activation.GateActivationTests.test_gate_56_candidate_resource_reject) ... ok
test_gate_57_candidate_cap_reject (test_metadata_bootstrap_gate_activation.GateActivationTests.test_gate_57_candidate_cap_reject) ... ok
test_gate_58_candidate_negative_reject (test_metadata_bootstrap_gate_activation.GateActivationTests.test_gate_58_candidate_negative_reject) ... ok
test_gate_59_candidate_final_path_reject (test_metadata_bootstrap_gate_activation.GateActivationTests.test_gate_59_candidate_final_path_reject) ... ok
test_gate_60_candidate_no_transport (test_metadata_bootstrap_gate_activation.GateActivationTests.test_gate_60_candidate_no_transport) ... ok
test_gate_61_candidate_as_authorization_reject (test_metadata_bootstrap_gate_activation.GateActivationTests.test_gate_61_candidate_as_authorization_reject) ... ok
test_gate_62_final_schema_v1_reject (test_metadata_bootstrap_gate_activation.GateActivationTests.test_gate_62_final_schema_v1_reject) ... ok
test_gate_63_final_candidate_path_required (test_metadata_bootstrap_gate_activation.GateActivationTests.test_gate_63_final_candidate_path_required) ... ok
test_gate_64_final_candidate_sha_required (test_metadata_bootstrap_gate_activation.GateActivationTests.test_gate_64_final_candidate_sha_required) ... ok
test_gate_65_candidate_absent_reject (test_metadata_bootstrap_gate_activation.GateActivationTests.test_gate_65_candidate_absent_reject) ... ok
test_gate_66_candidate_sha_mismatch_reject (test_metadata_bootstrap_gate_activation.GateActivationTests.test_gate_66_candidate_sha_mismatch_reject) ... ok
test_gate_67_candidate_final_mismatch_reject (test_metadata_bootstrap_gate_activation.GateActivationTests.test_gate_67_candidate_final_mismatch_reject) ... ok
test_gate_68_candidate_final_equivalence_pass (test_metadata_bootstrap_gate_activation.GateActivationTests.test_gate_68_candidate_final_equivalence_pass) ... ok
test_gate_69_final_authorized_false_reject (test_metadata_bootstrap_gate_activation.GateActivationTests.test_gate_69_final_authorized_false_reject) ... ok
test_gate_70_final_human_identity_required (test_metadata_bootstrap_gate_activation.GateActivationTests.test_gate_70_final_human_identity_required) ... ok
test_gate_71_final_human_time_required (test_metadata_bootstrap_gate_activation.GateActivationTests.test_gate_71_final_human_time_required) ... ok
test_gate_72_final_argv_mismatch_reject (test_metadata_bootstrap_gate_activation.GateActivationTests.test_gate_72_final_argv_mismatch_reject) ... ok
test_gate_73_factory_untouched_before_candidate (test_metadata_bootstrap_gate_activation.GateActivationTests.test_gate_73_factory_untouched_before_candidate) ... ok
test_gate_74_scientific_contract_unchanged (test_metadata_bootstrap_gate_activation.GateActivationTests.test_gate_74_scientific_contract_unchanged) ... ok
test_gate_75_candidate_preserves_completed_attempt (test_metadata_bootstrap_gate_activation.GateActivationTests.test_gate_75_candidate_preserves_completed_attempt) ... ok
test_gate_76_candidate_probe_001_exact (test_metadata_bootstrap_gate_activation.GateActivationTests.test_gate_76_candidate_probe_001_exact) ... ok
test_gate_77_first_resume_schema_separation (test_metadata_bootstrap_gate_activation.GateActivationTests.test_gate_77_first_resume_schema_separation) ... ok
test_gate_78_versioned_002_activation_pass (test_metadata_bootstrap_gate_activation.GateActivationTests.test_gate_78_versioned_002_activation_pass) ... ok
test_gate_79_versioned_candidate_valid_offline (test_metadata_bootstrap_gate_activation.GateActivationTests.test_gate_79_versioned_candidate_valid_offline) ... ok
test_gate_80_versioned_candidate_final_path_exact (test_metadata_bootstrap_gate_activation.GateActivationTests.test_gate_80_versioned_candidate_final_path_exact) ... ok
test_gate_81_versioned_candidate_sha_exact (test_metadata_bootstrap_gate_activation.GateActivationTests.test_gate_81_versioned_candidate_sha_exact) ... ok
test_gate_82_wrong_candidate_path_reject (test_metadata_bootstrap_gate_activation.GateActivationTests.test_gate_82_wrong_candidate_path_reject) ... ok
test_gate_83_wrong_final_argv_path_reject (test_metadata_bootstrap_gate_activation.GateActivationTests.test_gate_83_wrong_final_argv_path_reject) ... ok
test_gate_84_relative_artifact_path_reject (test_metadata_bootstrap_gate_activation.GateActivationTests.test_gate_84_relative_artifact_path_reject) ... ok
test_gate_85_outside_project_artifact_reject (test_metadata_bootstrap_gate_activation.GateActivationTests.test_gate_85_outside_project_artifact_reject) ... ok
test_gate_86_symlink_escape_reject (test_metadata_bootstrap_gate_activation.GateActivationTests.test_gate_86_symlink_escape_reject) ... ok
test_gate_87_historical_candidate_as_final_reject (test_metadata_bootstrap_gate_activation.GateActivationTests.test_gate_87_historical_candidate_as_final_reject) ... ok
test_gate_88_historical_authorization_artifacts_immutable (test_metadata_bootstrap_gate_activation.GateActivationTests.test_gate_88_historical_authorization_artifacts_immutable) ... ok
test_gate_89_versioned_transport_before_gates_forbidden (test_metadata_bootstrap_gate_activation.GateActivationTests.test_gate_89_versioned_transport_before_gates_forbidden) ... ok
test_gate_90_versioned_filename_policy_accept (test_metadata_bootstrap_gate_activation.GateActivationTests.test_gate_90_versioned_filename_policy_accept) ... ok
test_authorized_wrapper_invokes_workflow (test_metadata_bootstrap_orchestrator.MetadataBootstrapOrchestratorTests.test_authorized_wrapper_invokes_workflow) ... ok
test_cli_invokes_orchestrator_after_authorization_path (test_metadata_bootstrap_orchestrator.MetadataBootstrapOrchestratorTests.test_cli_invokes_orchestrator_after_authorization_path) ... ok
test_decode_waits_for_all_acquisition_and_physical_gates (test_metadata_bootstrap_orchestrator.MetadataBootstrapOrchestratorTests.test_decode_waits_for_all_acquisition_and_physical_gates) ... ok
test_exact_request_and_cap_accounting (test_metadata_bootstrap_orchestrator.MetadataBootstrapOrchestratorTests.test_exact_request_and_cap_accounting) ... ok
test_failure_writes_terminal_and_preserves_staging_rules (test_metadata_bootstrap_orchestrator.MetadataBootstrapOrchestratorTests.test_failure_writes_terminal_and_preserves_staging_rules) ... ok
test_four_heads_precede_ordered_gets (test_metadata_bootstrap_orchestrator.MetadataBootstrapOrchestratorTests.test_four_heads_precede_ordered_gets) ... ok
test_fresh_attempt_only_no_automatic_resume (test_metadata_bootstrap_orchestrator.MetadataBootstrapOrchestratorTests.test_fresh_attempt_only_no_automatic_resume) ... ok
test_head_failure_prevents_every_get (test_metadata_bootstrap_orchestrator.MetadataBootstrapOrchestratorTests.test_head_failure_prevents_every_get) ... ok
test_patch_header_only_and_no_patch_decoder (test_metadata_bootstrap_orchestrator.MetadataBootstrapOrchestratorTests.test_patch_header_only_and_no_patch_decoder) ... ok
test_raw_publication_and_integrity_gates (test_metadata_bootstrap_orchestrator.MetadataBootstrapOrchestratorTests.test_raw_publication_and_integrity_gates) ... ok
test_resolved_is_unreachable_under_model_b (test_metadata_bootstrap_orchestrator.MetadataBootstrapOrchestratorTests.test_resolved_is_unreachable_under_model_b) ... ok
test_semantic_failure_selects_frozen_terminal (test_metadata_bootstrap_orchestrator.MetadataBootstrapOrchestratorTests.test_semantic_failure_selects_frozen_terminal) ... ok
test_single_exact_identity_retry_can_recover (test_metadata_bootstrap_orchestrator.MetadataBootstrapOrchestratorTests.test_single_exact_identity_retry_can_recover) ... ok
test_success_creates_complete_expected_evidence (test_metadata_bootstrap_orchestrator.MetadataBootstrapOrchestratorTests.test_success_creates_complete_expected_evidence) ... ok
test_transport_error_stops_after_single_frozen_retry (test_metadata_bootstrap_orchestrator.MetadataBootstrapOrchestratorTests.test_transport_error_stops_after_single_frozen_retry) ... ok
test_071_brickname_requires_bytes_not_string (test_metadata_value_semantics.AdditionalClosedWorldTests.test_071_brickname_requires_bytes_not_string) ... ok
test_072_bool_is_not_int32 (test_metadata_value_semantics.AdditionalClosedWorldTests.test_072_bool_is_not_int32) ... ok
test_073_join_is_independent_of_row_order (test_metadata_value_semantics.AdditionalClosedWorldTests.test_073_join_is_independent_of_row_order) ... ok
test_074_patch_role_has_no_provider_digest_validator (test_metadata_value_semantics.AdditionalClosedWorldTests.test_074_patch_role_has_no_provider_digest_validator) ... ok
test_075_acquisition_binding_requires_exact_physical_contract (test_metadata_value_semantics.AdditionalClosedWorldTests.test_075_acquisition_binding_requires_exact_physical_contract) ... ok
test_076_acquisition_binding_requires_complete_byte_count (test_metadata_value_semantics.AdditionalClosedWorldTests.test_076_acquisition_binding_requires_complete_byte_count) ... ok
test_077_patch_state_is_frozen (test_metadata_value_semantics.AdditionalClosedWorldTests.test_077_patch_state_is_frozen) ... ok
test_078_production_activation_snapshot_is_immutable (test_metadata_value_semantics.AdditionalClosedWorldTests.test_078_production_activation_snapshot_is_immutable) ... ok
test_079_authorities_unchanged (test_metadata_value_semantics.AdditionalClosedWorldTests.test_079_authorities_unchanged) ... ok
test_080_no_provider_file_or_table_dependency (test_metadata_value_semantics.AdditionalClosedWorldTests.test_080_no_provider_file_or_table_dependency) ... ok
test_081_representation_rejects_numeric_type_coercion (test_metadata_value_semantics.AdditionalClosedWorldTests.test_081_representation_rejects_numeric_type_coercion) ... ok
test_082_acquisition_byte_count_rejects_float (test_metadata_value_semantics.AdditionalClosedWorldTests.test_082_acquisition_byte_count_rejects_float) ... ok
test_083_validated_patch_types_cannot_be_forged (test_metadata_value_semantics.AdditionalClosedWorldTests.test_083_validated_patch_types_cannot_be_forged) ... ok
test_001_valid_p_form (test_metadata_value_semantics.BricknameSemanticsTests.test_001_valid_p_form) ... ok
test_002_valid_m_form (test_metadata_value_semantics.BricknameSemanticsTests.test_002_valid_m_form) ... ok
test_003_uppercase_p_rejected (test_metadata_value_semantics.BricknameSemanticsTests.test_003_uppercase_p_rejected) ... ok
test_004_uppercase_m_rejected (test_metadata_value_semantics.BricknameSemanticsTests.test_004_uppercase_m_rejected) ... ok
test_005_leading_space_rejected (test_metadata_value_semantics.BricknameSemanticsTests.test_005_leading_space_rejected) ... ok
test_006_trailing_space_rejected (test_metadata_value_semantics.BricknameSemanticsTests.test_006_trailing_space_rejected) ... ok
test_007_internal_space_rejected (test_metadata_value_semantics.BricknameSemanticsTests.test_007_internal_space_rejected) ... ok
test_008_leading_nul_rejected (test_metadata_value_semantics.BricknameSemanticsTests.test_008_leading_nul_rejected) ... ok
test_009_internal_nul_rejected (test_metadata_value_semantics.BricknameSemanticsTests.test_009_internal_nul_rejected) ... ok
test_010_trailing_nul_rejected (test_metadata_value_semantics.BricknameSemanticsTests.test_010_trailing_nul_rejected) ... ok
test_011_non_ascii_rejected (test_metadata_value_semantics.BricknameSemanticsTests.test_011_non_ascii_rejected) ... ok
test_012_seven_bytes_rejected (test_metadata_value_semantics.BricknameSemanticsTests.test_012_seven_bytes_rejected) ... ok
test_013_nine_bytes_rejected (test_metadata_value_semantics.BricknameSemanticsTests.test_013_nine_bytes_rejected) ... ok
test_014_no_trimming_demonstrated (test_metadata_value_semantics.BricknameSemanticsTests.test_014_no_trimming_demonstrated) ... ok
test_015_no_case_folding_demonstrated (test_metadata_value_semantics.BricknameSemanticsTests.test_015_no_case_folding_demonstrated) ... ok
test_016_canonical_strict_ascii_decode (test_metadata_value_semantics.BricknameSemanticsTests.test_016_canonical_strict_ascii_decode) ... ok
test_017_exact_byte_equality_accepted (test_metadata_value_semantics.BricknameSemanticsTests.test_017_exact_byte_equality_accepted) ... ok
test_018_unequal_byte_identity_rejected (test_metadata_value_semantics.BricknameSemanticsTests.test_018_unequal_byte_identity_rejected) ... ok
test_019_unvalidated_comparison_rejected (test_metadata_value_semantics.BricknameSemanticsTests.test_019_unvalidated_comparison_rejected) ... ok
test_034_root_exact_single_match_accepted (test_metadata_value_semantics.ExactJoinTests.test_034_root_exact_single_match_accepted) ... ok
test_035_root_zero_match_rejected (test_metadata_value_semantics.ExactJoinTests.test_035_root_zero_match_rejected) ... ok
test_036_root_duplicate_match_rejected (test_metadata_value_semantics.ExactJoinTests.test_036_root_duplicate_match_rejected) ... ok
test_037_patch_root_brickid_mismatch_rejected (test_metadata_value_semantics.ExactJoinTests.test_037_patch_root_brickid_mismatch_rejected) ... ok
test_038_south_exact_single_match_accepted (test_metadata_value_semantics.ExactJoinTests.test_038_south_exact_single_match_accepted) ... ok
test_039_south_zero_match_rejected (test_metadata_value_semantics.ExactJoinTests.test_039_south_zero_match_rejected) ... ok
test_040_south_duplicate_match_rejected (test_metadata_value_semantics.ExactJoinTests.test_040_south_duplicate_match_rejected) ... ok
test_041_south_brickid_mismatch_rejected (test_metadata_value_semantics.ExactJoinTests.test_041_south_brickid_mismatch_rejected) ... ok
test_042_no_brickid_only_join_fallback (test_metadata_value_semantics.ExactJoinTests.test_042_no_brickid_only_join_fallback) ... ok
test_065_grz_median_present_v1_unchanged (test_metadata_value_semantics.FrozenRegressionTests.test_065_grz_median_present_v1_unchanged) ... ok
test_066_physical_contracts_unchanged (test_metadata_value_semantics.FrozenRegressionTests.test_066_physical_contracts_unchanged) ... ok
test_067_logical_v2_unchanged (test_metadata_value_semantics.FrozenRegressionTests.test_067_logical_v2_unchanged) ... ok
test_068_forbidden_field_firewall_unchanged (test_metadata_value_semantics.FrozenRegressionTests.test_068_forbidden_field_firewall_unchanged) ... ok
test_069_post_probe_001_immutable_evidence_13_of_13 (test_metadata_value_semantics.FrozenRegressionTests.test_069_post_probe_001_immutable_evidence_13_of_13) ... ok
test_070_real_network_requests_are_firewalled (test_metadata_value_semantics.FrozenRegressionTests.test_070_real_network_requests_are_firewalled) ... ok
test_043_expected_root_digest_equality_accepted (test_metadata_value_semantics.IntegrityTests.test_043_expected_root_digest_equality_accepted) ... ok
test_044_root_digest_mismatch_rejected (test_metadata_value_semantics.IntegrityTests.test_044_root_digest_mismatch_rejected) ... ok
test_045_north_digest_equality_accepted (test_metadata_value_semantics.IntegrityTests.test_045_north_digest_equality_accepted) ... ok
test_046_south_digest_equality_accepted (test_metadata_value_semantics.IntegrityTests.test_046_south_digest_equality_accepted) ... ok
test_047_malformed_sha_string_rejected (test_metadata_value_semantics.IntegrityTests.test_047_malformed_sha_string_rejected) ... ok
test_048_partial_digest_cannot_bind_integrity (test_metadata_value_semantics.IntegrityTests.test_048_partial_digest_cannot_bind_integrity) ... ok
test_049_checksum_equality_does_not_mutate_production_state (test_metadata_value_semantics.IntegrityTests.test_049_checksum_equality_does_not_mutate_production_state) ... ok
test_050_patch_provider_checksum_remains_absent (test_metadata_value_semantics.IntegrityTests.test_050_patch_provider_checksum_remains_absent) ... ok
test_051_local_patch_digest_remains_distinct_type (test_metadata_value_semantics.IntegrityTests.test_051_local_patch_digest_remains_distinct_type) ... ok
test_052_etag_drift_rejected (test_metadata_value_semantics.PatchRepresentationAndGateTests.test_052_etag_drift_rejected) ... ok
test_053_last_modified_drift_rejected (test_metadata_value_semantics.PatchRepresentationAndGateTests.test_053_last_modified_drift_rejected) ... ok
test_054_content_length_drift_rejected (test_metadata_value_semantics.PatchRepresentationAndGateTests.test_054_content_length_drift_rejected) ... ok
test_055_final_url_drift_rejected (test_metadata_value_semantics.PatchRepresentationAndGateTests.test_055_final_url_drift_rejected) ... ok
test_056_redirect_rejected (test_metadata_value_semantics.PatchRepresentationAndGateTests.test_056_redirect_rejected) ... ok
test_057_exact_probe_identity_accepted_synthetically (test_metadata_value_semantics.PatchRepresentationAndGateTests.test_057_exact_probe_identity_accepted_synthetically) ... ok
test_058_synthetic_acquisition_bound_digest_object (test_metadata_value_semantics.PatchRepresentationAndGateTests.test_058_synthetic_acquisition_bound_digest_object) ... ok
test_059_synthetic_digest_cannot_become_provider_digest (test_metadata_value_semantics.PatchRepresentationAndGateTests.test_059_synthetic_digest_cannot_become_provider_digest) ... ok
test_060_no_automatic_full_file_integrity_promotion (test_metadata_value_semantics.PatchRepresentationAndGateTests.test_060_no_automatic_full_file_integrity_promotion) ... ok
test_061_production_decode_false_all_four_roles (test_metadata_value_semantics.PatchRepresentationAndGateTests.test_061_production_decode_false_all_four_roles) ... ok
test_062_semantics_does_not_enable_selector (test_metadata_value_semantics.PatchRepresentationAndGateTests.test_062_semantics_does_not_enable_selector) ... ok
test_063_ordering_requires_integrity_before_semantics (test_metadata_value_semantics.PatchRepresentationAndGateTests.test_063_ordering_requires_integrity_before_semantics) ... ok
test_064_redistribution_remains_false (test_metadata_value_semantics.PatchRepresentationAndGateTests.test_064_redistribution_remains_false) ... ok
test_020_release_9012_accepted (test_metadata_value_semantics.PatchSemanticsTests.test_020_release_9012_accepted) ... ok
test_021_release_9010_rejected (test_metadata_value_semantics.PatchSemanticsTests.test_021_release_9010_rejected) ... ok
test_022_other_release_rejected (test_metadata_value_semantics.PatchSemanticsTests.test_022_other_release_rejected) ... ok
test_023_int32_minimum_accepted (test_metadata_value_semantics.PatchSemanticsTests.test_023_int32_minimum_accepted) ... ok
test_024_int32_maximum_accepted (test_metadata_value_semantics.PatchSemanticsTests.test_024_int32_maximum_accepted) ... ok
test_025_below_int32_rejected (test_metadata_value_semantics.PatchSemanticsTests.test_025_below_int32_rejected) ... ok
test_026_above_int32_rejected (test_metadata_value_semantics.PatchSemanticsTests.test_026_above_int32_rejected) ... ok
test_027_one_malformed_row_invalidates_all (test_metadata_value_semantics.PatchSemanticsTests.test_027_one_malformed_row_invalidates_all) ... ok
test_028_exactly_1691_accepted (test_metadata_value_semantics.PatchSemanticsTests.test_028_exactly_1691_accepted) ... ok
test_029_1690_rejected (test_metadata_value_semantics.PatchSemanticsTests.test_029_1690_rejected) ... ok
test_030_1692_rejected (test_metadata_value_semantics.PatchSemanticsTests.test_030_1692_rejected) ... ok
test_031_duplicate_brickname_rejected (test_metadata_value_semantics.PatchSemanticsTests.test_031_duplicate_brickname_rejected) ... ok
test_032_duplicate_brickid_rejected (test_metadata_value_semantics.PatchSemanticsTests.test_032_duplicate_brickid_rejected) ... ok
test_033_duplicate_pair_rejected (test_metadata_value_semantics.PatchSemanticsTests.test_033_duplicate_pair_rejected) ... ok
test_001_production_plan_has_exact_frozen_inventory_without_body_scan (test_native_extraction.NativeExtractionTests.test_001_production_plan_has_exact_frozen_inventory_without_body_scan) ... ok
test_002_all_six_frozen_windows_follow_half_open_center_convention (test_native_extraction.NativeExtractionTests.test_002_all_six_frozen_windows_follow_half_open_center_convention) ... ok
test_003_real_compressed_section_is_exact_and_does_not_load_plane (test_native_extraction.NativeExtractionTests.test_003_real_compressed_section_is_exact_and_does_not_load_plane) ... ok
test_004_section_bounds_and_wrong_hdu_fail_closed (test_native_extraction.NativeExtractionTests.test_004_section_bounds_and_wrong_hdu_fail_closed) ... ok
test_005_writer_preserves_byte_order_nan_payload_inf_and_signed_zero (test_native_extraction.NativeExtractionTests.test_005_writer_preserves_byte_order_nan_payload_inf_and_signed_zero) ... ok
test_006_array_content_hash_uses_frozen_domain_and_metadata (test_native_extraction.NativeExtractionTests.test_006_array_content_hash_uses_frozen_domain_and_metadata) ... ok
test_007_wcs_translation_is_mechanical_and_reproducible (test_native_extraction.NativeExtractionTests.test_007_wcs_translation_is_mechanical_and_reproducible) ... ok
test_008_distorted_or_non_tan_wcs_is_rejected (test_native_extraction.NativeExtractionTests.test_008_distorted_or_non_tan_wcs_is_rejected) ... ok
test_009_science_summary_fields_are_rejected_recursively (test_native_extraction.NativeExtractionTests.test_009_science_summary_fields_are_rejected_recursively) ... ok
test_010_source_tree_has_no_network_client_or_full_plane_access (test_native_extraction.NativeExtractionTests.test_010_source_tree_has_no_network_client_or_full_plane_access) ... ok
test_011_atomic_promotion_and_second_target_refusal (test_native_extraction.NativeExtractionTests.test_011_atomic_promotion_and_second_target_refusal) ... ok
test_012_complete_synthetic_publication_is_exact_and_immutable (test_native_extraction.NativeExtractionTests.test_012_complete_synthetic_publication_is_exact_and_immutable) ... ok
test_013_failure_never_publishes_manifest (test_native_extraction.NativeExtractionTests.test_013_failure_never_publishes_manifest) ... ok
test_014_cli_exposes_only_offline_validation_and_extraction_modes (test_native_extraction.NativeExtractionTests.test_014_cli_exposes_only_offline_validation_and_extraction_modes) ... ok
test_015_wrong_frozen_hash_fails (test_native_extraction.NativeExtractionTests.test_015_wrong_frozen_hash_fails) ... ok
test_016_accessor_never_touches_full_data_and_exposes_only_requested_pixels (test_native_extraction.NativeExtractionTests.test_016_accessor_never_touches_full_data_and_exposes_only_requested_pixels) ... ok
test_017_companion_serialization_never_mutates_image (test_native_extraction.NativeExtractionTests.test_017_companion_serialization_never_mutates_image) ... ok
test_01_imports_exact_cumulative_counters (test_network_request_budget.NetworkRequestBudgetTests.test_01_imports_exact_cumulative_counters) ... ok
test_02_historical_counter_reset_rejected (test_network_request_budget.NetworkRequestBudgetTests.test_02_historical_counter_reset_rejected) ... ok
test_03_global_body_cap_unchanged (test_network_request_budget.NetworkRequestBudgetTests.test_03_global_body_cap_unchanged) ... ok
test_04_historical_200_not_future_stage_gate (test_network_request_budget.NetworkRequestBudgetTests.test_04_historical_200_not_future_stage_gate) ... ok
test_05_stage_cap_is_mandatory_in_candidate (test_network_request_budget.NetworkRequestBudgetTests.test_05_stage_cap_is_mandatory_in_candidate) ... ok
test_06_primary_plan_retry_pool_and_cap (test_network_request_budget.NetworkRequestBudgetTests.test_06_primary_plan_retry_pool_and_cap) ... ok
test_07_request_35_fails_before_transport (test_network_request_budget.NetworkRequestBudgetTests.test_07_request_35_fails_before_transport) ... ok
test_08_per_identity_retry_limit_still_applies (test_network_request_budget.NetworkRequestBudgetTests.test_08_per_identity_retry_limit_still_applies) ... ok
test_09_retry_consumes_stage_and_cumulative_count (test_network_request_budget.NetworkRequestBudgetTests.test_09_retry_consumes_stage_and_cumulative_count) ... ok
test_10_exact_14_lengths_and_total (test_network_request_budget.NetworkRequestBudgetTests.test_10_exact_14_lengths_and_total) ... ok
test_11_unresolved_contract_rejected (test_network_request_budget.NetworkRequestBudgetTests.test_11_unresolved_contract_rejected) ... ok
test_12_representation_drift_stops_before_get (test_network_request_budget.NetworkRequestBudgetTests.test_12_representation_drift_stops_before_get) ... ok
test_13_resolved_contract_reused_without_probe (test_network_request_budget.NetworkRequestBudgetTests.test_13_resolved_contract_reused_without_probe) ... ok
test_14_candidate_never_authorizes_transport (test_network_request_budget.NetworkRequestBudgetTests.test_14_candidate_never_authorizes_transport) ... ok
test_15_retry_pool_cannot_be_widened (test_network_request_budget.NetworkRequestBudgetTests.test_15_retry_pool_cannot_be_widened) ... ok
test_16_candidate_validation_is_offline (test_network_request_budget.NetworkRequestBudgetTests.test_16_candidate_validation_is_offline) ... ok
test_17_candidate_schema_is_closed (test_network_request_budget.NetworkRequestBudgetTests.test_17_candidate_schema_is_closed) ... ok
test_18_production_candidate_is_canonical_and_valid (test_network_request_budget.NetworkRequestBudgetTests.test_18_production_candidate_is_canonical_and_valid) ... ok
test_19_cli_candidate_validation_constructs_no_transport (test_network_request_budget.NetworkRequestBudgetTests.test_19_cli_candidate_validation_constructs_no_transport) ... ok
test_20_candidate_cannot_serve_as_final_authorization (test_network_request_budget.NetworkRequestBudgetTests.test_20_candidate_cannot_serve_as_final_authorization) ... ok
test_21_candidate_binds_distinct_final_authorization_path (test_network_request_budget.NetworkRequestBudgetTests.test_21_candidate_binds_distinct_final_authorization_path) ... ok
test_001_production_manifest_plan_has_exact_inventory_without_array_open (test_observational_confound_audit.AuditTests.test_001_production_manifest_plan_has_exact_inventory_without_array_open) ... ok
test_002_image_before_tier_a_is_rejected_and_counted (test_observational_confound_audit.AuditTests.test_002_image_before_tier_a_is_rejected_and_counted) ... ok
test_003_tier_gate_requires_exact_sixty_then_allows_eighteen (test_observational_confound_audit.AuditTests.test_003_tier_gate_requires_exact_sixty_then_allows_eighteen) ... ok
test_004_nexp_transition_denominator_and_four_neighbours (test_observational_confound_audit.AuditTests.test_004_nexp_transition_denominator_and_four_neighbours) ... ok
test_005_dynamic_integer_levels_are_sorted (test_observational_confound_audit.AuditTests.test_005_dynamic_integer_levels_are_sorted) ... ok
test_006_quantiles_use_frozen_linear_method (test_observational_confound_audit.AuditTests.test_006_quantiles_use_frozen_linear_method) ... ok
test_007_zero_median_invvar_is_explicitly_undefined (test_observational_confound_audit.AuditTests.test_007_zero_median_invvar_is_explicitly_undefined) ... ok
test_008_diagnostic_sigma_uses_positive_values_only (test_observational_confound_audit.AuditTests.test_008_diagnostic_sigma_uses_positive_values_only) ... ok
test_009_maskbits_overlap_and_unknown_position_are_preserved (test_observational_confound_audit.AuditTests.test_009_maskbits_overlap_and_unknown_position_are_preserved) ... ok
test_010_n2_class_zero_rule (test_observational_confound_audit.AuditTests.test_010_n2_class_zero_rule) ... ok
test_011_n3_exact_value_and_tolerance (test_observational_confound_audit.AuditTests.test_011_n3_exact_value_and_tolerance) ... ok
test_012_psf_raw_sum_uses_math_fsum_and_nonfinite_defers (test_observational_confound_audit.AuditTests.test_012_psf_raw_sum_uses_math_fsum_and_nonfinite_defers) ... ok
test_013_psf_peak_tie_break_is_row_major (test_observational_confound_audit.AuditTests.test_013_psf_peak_tie_break_is_row_major) ... ok
test_014_psf_plane_hash_is_exact (test_observational_confound_audit.AuditTests.test_014_psf_plane_hash_is_exact) ... ok
test_015_ra_wrap_is_half_open (test_observational_confound_audit.AuditTests.test_015_ra_wrap_is_half_open) ... ok
test_016_primary_geometry_all_and_mixed (test_observational_confound_audit.AuditTests.test_016_primary_geometry_all_and_mixed) ... ok
test_017_wcs_jacobian_convention (test_observational_confound_audit.AuditTests.test_017_wcs_jacobian_convention) ... ok
test_018_feature_schema_has_no_image_family (test_observational_confound_audit.AuditTests.test_018_feature_schema_has_no_image_family) ... ok
test_019_exact_five_contrasts_and_signed_difference (test_observational_confound_audit.AuditTests.test_019_exact_five_contrasts_and_signed_difference) ... ok
test_020_interpretation_precedence (test_observational_confound_audit.AuditTests.test_020_interpretation_precedence) ... ok
test_021_complete_synthetic_execution_has_exact_counts_and_outputs (test_observational_confound_audit.AuditTests.test_021_complete_synthetic_execution_has_exact_counts_and_outputs) ... ok
test_022_input_modification_is_detected (test_observational_confound_audit.AuditTests.test_022_input_modification_is_detected) ... ok
test_023_source_has_no_network_or_visual_stack (test_observational_confound_audit.AuditTests.test_023_source_has_no_network_or_visual_stack) ... ok
test_024_cli_has_only_offline_modes (test_observational_confound_audit.AuditTests.test_024_cli_has_only_offline_modes) ... ok
test_all_and_only_valid_views_are_retained (test_observational_multiplicity.ObservationalMultiplicityTests.test_all_and_only_valid_views_are_retained) ... ok
test_balancing_or_region_cannot_enter_selection_contract (test_observational_multiplicity.ObservationalMultiplicityTests.test_balancing_or_region_cannot_enter_selection_contract) ... ok
test_closed_photsys_terminal_is_exact_immutable_input (test_observational_multiplicity.ObservationalMultiplicityTests.test_closed_photsys_terminal_is_exact_immutable_input) ... ok
test_current_candidate_is_offline_and_photsys_independent (test_observational_multiplicity.ObservationalMultiplicityTests.test_current_candidate_is_offline_and_photsys_independent) ... ok
test_duplicate_inside_one_regional_summary_fails (test_observational_multiplicity.ObservationalMultiplicityTests.test_duplicate_inside_one_regional_summary_fails) ... ok
test_fixture_exclusion_is_global (test_observational_multiplicity.ObservationalMultiplicityTests.test_fixture_exclusion_is_global) ... ok
test_geometry_mismatch_fails (test_observational_multiplicity.ObservationalMultiplicityTests.test_geometry_mismatch_fails) ... ok
test_north_only_south_only_and_both (test_observational_multiplicity.ObservationalMultiplicityTests.test_north_only_south_only_and_both) ... ok
test_observer_domain_cannot_be_morphology_label (test_observational_multiplicity.ObservationalMultiplicityTests.test_observer_domain_cannot_be_morphology_label) ... ok
test_photsys_tractor_network_morphology_firewall_stays_zero (test_observational_multiplicity.ObservationalMultiplicityTests.test_photsys_tractor_network_morphology_firewall_stays_zero) ... ok
test_root_identity_mismatch_fails (test_observational_multiplicity.ObservationalMultiplicityTests.test_root_identity_mismatch_fails) ... ok
test_row_order_invariance (test_observational_multiplicity.ObservationalMultiplicityTests.test_row_order_invariance) ... ok
test_same_global_brick_north_south_is_both_not_duplicate (test_observational_multiplicity.ObservationalMultiplicityTests.test_same_global_brick_north_south_is_both_not_duplicate) ... ok
test_same_group_cannot_cross_split (test_observational_multiplicity.ObservationalMultiplicityTests.test_same_group_cannot_cross_split) ... ok
test_selection_identity_excludes_region_and_selects_once (test_observational_multiplicity.ObservationalMultiplicityTests.test_selection_identity_excludes_region_and_selects_once) ... ok
test_unresolved_grouping_blocks_confirmatory_split (test_observational_multiplicity.ObservationalMultiplicityTests.test_unresolved_grouping_blocks_confirmatory_split) ... ok
test_01_production_mission_state_valid_and_candidate_001_immutable (test_observational_multiplicity_governor.ObservationalMultiplicityGovernorTests.test_01_production_mission_state_valid_and_candidate_001_immutable) ... ok
test_01b_candidate_003_preserves_candidate_002_scientific_payload (test_observational_multiplicity_governor.ObservationalMultiplicityGovernorTests.test_01b_candidate_003_preserves_candidate_002_scientific_payload) ... ok
test_01c_first_action_identity_is_state_data_and_authorization_bound (test_observational_multiplicity_governor.ObservationalMultiplicityGovernorTests.test_01c_first_action_identity_is_state_data_and_authorization_bound) ... ok
test_01d_candidate_mutation_after_authorization_fails_closed (test_observational_multiplicity_governor.ObservationalMultiplicityGovernorTests.test_01d_candidate_mutation_after_authorization_fails_closed) ... ok
test_02_activation_exact_one_shot_zero_budget_and_ledger (test_observational_multiplicity_governor.ObservationalMultiplicityGovernorTests.test_02_activation_exact_one_shot_zero_budget_and_ledger) ... ok
test_03_activation_binding_and_branch_refusals (test_observational_multiplicity_governor.ObservationalMultiplicityGovernorTests.test_03_activation_binding_and_branch_refusals) ... ok
test_04_generic_authority_subsets_and_budget_rules (test_observational_multiplicity_governor.ObservationalMultiplicityGovernorTests.test_04_generic_authority_subsets_and_budget_rules) ... ok
test_05_multi_action_replay_offline_documentary_grouping_without_policy_change (test_observational_multiplicity_governor.ObservationalMultiplicityGovernorTests.test_05_multi_action_replay_offline_documentary_grouping_without_policy_change) ... ok
test_06_authority_concurrency_retry_and_manifest_refusals (test_observational_multiplicity_governor.ObservationalMultiplicityGovernorTests.test_06_authority_concurrency_retry_and_manifest_refusals) ... ok
test_07_all_firewalls_and_prohibited_scopes_refused (test_observational_multiplicity_governor.ObservationalMultiplicityGovernorTests.test_07_all_firewalls_and_prohibited_scopes_refused) ... ok
test_08_git_candidate_command_state_and_policy_mutations_refused (test_observational_multiplicity_governor.ObservationalMultiplicityGovernorTests.test_08_git_candidate_command_state_and_policy_mutations_refused) ... ok
test_09_permit_single_use_canonical_marker_and_no_alternate_path (test_observational_multiplicity_governor.ObservationalMultiplicityGovernorTests.test_09_permit_single_use_canonical_marker_and_no_alternate_path) ... ok
test_10_transition_requires_marker_sha_and_counter_reservations (test_observational_multiplicity_governor.ObservationalMultiplicityGovernorTests.test_10_transition_requires_marker_sha_and_counter_reservations) ... ok
test_11_stop_and_scientific_terminal_are_closed (test_observational_multiplicity_governor.ObservationalMultiplicityGovernorTests.test_11_stop_and_scientific_terminal_are_closed) ... ok
test_12_only_state_bound_candidate_can_register_first (test_observational_multiplicity_governor.ObservationalMultiplicityGovernorTests.test_12_only_state_bound_candidate_can_register_first) ... ok
test_13_candidate_003_exact_argv_and_historical_argv_refused (test_observational_multiplicity_governor.ObservationalMultiplicityGovernorTests.test_13_candidate_003_exact_argv_and_historical_argv_refused) ... ok
test_13b_candidate_004_exact_runtime_command_and_mutations (test_observational_multiplicity_governor.ObservationalMultiplicityGovernorTests.test_13b_candidate_004_exact_runtime_command_and_mutations) ... ok
test_14_executor_consumes_canonical_permit_before_runner_and_replay_fails (test_observational_multiplicity_governor.ObservationalMultiplicityGovernorTests.test_14_executor_consumes_canonical_permit_before_runner_and_replay_fails) ... ok
test_15_historical_v1_policy_core_is_byte_immutable (test_observational_multiplicity_governor.ObservationalMultiplicityGovernorTests.test_15_historical_v1_policy_core_is_byte_immutable) ... ok
test_16_policy_core_v2_mutation_blocks_permit (test_observational_multiplicity_governor.ObservationalMultiplicityGovernorTests.test_16_policy_core_v2_mutation_blocks_permit) ... ok
test_01_candidate_and_exact_runtime_command_validate_offline (test_observational_multiplicity_grouping_gate.GroupingGateActionTests.test_01_candidate_and_exact_runtime_command_validate_offline) ... ok
test_02_runtime_mutation_fails_before_material_action (test_observational_multiplicity_grouping_gate.GroupingGateActionTests.test_02_runtime_mutation_fails_before_material_action) ... ok
test_03_selection_view_and_split_guards_are_synthetic (test_observational_multiplicity_grouping_gate.GroupingGateActionTests.test_03_selection_view_and_split_guards_are_synthetic) ... ok
test_04_candidate_reserves_zero_material_resources (test_observational_multiplicity_grouping_gate.GroupingGateActionTests.test_04_candidate_reserves_zero_material_resources) ... ok
test_01_closed_production_paths_hashes_and_no_url_arguments (test_patch_metadata_decode.PatchMetadataDecodeTests.test_01_closed_production_paths_hashes_and_no_url_arguments) ... ok
test_02_dry_run_is_non_mutating_and_closed (test_patch_metadata_decode.PatchMetadataDecodeTests.test_02_dry_run_is_non_mutating_and_closed) ... ok
test_03_real_selective_decoder_observes_three_fields_and_opaque_transit (test_patch_metadata_decode.PatchMetadataDecodeTests.test_03_real_selective_decoder_observes_three_fields_and_opaque_transit) ... ok
test_04_fourth_field_trips_before_observation (test_patch_metadata_decode.PatchMetadataDecodeTests.test_04_fourth_field_trips_before_observation) ... ok
test_05_success_counts_and_uniqueness (test_patch_metadata_decode.PatchMetadataDecodeTests.test_05_success_counts_and_uniqueness) ... ok
test_06_cardinality_1690_fails (test_patch_metadata_decode.PatchMetadataDecodeTests.test_06_cardinality_1690_fails) ... ok
test_07_cardinality_1692_fails (test_patch_metadata_decode.PatchMetadataDecodeTests.test_07_cardinality_1692_fails) ... ok
test_08_release_mismatch_fails (test_patch_metadata_decode.PatchMetadataDecodeTests.test_08_release_mismatch_fails) ... ok
test_09_brickname_failure (test_patch_metadata_decode.PatchMetadataDecodeTests.test_09_brickname_failure) ... ok
test_10_brickid_int32_failure (test_patch_metadata_decode.PatchMetadataDecodeTests.test_10_brickid_int32_failure) ... ok
test_11_brickname_uniqueness_failure (test_patch_metadata_decode.PatchMetadataDecodeTests.test_11_brickname_uniqueness_failure) ... ok
test_12_brickid_uniqueness_failure (test_patch_metadata_decode.PatchMetadataDecodeTests.test_12_brickid_uniqueness_failure) ... ok
test_13_identity_pair_duplicate_is_rejected (test_patch_metadata_decode.PatchMetadataDecodeTests.test_13_identity_pair_duplicate_is_rejected) ... ok
test_14_root_missing_multiplicity_and_mismatch (test_patch_metadata_decode.PatchMetadataDecodeTests.test_14_root_missing_multiplicity_and_mismatch) ... ok
test_15_south_missing_multiplicity_and_mismatch (test_patch_metadata_decode.PatchMetadataDecodeTests.test_15_south_missing_multiplicity_and_mismatch) ... ok
test_16_exact_join_counters (test_patch_metadata_decode.PatchMetadataDecodeTests.test_16_exact_join_counters) ... ok
test_17_outputs_have_closed_names_and_no_row_values (test_patch_metadata_decode.PatchMetadataDecodeTests.test_17_outputs_have_closed_names_and_no_row_values) ... ok
test_18_failure_outputs_are_aggregate_only (test_patch_metadata_decode.PatchMetadataDecodeTests.test_18_failure_outputs_are_aggregate_only) ... ok
test_19_resource_and_output_limits (test_patch_metadata_decode.PatchMetadataDecodeTests.test_19_resource_and_output_limits) ... ok
test_20_no_network_capability_is_exercised (test_patch_metadata_decode.PatchMetadataDecodeTests.test_20_no_network_capability_is_exercised) ... ok
test_21_output_directory_is_single_use (test_patch_metadata_decode.PatchMetadataDecodeTests.test_21_output_directory_is_single_use) ... ok
test_01_review_is_frozen (test_photsys_archive_head_probe.HeadProbeTests.test_01_review_is_frozen) ... ok
test_02_historical_terminal_and_four_bodies_validate (test_photsys_archive_head_probe.HeadProbeTests.test_02_historical_terminal_and_four_bodies_validate) ... ok
test_03_conservative_arithmetic_exact (test_photsys_archive_head_probe.HeadProbeTests.test_03_conservative_arithmetic_exact) ... ok
test_04_head_caps_exact (test_photsys_archive_head_probe.HeadProbeTests.test_04_head_caps_exact) ... ok
test_05_exact_commit_url (test_photsys_archive_head_probe.HeadProbeTests.test_05_exact_commit_url) ... ok
test_06_transport_has_no_get_range_or_generic_request (test_photsys_archive_head_probe.HeadProbeTests.test_06_transport_has_no_get_range_or_generic_request) ... ok
test_07_head_success_reads_no_body (test_photsys_archive_head_probe.HeadProbeTests.test_07_head_success_reads_no_body) ... ok
test_08_missing_content_length_is_inconclusive (test_photsys_archive_head_probe.HeadProbeTests.test_08_missing_content_length_is_inconclusive) ... ok
test_09_invalid_content_length_is_inconclusive (test_photsys_archive_head_probe.HeadProbeTests.test_09_invalid_content_length_is_inconclusive) ... ok
test_10_redirect_rejected_without_body (test_photsys_archive_head_probe.HeadProbeTests.test_10_redirect_rejected_without_body) ... ok
test_11_wrong_content_type_rejected (test_photsys_archive_head_probe.HeadProbeTests.test_11_wrong_content_type_rejected) ... ok
test_12_threshold_allows_later_design_at_equal (test_photsys_archive_head_probe.HeadProbeTests.test_12_threshold_allows_later_design_at_equal) ... ok
test_13_threshold_stops_above (test_photsys_archive_head_probe.HeadProbeTests.test_13_threshold_stops_above) ... ok
test_14_exact_command_is_head_only (test_photsys_archive_head_probe.HeadProbeTests.test_14_exact_command_is_head_only) ... ok
test_15_historical_candidate_authorization_and_runtime_are_preserved (test_photsys_archive_head_probe.HeadProbeTests.test_15_historical_candidate_authorization_and_runtime_are_preserved) ... ok
test_16_cli_help (test_photsys_archive_head_probe.HeadProbeTests.test_16_cli_help) ... ok
test_17_cli_execution_requires_authorization (test_photsys_archive_head_probe.HeadProbeTests.test_17_cli_execution_requires_authorization) ... ok
test_18_historical_dry_run_is_closed (test_photsys_archive_head_probe.HeadProbeTests.test_18_historical_dry_run_is_closed) ... ok
test_19_historical_validation_makes_no_network (test_photsys_archive_head_probe.HeadProbeTests.test_19_historical_validation_makes_no_network) ... ok
test_01_historical_candidates_unchanged (test_photsys_archive_range_size_autonomy.RangeAutonomyCandidateTests.test_01_historical_candidates_unchanged) ... ok
test_02_candidate_003_exact (test_photsys_archive_range_size_autonomy.RangeAutonomyCandidateTests.test_02_candidate_003_exact) ... ok
test_03_semantic_transport_fields_identical_to_002 (test_photsys_archive_range_size_autonomy.RangeAutonomyCandidateTests.test_03_semantic_transport_fields_identical_to_002) ... ok
test_04_exact_range_contract (test_photsys_archive_range_size_autonomy.RangeAutonomyCandidateTests.test_04_exact_range_contract) ... ok
test_05_generic_contract_reservations (test_photsys_archive_range_size_autonomy.RangeAutonomyCandidateTests.test_05_generic_contract_reservations) ... ok
test_06_action_receipt_exact_and_offline (test_photsys_archive_range_size_autonomy.RangeAutonomyCandidateTests.test_06_action_receipt_exact_and_offline) ... ok
test_07_command_uses_candidate_003_and_permit (test_photsys_archive_range_size_autonomy.RangeAutonomyCandidateTests.test_07_command_uses_candidate_003_and_permit) ... ok
test_08_historical_authorization_and_consumed_permit_preserved (test_photsys_archive_range_size_autonomy.RangeAutonomyCandidateTests.test_08_historical_authorization_and_consumed_permit_preserved) ... ok
test_09_historical_mission_is_terminal_and_inactive (test_photsys_archive_range_size_autonomy.RangeAutonomyCandidateTests.test_09_historical_mission_is_terminal_and_inactive) ... ok
test_10_historical_terminal_check_has_no_network (test_photsys_archive_range_size_autonomy.RangeAutonomyCandidateTests.test_10_historical_terminal_check_has_no_network) ... ok
test_11_real_candidate_003_requires_permit (test_photsys_archive_range_size_autonomy.RangeAutonomyCandidateTests.test_11_real_candidate_003_requires_permit) ... ok
test_12_candidate_002_real_execution_closed (test_photsys_archive_range_size_autonomy.RangeAutonomyCandidateTests.test_12_candidate_002_real_execution_closed) ... ok
test_01_specification_is_frozen (test_photsys_archive_range_size_probe.RangeSizeProbeTests.test_01_specification_is_frozen) ... ok
test_02_head_and_preserved_inputs_validate (test_photsys_archive_range_size_probe.RangeSizeProbeTests.test_02_head_and_preserved_inputs_validate) ... ok
test_03_exact_resource_range_and_caps (test_photsys_archive_range_size_probe.RangeSizeProbeTests.test_03_exact_resource_range_and_caps) ... ok
test_04_transport_exposes_only_probe_operation (test_photsys_archive_range_size_probe.RangeSizeProbeTests.test_04_transport_exposes_only_probe_operation) ... ok
test_05_exact_get_headers_and_no_body_read (test_photsys_archive_range_size_probe.RangeSizeProbeTests.test_05_exact_get_headers_and_no_body_read) ... ok
test_06_valid_content_range_values (test_photsys_archive_range_size_probe.RangeSizeProbeTests.test_06_valid_content_range_values) ... ok
test_07_invalid_content_range_values (test_photsys_archive_range_size_probe.RangeSizeProbeTests.test_07_invalid_content_range_values) ... ok
test_08_absent_and_multiple_content_range_rejected (test_photsys_archive_range_size_probe.RangeSizeProbeTests.test_08_absent_and_multiple_content_range_rejected) ... ok
test_09_valid_206_below_budget (test_photsys_archive_range_size_probe.RangeSizeProbeTests.test_09_valid_206_below_budget) ... ok
test_10_valid_206_above_budget_stops_current_spec (test_photsys_archive_range_size_probe.RangeSizeProbeTests.test_10_valid_206_above_budget_stops_current_spec) ... ok
test_11_http_200_is_inconclusive_and_reads_nothing (test_photsys_archive_range_size_probe.RangeSizeProbeTests.test_11_http_200_is_inconclusive_and_reads_nothing) ... ok
test_12_redirects_fail_without_body_read (test_photsys_archive_range_size_probe.RangeSizeProbeTests.test_12_redirects_fail_without_body_read) ... ok
test_13_416_is_inconclusive_and_does_not_parse_total (test_photsys_archive_range_size_probe.RangeSizeProbeTests.test_13_416_is_inconclusive_and_does_not_parse_total) ... ok
test_14_500_fails_without_second_request (test_photsys_archive_range_size_probe.RangeSizeProbeTests.test_14_500_fails_without_second_request) ... ok
test_15_content_type_failure_reads_nothing (test_photsys_archive_range_size_probe.RangeSizeProbeTests.test_15_content_type_failure_reads_nothing) ... ok
test_16_content_encoding_failure (test_photsys_archive_range_size_probe.RangeSizeProbeTests.test_16_content_encoding_failure) ... ok
test_17_etag_mismatch_fails_identity (test_photsys_archive_range_size_probe.RangeSizeProbeTests.test_17_etag_mismatch_fails_identity) ... ok
test_18_absent_range_etag_is_allowed (test_photsys_archive_range_size_probe.RangeSizeProbeTests.test_18_absent_range_etag_is_allowed) ... ok
test_19_content_length_is_partial_not_complete (test_photsys_archive_range_size_probe.RangeSizeProbeTests.test_19_content_length_is_partial_not_complete) ... ok
test_20_bad_partial_content_length_fails (test_photsys_archive_range_size_probe.RangeSizeProbeTests.test_20_bad_partial_content_length_fails) ... ok
test_21_missing_and_malformed_content_range_never_read (test_photsys_archive_range_size_probe.RangeSizeProbeTests.test_21_missing_and_malformed_content_range_never_read) ... ok
test_22_request_cap_prevents_second_request (test_photsys_archive_range_size_probe.RangeSizeProbeTests.test_22_request_cap_prevents_second_request) ... ok
test_23_candidate_001_is_historical_and_unmodified (test_photsys_archive_range_size_probe.RangeSizeProbeTests.test_23_candidate_001_is_historical_and_unmodified) ... ok
test_24_exact_command_is_range_size_only (test_photsys_archive_range_size_probe.RangeSizeProbeTests.test_24_exact_command_is_range_size_only) ... ok
test_25_cli_help (test_photsys_archive_range_size_probe.RangeSizeProbeTests.test_25_cli_help) ... ok
test_26_execution_requires_authorization (test_photsys_archive_range_size_probe.RangeSizeProbeTests.test_26_execution_requires_authorization) ... ok
test_27_dry_run_boundary (test_photsys_archive_range_size_probe.RangeSizeProbeTests.test_27_dry_run_boundary) ... ok
test_28_validate_and_dry_run_make_no_network (test_photsys_archive_range_size_probe.RangeSizeProbeTests.test_28_validate_and_dry_run_make_no_network) ... ok
test_29_firewall_counters_start_at_zero (test_photsys_archive_range_size_probe.RangeSizeProbeTests.test_29_firewall_counters_start_at_zero) ... ok
test_30_any_body_read_count_is_a_firewall_failure (test_photsys_archive_range_size_probe.RangeSizeProbeTests.test_30_any_body_read_count_is_a_firewall_failure) ... ok
test_canonical_serialization_deterministic (test_photsys_byte_histogram.BindingAndPublicationTests.test_canonical_serialization_deterministic) ... ok
test_failure_produces_no_histogram (test_photsys_byte_histogram.BindingAndPublicationTests.test_failure_produces_no_histogram) ... ok
test_histogram_sha_is_numeric_array_hash (test_photsys_byte_histogram.BindingAndPublicationTests.test_histogram_sha_is_numeric_array_hash) ... ok
test_no_row_linked_output (test_photsys_byte_histogram.BindingAndPublicationTests.test_no_row_linked_output) ... ok
test_success_publish_is_immutable (test_photsys_byte_histogram.BindingAndPublicationTests.test_success_publish_is_immutable) ... ok
test_wrong_input_hash_and_size (test_photsys_byte_histogram.BindingAndPublicationTests.test_wrong_input_hash_and_size) ... ok
test_completed_historical_authorization_is_preserved (test_photsys_byte_histogram.CLIBoundaryTests.test_completed_historical_authorization_is_preserved) ... ok
test_exact_command_contains_observation_mode_and_authorization (test_photsys_byte_histogram.CLIBoundaryTests.test_exact_command_contains_observation_mode_and_authorization) ... ok
test_help_lists_all_modes (test_photsys_byte_histogram.CLIBoundaryTests.test_help_lists_all_modes) ... ok
test_observation_without_execution_gate_is_closed (test_photsys_byte_histogram.CLIBoundaryTests.test_observation_without_execution_gate_is_closed) ... ok
test_BRICKID_access_attempt (test_photsys_byte_histogram.CapabilityFirewallTests.test_BRICKID_access_attempt) ... ok
test_BRICKNAME_access_attempt (test_photsys_byte_histogram.CapabilityFirewallTests.test_BRICKNAME_access_attempt) ... ok
test_ROOT_access_attempt (test_photsys_byte_histogram.CapabilityFirewallTests.test_ROOT_access_attempt) ... ok
test_forbidden_libraries_are_not_invoked_by_reader (test_photsys_byte_histogram.CapabilityFirewallTests.test_forbidden_libraries_are_not_invoked_by_reader) ... ok
test_whole_row_fallback_attempt (test_photsys_byte_histogram.CapabilityFirewallTests.test_whole_row_fallback_attempt) ... ok
test_boolean_row_is_not_an_integer_ordinal (test_photsys_byte_histogram.ExactReaderTests.test_boolean_row_is_not_an_integer_ordinal) ... ok
test_boundary_ready_does_not_call_pread (test_photsys_byte_histogram.ExactReaderTests.test_boundary_ready_does_not_call_pread) ... ok
test_exactly_one_pread_per_row (test_photsys_byte_histogram.ExactReaderTests.test_exactly_one_pread_per_row) ... ok
test_first_and_last_row_exact_offsets (test_photsys_byte_histogram.ExactReaderTests.test_first_and_last_row_exact_offsets) ... ok
test_forbidden_spans_rejected_before_io (test_photsys_byte_histogram.ExactReaderTests.test_forbidden_spans_rejected_before_io) ... ok
test_invalid_layout_arithmetic_rejected (test_photsys_byte_histogram.ExactReaderTests.test_invalid_layout_arithmetic_rejected) ... ok
test_negative_and_out_of_range_rejected_before_io (test_photsys_byte_histogram.ExactReaderTests.test_negative_and_out_of_range_rejected_before_io) ... ok
test_no_generic_or_whole_row_API (test_photsys_byte_histogram.ExactReaderTests.test_no_generic_or_whole_row_API) ... ok
test_truncated_single_byte_read_is_incomplete (test_photsys_byte_histogram.ExactReaderTests.test_truncated_single_byte_read_is_incomplete) ... ok
test_wrong_production_layout_dimensions_rejected (test_photsys_byte_histogram.ExactReaderTests.test_wrong_production_layout_dimensions_rejected) ... ok
test_N_S_and_space_bins (test_photsys_byte_histogram.HistogramConstructionTests.test_N_S_and_space_bins) ... ok
test_all_256_bins (test_photsys_byte_histogram.HistogramConstructionTests.test_all_256_bins) ... ok
test_exact_histogram_size (test_photsys_byte_histogram.HistogramConstructionTests.test_exact_histogram_size) ... ok
test_exact_sum (test_photsys_byte_histogram.HistogramConstructionTests.test_exact_sum) ... ok
test_malformed_synthetic_value_rejected (test_photsys_byte_histogram.HistogramConstructionTests.test_malformed_synthetic_value_rejected) ... ok
test_multiple_outside_V1_bytes (test_photsys_byte_histogram.HistogramConstructionTests.test_multiple_outside_V1_bytes) ... ok
test_one_outside_V1_byte (test_photsys_byte_histogram.HistogramConstructionTests.test_one_outside_V1_byte) ... ok
test_V1_consistency_success (test_photsys_byte_histogram.TerminalAndConsistencyTests.test_V1_consistency_success) ... ok
test_incomplete_after_complete_counters (test_photsys_byte_histogram.TerminalAndConsistencyTests.test_incomplete_after_complete_counters) ... ok
test_negative_or_noninteger_count (test_photsys_byte_histogram.TerminalAndConsistencyTests.test_negative_or_noninteger_count) ... ok
test_row_count_mismatch_precedes_incomplete (test_photsys_byte_histogram.TerminalAndConsistencyTests.test_row_count_mismatch_precedes_incomplete) ... ok
test_terminal_precedence (test_photsys_byte_histogram.TerminalAndConsistencyTests.test_terminal_precedence) ... ok
test_wrong_N_count (test_photsys_byte_histogram.TerminalAndConsistencyTests.test_wrong_N_count) ... ok
test_wrong_S_count (test_photsys_byte_histogram.TerminalAndConsistencyTests.test_wrong_S_count) ... ok
test_wrong_histogram_length (test_photsys_byte_histogram.TerminalAndConsistencyTests.test_wrong_histogram_length) ... ok
test_wrong_histogram_sum (test_photsys_byte_histogram.TerminalAndConsistencyTests.test_wrong_histogram_sum) ... ok
test_wrong_outside_domain_count (test_photsys_byte_histogram.TerminalAndConsistencyTests.test_wrong_outside_domain_count) ... ok
test_wrong_space_count (test_photsys_byte_histogram.TerminalAndConsistencyTests.test_wrong_space_count) ... ok
test_closed_semantic_types_have_only_authorized_fields (test_photsys_selective_value_validation.DecodeRulesTests.test_closed_semantic_types_have_only_authorized_fields) ... ok
test_invalid_photsys_nul_and_lowercase (test_photsys_selective_value_validation.DecodeRulesTests.test_invalid_photsys_nul_and_lowercase) ... ok
test_leading_embedded_non_ascii_and_nul_names_fail (test_photsys_selective_value_validation.DecodeRulesTests.test_leading_embedded_non_ascii_and_nul_names_fail) ... ok
test_malformed_global_name_semantics_fail_observation (test_photsys_selective_value_validation.DecodeRulesTests.test_malformed_global_name_semantics_fail_observation) ... ok
test_right_padding_is_the_only_lexical_canonicalization (test_photsys_selective_value_validation.DecodeRulesTests.test_right_padding_is_the_only_lexical_canonicalization) ... ok
test_signed_big_endian_boundaries (test_photsys_selective_value_validation.DecodeRulesTests.test_signed_big_endian_boundaries) ... ok
test_valid_photsys_bytes (test_photsys_selective_value_validation.DecodeRulesTests.test_valid_photsys_bytes) ... ok
test_first_and_last_row_exact_offsets (test_photsys_selective_value_validation.ExactSpanReaderTests.test_first_and_last_row_exact_offsets) ... ok
test_forbidden_span_fails_before_io (test_photsys_selective_value_validation.ExactSpanReaderTests.test_forbidden_span_fails_before_io) ... ok
test_integer_overflow_controls_fail_before_io (test_photsys_selective_value_validation.ExactSpanReaderTests.test_integer_overflow_controls_fail_before_io) ... ok
test_no_public_generic_reader_or_whole_row_capability (test_photsys_selective_value_validation.ExactSpanReaderTests.test_no_public_generic_reader_or_whole_row_capability) ... ok
test_wrong_hash_and_size_binding_fail (test_photsys_selective_value_validation.ExactSpanReaderTests.test_wrong_hash_and_size_binding_fail) ... ok
test_wrong_production_layout_dimensions_fail (test_photsys_selective_value_validation.ExactSpanReaderTests.test_wrong_production_layout_dimensions_fail) ... ok
test_both_missing_directions (test_photsys_selective_value_validation.JoinUniquenessTests.test_both_missing_directions) ... ok
test_brickid_conflict (test_photsys_selective_value_validation.JoinUniquenessTests.test_brickid_conflict) ... ok
test_brickname_conflict (test_photsys_selective_value_validation.JoinUniquenessTests.test_brickname_conflict) ... ok
test_duplicate_id (test_photsys_selective_value_validation.JoinUniquenessTests.test_duplicate_id) ... ok
test_duplicate_pair (test_photsys_selective_value_validation.JoinUniquenessTests.test_duplicate_pair) ... ok
test_duplicate_raw_and_canonical_name (test_photsys_selective_value_validation.JoinUniquenessTests.test_duplicate_raw_and_canonical_name) ... ok
test_firewall_counter_has_highest_precedence (test_photsys_selective_value_validation.JoinUniquenessTests.test_firewall_counter_has_highest_precedence) ... ok
test_invalid_photsys_precedence_and_counts (test_photsys_selective_value_validation.JoinUniquenessTests.test_invalid_photsys_precedence_and_counts) ... ok
test_malformed_authorized_value_terminal (test_photsys_selective_value_validation.JoinUniquenessTests.test_malformed_authorized_value_terminal) ... ok
test_row_count_and_counter_mismatch (test_photsys_selective_value_validation.JoinUniquenessTests.test_row_count_and_counter_mismatch) ... ok
test_success_and_photsys_distribution (test_photsys_selective_value_validation.JoinUniquenessTests.test_success_and_photsys_distribution) ... ok
test_cli_help_and_real_mode_requires_authorization (test_photsys_selective_value_validation.ResolverAndTripwireTests.test_cli_help_and_real_mode_requires_authorization) ... ok
test_deterministic_sorting_binary_and_sha (test_photsys_selective_value_validation.ResolverAndTripwireTests.test_deterministic_sorting_binary_and_sha) ... ok
test_exact_command_is_real_mode_and_historical_authorization_is_preserved (test_photsys_selective_value_validation.ResolverAndTripwireTests.test_exact_command_is_real_mode_and_historical_authorization_is_preserved) ... ok
test_no_resolver_on_failure (test_photsys_selective_value_validation.ResolverAndTripwireTests.test_no_resolver_on_failure) ... ok
test_production_dependencies_offer_no_fallback (test_photsys_selective_value_validation.ResolverAndTripwireTests.test_production_dependencies_offer_no_fallback) ... ok
test_runtime_tripwires_are_not_touched_by_exact_reader (test_photsys_selective_value_validation.ResolverAndTripwireTests.test_runtime_tripwires_are_not_touched_by_exact_reader) ... ok
test_success_publication_has_exact_binary_and_sidecar (test_photsys_selective_value_validation.ResolverAndTripwireTests.test_success_publication_has_exact_binary_and_sidecar) ... ok
test_header_contract_drift_fails_closed (test_photsys_selective_value_validation.RootProjectionAdapterTests.test_header_contract_drift_fails_closed) ... ok
test_opaque_rows_cross_only_as_identity_projection (test_photsys_selective_value_validation.RootProjectionAdapterTests.test_opaque_rows_cross_only_as_identity_projection) ... ok
test_truncated_opaque_row_is_inconclusive (test_photsys_selective_value_validation.RootProjectionAdapterTests.test_truncated_opaque_row_is_inconclusive) ... ok
test_01_spec_hash (test_photsys_zero_byte_provenance.ProvenanceTests.test_01_spec_hash) ... ok
test_02_manifest_exact (test_photsys_zero_byte_provenance.ProvenanceTests.test_02_manifest_exact) ... ok
test_03_allowlist_exact_five (test_photsys_zero_byte_provenance.ProvenanceTests.test_03_allowlist_exact_five) ... ok
test_04_no_astronomical_urls (test_photsys_zero_byte_provenance.ProvenanceTests.test_04_no_astronomical_urls) ... ok
test_05_caps_tighter_than_spec (test_photsys_zero_byte_provenance.ProvenanceTests.test_05_caps_tighter_than_spec) ... ok
test_05a_archive_is_commit_pinned_not_tag_pinned (test_photsys_zero_byte_provenance.ProvenanceTests.test_05a_archive_is_commit_pinned_not_tag_pinned) ... ok
test_06_wrong_host_rejected_before_connection (test_photsys_zero_byte_provenance.ProvenanceTests.test_06_wrong_host_rejected_before_connection) ... ok
test_07_query_rejected_before_connection (test_photsys_zero_byte_provenance.ProvenanceTests.test_07_query_rejected_before_connection) ... ok
test_08_unknown_identity_rejected (test_photsys_zero_byte_provenance.ProvenanceTests.test_08_unknown_identity_rejected) ... ok
test_09_redirect_rejected (test_photsys_zero_byte_provenance.ProvenanceTests.test_09_redirect_rejected) ... ok
test_10_content_length_cap (test_photsys_zero_byte_provenance.ProvenanceTests.test_10_content_length_cap) ... ok
test_10a_unknown_length_cap_plus_one_is_counted_before_failure (test_photsys_zero_byte_provenance.ProvenanceTests.test_10a_unknown_length_cap_plus_one_is_counted_before_failure) ... ok
test_10b_cumulative_excess_remains_counted (test_photsys_zero_byte_provenance.ProvenanceTests.test_10b_cumulative_excess_remains_counted) ... ok
test_11_request_cap_precedes_connection (test_photsys_zero_byte_provenance.ProvenanceTests.test_11_request_cap_precedes_connection) ... ok
test_11a_content_type_closed_per_resource (test_photsys_zero_byte_provenance.ProvenanceTests.test_11a_content_type_closed_per_resource) ... ok
test_11aa_http_failure_retains_headers_and_resource_identity (test_photsys_zero_byte_provenance.ProvenanceTests.test_11aa_http_failure_retains_headers_and_resource_identity) ... ok
test_11b_content_type_parameters_are_accepted (test_photsys_zero_byte_provenance.ProvenanceTests.test_11b_content_type_parameters_are_accepted) ... ok
test_12_revision_binding_accepts_exact (test_photsys_zero_byte_provenance.ProvenanceTests.test_12_revision_binding_accepts_exact) ... ok
test_13_revision_mismatch_rejected (test_photsys_zero_byte_provenance.ProvenanceTests.test_13_revision_mismatch_rejected) ... ok
test_14_safe_archive_extracts_complete_tree (test_photsys_zero_byte_provenance.ProvenanceTests.test_14_safe_archive_extracts_complete_tree) ... ok
test_15_archive_traversal_rejected (test_photsys_zero_byte_provenance.ProvenanceTests.test_15_archive_traversal_rejected) ... ok
test_16_archive_wrong_prefix_rejected (test_photsys_zero_byte_provenance.ProvenanceTests.test_16_archive_wrong_prefix_rejected) ... ok
test_16a_wrong_commit_archive_prefix_rejected (test_photsys_zero_byte_provenance.ProvenanceTests.test_16a_wrong_commit_archive_prefix_rejected) ... ok
test_17_missing_mandatory_file_rejected (test_photsys_zero_byte_provenance.ProvenanceTests.test_17_missing_mandatory_file_rejected) ... ok
test_18_tree_hash_deterministic (test_photsys_zero_byte_provenance.ProvenanceTests.test_18_tree_hash_deterministic) ... ok
test_19_search_negative_named_generator (test_photsys_zero_byte_provenance.ProvenanceTests.test_19_search_negative_named_generator) ... ok
test_20_search_terms_complete (test_photsys_zero_byte_provenance.ProvenanceTests.test_20_search_terms_complete) ... ok
test_21_producer_trace_required_facts (test_photsys_zero_byte_provenance.ProvenanceTests.test_21_producer_trace_required_facts) ... ok
test_22_legacy_space_preserved (test_photsys_zero_byte_provenance.ProvenanceTests.test_22_legacy_space_preserved) ... ok
test_23_generic_ascii_null_does_not_prove_bintable_A (test_photsys_zero_byte_provenance.ProvenanceTests.test_23_generic_ascii_null_does_not_prove_bintable_A) ... ok
test_23a_bintable_A_context_proves_only_its_rule (test_photsys_zero_byte_provenance.ProvenanceTests.test_23a_bintable_A_context_proves_only_its_rule) ... ok
test_23b_ascii_null_definition_independent (test_photsys_zero_byte_provenance.ProvenanceTests.test_23b_ascii_null_definition_independent) ... ok
test_23c_ascii_space_definition_independent (test_photsys_zero_byte_provenance.ProvenanceTests.test_23c_ascii_space_definition_independent) ... ok
test_23d_all_three_required_for_complete_representation (test_photsys_zero_byte_provenance.ProvenanceTests.test_23d_all_three_required_for_complete_representation) ... ok
test_23e_ambiguous_context_stays_unresolved (test_photsys_zero_byte_provenance.ProvenanceTests.test_23e_ambiguous_context_stays_unresolved) ... ok
test_24_claim_matrix_closed (test_photsys_zero_byte_provenance.ProvenanceTests.test_24_claim_matrix_closed) ... ok
test_25_claim_matrix_bad_status_rejected (test_photsys_zero_byte_provenance.ProvenanceTests.test_25_claim_matrix_bad_status_rejected) ... ok
test_26_counts_alone_inconclusive (test_photsys_zero_byte_provenance.ProvenanceTests.test_26_counts_alone_inconclusive) ... ok
test_27_zero_init_alone_inconclusive (test_photsys_zero_byte_provenance.ProvenanceTests.test_27_zero_init_alone_inconclusive) ... ok
test_28_missing_named_generation_inconclusive (test_photsys_zero_byte_provenance.ProvenanceTests.test_28_missing_named_generation_inconclusive) ... ok
test_29_validate_inputs_no_network (test_photsys_zero_byte_provenance.ProvenanceTests.test_29_validate_inputs_no_network) ... ok
test_30_historical_attempt_is_closed_and_not_dry_runnable (test_photsys_zero_byte_provenance.ProvenanceTests.test_30_historical_attempt_is_closed_and_not_dry_runnable) ... ok
test_31_cli_help (test_photsys_zero_byte_provenance.ProvenanceTests.test_31_cli_help) ... ok
test_32_cli_research_without_authorization_blocked (test_photsys_zero_byte_provenance.ProvenanceTests.test_32_cli_research_without_authorization_blocked) ... ok
test_33_synthetic_mode_unexecuted_without_authorization (test_photsys_zero_byte_provenance.ProvenanceTests.test_33_synthetic_mode_unexecuted_without_authorization) ... ok
test_34_firewall_has_no_data_capability (test_photsys_zero_byte_provenance.ProvenanceTests.test_34_firewall_has_no_data_capability) ... ok
test_35_historical_candidate_and_authorization_are_preserved (test_photsys_zero_byte_provenance.ProvenanceTests.test_35_historical_candidate_and_authorization_are_preserved) ... ok
test_36_completed_matrix_keeps_producer_inference_separate (test_photsys_zero_byte_provenance.ProvenanceTests.test_36_completed_matrix_keeps_producer_inference_separate) ... ok
test_01_probe_authorities_match (test_physical_contract_probe.AuthorityCliAllowlistTests.test_01_probe_authorities_match) ... ok
test_02_spec_hash_bound (test_physical_contract_probe.AuthorityCliAllowlistTests.test_02_spec_hash_bound) ... ok
test_03_pre_probe_aggregate_recorded (test_physical_contract_probe.AuthorityCliAllowlistTests.test_03_pre_probe_aggregate_recorded) ... ok
test_04_environment_fingerprint_bound (test_physical_contract_probe.AuthorityCliAllowlistTests.test_04_environment_fingerprint_bound) ... ok
test_05_allowlist_exact_seven (test_physical_contract_probe.AuthorityCliAllowlistTests.test_05_allowlist_exact_seven) ... ok
test_06_alternate_url_rejected (test_physical_contract_probe.AuthorityCliAllowlistTests.test_06_alternate_url_rejected) ... ok
test_07_query_and_fragment_rejected (test_physical_contract_probe.AuthorityCliAllowlistTests.test_07_query_and_fragment_rejected) ... ok
test_08_http_scheme_rejected (test_physical_contract_probe.AuthorityCliAllowlistTests.test_08_http_scheme_rejected) ... ok
test_09_arbitrary_range_rejected (test_physical_contract_probe.AuthorityCliAllowlistTests.test_09_arbitrary_range_rejected) ... ok
test_10_cli_help (test_physical_contract_probe.AuthorityCliAllowlistTests.test_10_cli_help) ... ok
test_11_cli_plan_offline_and_complete (test_physical_contract_probe.AuthorityCliAllowlistTests.test_11_cli_plan_offline_and_complete) ... ok
test_12_cli_dry_run_no_mutation (test_physical_contract_probe.AuthorityCliAllowlistTests.test_12_cli_dry_run_no_mutation) ... ok
test_13_execute_without_authorization_blocked (test_physical_contract_probe.AuthorityCliAllowlistTests.test_13_execute_without_authorization_blocked) ... ok
test_14_default_run_does_not_network (test_physical_contract_probe.AuthorityCliAllowlistTests.test_14_default_run_does_not_network) ... ok
test_c01_clarification_authority_and_history_bound (test_physical_contract_probe.Clarification001RangeEOFTests.test_c01_clarification_authority_and_history_bound) ... ok
test_c02_first_range_non_eof_full_accepted (test_physical_contract_probe.Clarification001RangeEOFTests.test_c02_first_range_non_eof_full_accepted) ... ok
test_c03_first_range_eof_short_accepted (test_physical_contract_probe.Clarification001RangeEOFTests.test_c03_first_range_eof_short_accepted) ... ok
test_c04_second_range_eof_short_accepted (test_physical_contract_probe.Clarification001RangeEOFTests.test_c04_second_range_eof_short_accepted) ... ok
test_c05_third_range_eof_short_accepted (test_physical_contract_probe.Clarification001RangeEOFTests.test_c05_third_range_eof_short_accepted) ... ok
test_c06_fourth_range_eof_short_accepted (test_physical_contract_probe.Clarification001RangeEOFTests.test_c06_fourth_range_eof_short_accepted) ... ok
test_c07_exact_eof_edge_is_full_range (test_physical_contract_probe.Clarification001RangeEOFTests.test_c07_exact_eof_edge_is_full_range) ... ok
test_c08_non_eof_short_span_rejected (test_physical_contract_probe.Clarification001RangeEOFTests.test_c08_non_eof_short_span_rejected) ... ok
test_c09_content_length_span_mismatch_rejected (test_physical_contract_probe.Clarification001RangeEOFTests.test_c09_content_length_span_mismatch_rejected) ... ok
test_c10_body_shorter_than_declared_rejected_and_charged (test_physical_contract_probe.Clarification001RangeEOFTests.test_c10_body_shorter_than_declared_rejected_and_charged) ... ok
test_c11_body_longer_than_declared_rejected_and_charged (test_physical_contract_probe.Clarification001RangeEOFTests.test_c11_body_longer_than_declared_rejected_and_charged) ... ok
test_c12_head_length_and_range_total_must_match (test_physical_contract_probe.Clarification001RangeEOFTests.test_c12_head_length_and_range_total_must_match) ... ok
test_c13_etag_drift_rejected (test_physical_contract_probe.Clarification001RangeEOFTests.test_c13_etag_drift_rejected) ... ok
test_c14_last_modified_drift_rejected (test_physical_contract_probe.Clarification001RangeEOFTests.test_c14_last_modified_drift_rejected) ... ok
test_c15_no_next_request_when_start_at_or_beyond_known_eof (test_physical_contract_probe.Clarification001RangeEOFTests.test_c15_no_next_request_when_start_at_or_beyond_known_eof) ... ok
test_c16_next_request_remains_literal_when_start_before_eof (test_physical_contract_probe.Clarification001RangeEOFTests.test_c16_next_request_remains_literal_when_start_before_eof) ... ok
test_c17_wildcard_total_rejected (test_physical_contract_probe.Clarification001RangeEOFTests.test_c17_wildcard_total_rejected) ... ok
test_c18_zero_negative_nondecimal_and_overflow_totals_rejected (test_physical_contract_probe.Clarification001RangeEOFTests.test_c18_zero_negative_nondecimal_and_overflow_totals_rejected) ... ok
test_c19_eof_before_uncompressed_header_is_partial_without_next_request (test_physical_contract_probe.Clarification001RangeEOFTests.test_c19_eof_before_uncompressed_header_is_partial_without_next_request) ... ok
test_c20_eof_before_gzip_header_is_partial_without_next_request (test_physical_contract_probe.Clarification001RangeEOFTests.test_c20_eof_before_gzip_header_is_partial_without_next_request) ... ok
test_c21_patch_eof_short_keeps_post_header_canary_opaque (test_physical_contract_probe.Clarification001RangeEOFTests.test_c21_patch_eof_short_keeps_post_header_canary_opaque) ... ok
test_c22_gzip_eof_short_preserves_output_firewall (test_physical_contract_probe.Clarification001RangeEOFTests.test_c22_gzip_eof_short_preserves_output_firewall) ... ok
test_c23_eof_short_accounting_uses_actual_received_bytes (test_physical_contract_probe.Clarification001RangeEOFTests.test_c23_eof_short_accounting_uses_actual_received_bytes) ... ok
test_c24_unused_reservation_is_not_request_credit (test_physical_contract_probe.Clarification001RangeEOFTests.test_c24_unused_reservation_is_not_request_credit) ... ok
test_c25_post_reservation_crash_retains_full_conservative_charge (test_physical_contract_probe.Clarification001RangeEOFTests.test_c25_post_reservation_crash_retains_full_conservative_charge) ... ok
test_c26_range_200_behavior_unchanged (test_physical_contract_probe.Clarification001RangeEOFTests.test_c26_range_200_behavior_unchanged) ... ok
test_c27_range_416_behavior_unchanged (test_physical_contract_probe.Clarification001RangeEOFTests.test_c27_range_416_behavior_unchanged) ... ok
test_c28_terminal_precedence_unchanged_with_eof_event (test_physical_contract_probe.Clarification001RangeEOFTests.test_c28_terminal_precedence_unchanged_with_eof_event) ... ok
test_c29_exact_second_range_eof_edge_is_full (test_physical_contract_probe.Clarification001RangeEOFTests.test_c29_exact_second_range_eof_edge_is_full) ... ok
test_c30_binding_identity_includes_clarification (test_physical_contract_probe.Clarification001RangeEOFTests.test_c30_binding_identity_includes_clarification) ... ok
test_c31_identity_drift_between_range_responses_rejected (test_physical_contract_probe.Clarification001RangeEOFTests.test_c31_identity_drift_between_range_responses_rejected) ... ok
test_52_primary_naxis_zero_and_bintable (test_physical_contract_probe.FITSAndGzipTests.test_52_primary_naxis_zero_and_bintable) ... ok
test_53_intervening_nonzero_payload_stops (test_physical_contract_probe.FITSAndGzipTests.test_53_intervening_nonzero_payload_stops) ... ok
test_54_bintable_column_order (test_physical_contract_probe.FITSAndGzipTests.test_54_bintable_column_order) ... ok
test_55_tform_scalar_types (test_physical_contract_probe.FITSAndGzipTests.test_55_tform_scalar_types) ... ok
test_56_tform_vector_types (test_physical_contract_probe.FITSAndGzipTests.test_56_tform_vector_types) ... ok
test_57_column_metadata (test_physical_contract_probe.FITSAndGzipTests.test_57_column_metadata) ... ok
test_58_checksum_datasum_unverified (test_physical_contract_probe.FITSAndGzipTests.test_58_checksum_datasum_unverified) ... ok
test_59_malformed_header_rejected (test_physical_contract_probe.FITSAndGzipTests.test_59_malformed_header_rejected) ... ok
test_60_missing_end_requires_more_and_never_reads_rows (test_physical_contract_probe.FITSAndGzipTests.test_60_missing_end_requires_more_and_never_reads_rows) ... ok
test_61_arithmetic_overflow_rejected (test_physical_contract_probe.FITSAndGzipTests.test_61_arithmetic_overflow_rejected) ... ok
test_62_patch_header_only_and_canary_absent (test_physical_contract_probe.FITSAndGzipTests.test_62_patch_header_only_and_canary_absent) ... ok
test_63_patch_post_boundary_opaque (test_physical_contract_probe.FITSAndGzipTests.test_63_patch_post_boundary_opaque) ... ok
test_64_gzip_one_chunk_exact_boundary (test_physical_contract_probe.FITSAndGzipTests.test_64_gzip_one_chunk_exact_boundary) ... ok
test_65_gzip_multi_chunk_header (test_physical_contract_probe.FITSAndGzipTests.test_65_gzip_multi_chunk_header) ... ok
test_66_gzip_row_canary_never_emitted (test_physical_contract_probe.FITSAndGzipTests.test_66_gzip_row_canary_never_emitted) ... ok
test_67_gzip_post_header_attempt_tripwire (test_physical_contract_probe.FITSAndGzipTests.test_67_gzip_post_header_attempt_tripwire) ... ok
test_68_gzip_resume_reconstruction (test_physical_contract_probe.FITSAndGzipTests.test_68_gzip_resume_reconstruction) ... ok
test_15_ledger_binding_required_fields (test_physical_contract_probe.LedgerLimitResumeTests.test_15_ledger_binding_required_fields) ... ok
test_16_ledger_reservation_precedes_transport (test_physical_contract_probe.LedgerLimitResumeTests.test_16_ledger_reservation_precedes_transport) ... ok
test_17_head_accounting_no_body (test_physical_contract_probe.LedgerLimitResumeTests.test_17_head_accounting_no_body) ... ok
test_18_request_cap (test_physical_contract_probe.LedgerLimitResumeTests.test_18_request_cap) ... ok
test_19_concurrency_one (test_physical_contract_probe.LedgerLimitResumeTests.test_19_concurrency_one) ... ok
test_20_per_resource_256kib_cap (test_physical_contract_probe.LedgerLimitResumeTests.test_20_per_resource_256kib_cap) ... ok
test_21_global_one_mib_fits_cap (test_physical_contract_probe.LedgerLimitResumeTests.test_21_global_one_mib_fits_cap) ... ok
test_22_total_nine_mib_cap (test_physical_contract_probe.LedgerLimitResumeTests.test_22_total_nine_mib_cap) ... ok
test_23_manifest_eight_mib_cap (test_physical_contract_probe.LedgerLimitResumeTests.test_23_manifest_eight_mib_cap) ... ok
test_24_disk_and_io_caps (test_physical_contract_probe.LedgerLimitResumeTests.test_24_disk_and_io_caps) ... ok
test_25_limits_cannot_increase (test_physical_contract_probe.LedgerLimitResumeTests.test_25_limits_cannot_increase) ... ok
test_26_lower_limits_allowed (test_physical_contract_probe.LedgerLimitResumeTests.test_26_lower_limits_allowed) ... ok
test_27_failed_partial_bytes_charged (test_physical_contract_probe.LedgerLimitResumeTests.test_27_failed_partial_bytes_charged) ... ok
test_28_retry_exact_identity (test_physical_contract_probe.LedgerLimitResumeTests.test_28_retry_exact_identity) ... ok
test_29_retry_different_range_rejected (test_physical_contract_probe.LedgerLimitResumeTests.test_29_retry_different_range_rejected) ... ok
test_30_retry_limit (test_physical_contract_probe.LedgerLimitResumeTests.test_30_retry_limit) ... ok
test_31_resume_verified_chunks_contiguous (test_physical_contract_probe.LedgerLimitResumeTests.test_31_resume_verified_chunks_contiguous) ... ok
test_32_resume_gap_not_reused (test_physical_contract_probe.LedgerLimitResumeTests.test_32_resume_gap_not_reused) ... ok
test_33_resume_corrupt_chunk_rejected (test_physical_contract_probe.LedgerLimitResumeTests.test_33_resume_corrupt_chunk_rejected) ... ok
test_34_pre_commit_crash_rolls_back (test_physical_contract_probe.LedgerLimitResumeTests.test_34_pre_commit_crash_rolls_back) ... ok
test_35_post_commit_crash_is_recoverable_and_charged (test_physical_contract_probe.LedgerLimitResumeTests.test_35_post_commit_crash_is_recoverable_and_charged) ... ok
test_69_checksum_exact_entry (test_physical_contract_probe.ManifestContractTripwireOutcomeTests.test_69_checksum_exact_entry) ... ok
test_70_checksum_duplicate_rejected (test_physical_contract_probe.ManifestContractTripwireOutcomeTests.test_70_checksum_duplicate_rejected) ... ok
test_71_checksum_missing_rejected (test_physical_contract_probe.ManifestContractTripwireOutcomeTests.test_71_checksum_missing_rejected) ... ok
test_72_checksum_malformed_rejected (test_physical_contract_probe.ManifestContractTripwireOutcomeTests.test_72_checksum_malformed_rejected) ... ok
test_73_checksum_documentary_mismatch (test_physical_contract_probe.ManifestContractTripwireOutcomeTests.test_73_checksum_documentary_mismatch) ... ok
test_74_checksum_ambiguous_basename (test_physical_contract_probe.ManifestContractTripwireOutcomeTests.test_74_checksum_ambiguous_basename) ... ok
test_75_patch_checksum_absent_explicit (test_physical_contract_probe.ManifestContractTripwireOutcomeTests.test_75_patch_checksum_absent_explicit) ... ok
test_76_brickid_documented_support (test_physical_contract_probe.ManifestContractTripwireOutcomeTests.test_76_brickid_documented_support) ... ok
test_77_brickid_structural_conflict (test_physical_contract_probe.ManifestContractTripwireOutcomeTests.test_77_brickid_structural_conflict) ... ok
test_78_brickid_unresolved_missing (test_physical_contract_probe.ManifestContractTripwireOutcomeTests.test_78_brickid_unresolved_missing) ... ok
test_79_brickid_unresolved_ambiguous (test_physical_contract_probe.ManifestContractTripwireOutcomeTests.test_79_brickid_unresolved_ambiguous) ... ok
test_80_contract_canonicalization_deterministic (test_physical_contract_probe.ManifestContractTripwireOutcomeTests.test_80_contract_canonicalization_deterministic) ... ok
test_81_contract_has_no_row_values (test_physical_contract_probe.ManifestContractTripwireOutcomeTests.test_81_contract_has_no_row_values) ... ok
test_82_transport_and_contract_models_distinct (test_physical_contract_probe.ManifestContractTripwireOutcomeTests.test_82_transport_and_contract_models_distinct) ... ok
test_83_all_row_tripwires_fail (test_physical_contract_probe.ManifestContractTripwireOutcomeTests.test_83_all_row_tripwires_fail) ... ok
test_84_probe_module_has_no_forbidden_imports (test_physical_contract_probe.ManifestContractTripwireOutcomeTests.test_84_probe_module_has_no_forbidden_imports) ... ok
test_85_no_canary_in_errors_or_contract (test_physical_contract_probe.ManifestContractTripwireOutcomeTests.test_85_no_canary_in_errors_or_contract) ... ok
test_86_terminal_precedence_exact (test_physical_contract_probe.ManifestContractTripwireOutcomeTests.test_86_terminal_precedence_exact) ... ok
test_87_partial_precedes_resolved (test_physical_contract_probe.ManifestContractTripwireOutcomeTests.test_87_partial_precedes_resolved) ... ok
test_88_no_production_directories_mutated (test_physical_contract_probe.ManifestContractTripwireOutcomeTests.test_88_no_production_directories_mutated) ... ok
test_89_single_audited_probe_attempt_is_preserved_immutably (test_physical_contract_probe.ManifestContractTripwireOutcomeTests.test_89_single_audited_probe_attempt_is_preserved_immutably) ... ok
test_90_offline_transport_has_no_capability (test_physical_contract_probe.ManifestContractTripwireOutcomeTests.test_90_offline_transport_has_no_capability) ... ok
test_91_runtime_wall_cap (test_physical_contract_probe.ManifestContractTripwireOutcomeTests.test_91_runtime_wall_cap) ... ok
test_92_full_synthetic_execution_resolves_without_rows (test_physical_contract_probe.ManifestContractTripwireOutcomeTests.test_92_full_synthetic_execution_resolves_without_rows) ... ok
test_93_full_synthetic_transport_failure_has_one_terminal (test_physical_contract_probe.ManifestContractTripwireOutcomeTests.test_93_full_synthetic_transport_failure_has_one_terminal) ... ok
test_36_accept_ranges_yes (test_physical_contract_probe.TransportRangeTests.test_36_accept_ranges_yes) ... ok
test_37_accept_ranges_absent (test_physical_contract_probe.TransportRangeTests.test_37_accept_ranges_absent) ... ok
test_38_accept_ranges_none_stops (test_physical_contract_probe.TransportRangeTests.test_38_accept_ranges_none_stops) ... ok
test_39_exact_first_range (test_physical_contract_probe.TransportRangeTests.test_39_exact_first_range) ... ok
test_40_out_of_order_range_rejected (test_physical_contract_probe.TransportRangeTests.test_40_out_of_order_range_rejected) ... ok
test_41_four_chunk_cap (test_physical_contract_probe.TransportRangeTests.test_41_four_chunk_cap) ... ok
test_42_206_required (test_physical_contract_probe.TransportRangeTests.test_42_206_required) ... ok
test_43_200_to_range_stop_without_body_read (test_physical_contract_probe.TransportRangeTests.test_43_200_to_range_stop_without_body_read) ... ok
test_44_416_to_range_stop (test_physical_contract_probe.TransportRangeTests.test_44_416_to_range_stop) ... ok
test_45_content_range_start_mismatch (test_physical_contract_probe.TransportRangeTests.test_45_content_range_start_mismatch) ... ok
test_46_content_range_end_mismatch (test_physical_contract_probe.TransportRangeTests.test_46_content_range_end_mismatch) ... ok
test_47_total_length_inconsistency (test_physical_contract_probe.TransportRangeTests.test_47_total_length_inconsistency) ... ok
test_48_head_total_length_inconsistency (test_physical_contract_probe.TransportRangeTests.test_48_head_total_length_inconsistency) ... ok
test_49_content_encoding_mutation_rejected (test_physical_contract_probe.TransportRangeTests.test_49_content_encoding_mutation_rejected) ... ok
test_50_redirect_rejected (test_physical_contract_probe.TransportRangeTests.test_50_redirect_rejected) ... ok
test_51_partial_body_is_charged (test_physical_contract_probe.TransportRangeTests.test_51_partial_body_is_charged) ... ok
test_51b_head_redirect_status_rejected (test_physical_contract_probe.TransportRangeTests.test_51b_head_redirect_status_rejected) ... ok
test_001_frozen_authority_hashes_and_terminology_binding (test_preprocessing_invariance_perturbation_pilot.PerturbationPilotTests.test_001_frozen_authority_hashes_and_terminology_binding) ... ok
test_002_exact_branch_classification (test_preprocessing_invariance_perturbation_pilot.PerturbationPilotTests.test_002_exact_branch_classification) ... ok
test_003_exact_float32_constants_and_bits (test_preprocessing_invariance_perturbation_pilot.PerturbationPilotTests.test_003_exact_float32_constants_and_bits) ... ok
test_004_b01_inverse_behavior_and_float32_dtype (test_preprocessing_invariance_perturbation_pilot.PerturbationPilotTests.test_004_b01_inverse_behavior_and_float32_dtype) ... ok
test_005_b02_exact_offsets_change_zero_and_round_trip_is_measured (test_preprocessing_invariance_perturbation_pilot.PerturbationPilotTests.test_005_b02_exact_offsets_change_zero_and_round_trip_is_measured) ... ok
test_006_b03_scale_is_band_global_and_not_slot_dependent (test_preprocessing_invariance_perturbation_pilot.PerturbationPilotTests.test_006_b03_scale_is_band_global_and_not_slot_dependent) ... ok
test_007_scalar_transform_preserves_non_native_byte_order (test_preprocessing_invariance_perturbation_pilot.PerturbationPilotTests.test_007_scalar_transform_preserves_non_native_byte_order) ... ok
test_008_finite_overflow_fails_closed_without_clipping (test_preprocessing_invariance_perturbation_pilot.PerturbationPilotTests.test_008_finite_overflow_fails_closed_without_clipping) ... ok
test_009_exact_rotation_affines (test_preprocessing_invariance_perturbation_pilot.PerturbationPilotTests.test_009_exact_rotation_affines) ... ok
test_010_exact_reflection_affines (test_preprocessing_invariance_perturbation_pilot.PerturbationPilotTests.test_010_exact_reflection_affines) ... ok
test_011_rotation_and_reflection_inverse_is_bitwise (test_preprocessing_invariance_perturbation_pilot.PerturbationPilotTests.test_011_rotation_and_reflection_inverse_is_bitwise) ... ok
test_012_synchronized_thirteen_map_permutation (test_preprocessing_invariance_perturbation_pilot.PerturbationPilotTests.test_012_synchronized_thirteen_map_permutation) ... ok
test_013_nan_payload_is_preserved_by_permutation (test_preprocessing_invariance_perturbation_pilot.PerturbationPilotTests.test_013_nan_payload_is_preserved_by_permutation) ... ok
test_014_signed_zero_is_preserved_by_permutation (test_preprocessing_invariance_perturbation_pilot.PerturbationPilotTests.test_014_signed_zero_is_preserved_by_permutation) ... ok
test_015_wcs_affine_adapter_uses_nine_points_and_frozen_tolerance (test_preprocessing_invariance_perturbation_pilot.PerturbationPilotTests.test_015_wcs_affine_adapter_uses_nine_points_and_frozen_tolerance) ... ok
test_016_psf_limitation_is_exact (test_preprocessing_invariance_perturbation_pilot.PerturbationPilotTests.test_016_psf_limitation_is_exact) ... ok
test_017_canonical_npy_and_independent_hash_verification (test_preprocessing_invariance_perturbation_pilot.PerturbationPilotTests.test_017_canonical_npy_and_independent_hash_verification) ... ok
test_018_nexp_mapping_is_regenerated_from_frozen_rows (test_preprocessing_invariance_perturbation_pilot.PerturbationPilotTests.test_018_nexp_mapping_is_regenerated_from_frozen_rows) ... ok
test_019_information_loss_register_is_complete_and_neutral (test_preprocessing_invariance_perturbation_pilot.PerturbationPilotTests.test_019_information_loss_register_is_complete_and_neutral) ... ok
test_020_reserved_and_blocked_branches_create_no_executable_variant (test_preprocessing_invariance_perturbation_pilot.PerturbationPilotTests.test_020_reserved_and_blocked_branches_create_no_executable_variant) ... ok
test_021_metric_schema_is_closed_and_has_no_scientific_convenience_metrics (test_preprocessing_invariance_perturbation_pilot.PerturbationPilotTests.test_021_metric_schema_is_closed_and_has_no_scientific_convenience_metrics) ... ok
test_022_validate_inputs_decodes_no_array (test_preprocessing_invariance_perturbation_pilot.PerturbationPilotTests.test_022_validate_inputs_decodes_no_array) ... ok
test_023_complete_synthetic_publication_has_exact_inventory_and_is_immutable (test_preprocessing_invariance_perturbation_pilot.PerturbationPilotTests.test_023_complete_synthetic_publication_has_exact_inventory_and_is_immutable) ... ok
test_024_complete_synthetic_metrics_and_register_counts (test_preprocessing_invariance_perturbation_pilot.PerturbationPilotTests.test_024_complete_synthetic_metrics_and_register_counts) ... ok
test_025_second_or_partial_execution_is_refused_before_input_work (test_preprocessing_invariance_perturbation_pilot.PerturbationPilotTests.test_025_second_or_partial_execution_is_refused_before_input_work) ... ok
test_026_failure_does_not_publish_successful_subset (test_preprocessing_invariance_perturbation_pilot.PerturbationPilotTests.test_026_failure_does_not_publish_successful_subset) ... ok
test_027_cli_exposes_only_offline_validation_and_explicit_execution (test_preprocessing_invariance_perturbation_pilot.PerturbationPilotTests.test_027_cli_exposes_only_offline_validation_and_explicit_execution) ... ok
test_028_cli_validation_is_compact_and_offline (test_preprocessing_invariance_perturbation_pilot.PerturbationPilotTests.test_028_cli_validation_is_compact_and_offline) ... ok
test_029_source_has_no_network_visualization_or_model_stack (test_preprocessing_invariance_perturbation_pilot.PerturbationPilotTests.test_029_source_has_no_network_visualization_or_model_stack) ... ok
test_030_source_has_no_location_change_or_parent_coadd_access (test_preprocessing_invariance_perturbation_pilot.PerturbationPilotTests.test_030_source_has_no_location_change_or_parent_coadd_access) ... ok
test_031_production_plan_validates_exact_inventory_without_array_decode (test_preprocessing_invariance_perturbation_pilot.PerturbationPilotTests.test_031_production_plan_validates_exact_inventory_without_array_decode) ... ok
test_032_production_wcs_is_synchronized_within_every_slot (test_preprocessing_invariance_perturbation_pilot.PerturbationPilotTests.test_032_production_wcs_is_synchronized_within_every_slot) ... ok
test_033_expected_array_arithmetic_is_exactly_480 (test_preprocessing_invariance_perturbation_pilot.PerturbationPilotTests.test_033_expected_array_arithmetic_is_exactly_480) ... ok
test_01_frozen_two_bricks (test_resource_contract.ResourceContractTests.test_01_frozen_two_bricks) ... ok
test_02_exact_14_aux_and_12_future (test_resource_contract.ResourceContractTests.test_02_exact_14_aux_and_12_future) ... ok
test_03_exact_aux_order (test_resource_contract.ResourceContractTests.test_03_exact_aux_order) ... ok
test_04_filename_families (test_resource_contract.ResourceContractTests.test_04_filename_families) ... ok
test_05_aaa_and_url_initially_unresolved (test_resource_contract.ResourceContractTests.test_05_aaa_and_url_initially_unresolved) ... ok
test_06_documented_and_observed_states (test_resource_contract.ResourceContractTests.test_06_documented_and_observed_states) ... ok
test_07_image_primary_rule (test_resource_contract.ResourceContractTests.test_07_image_primary_rule) ... ok
test_08_maskbits_hdu1_optical (test_resource_contract.ResourceContractTests.test_08_maskbits_hdu1_optical) ... ok
test_09_three_products_hdu_unresolved (test_resource_contract.ResourceContractTests.test_09_three_products_hdu_unresolved) ... ok
test_10_compressed_physical_mapping_observed (test_resource_contract.ResourceContractTests.test_10_compressed_physical_mapping_observed) ... ok
test_11_probe_decodes_no_science_pixels (test_resource_contract.ResourceContractTests.test_11_probe_decodes_no_science_pixels) ... ok
test_12_all_heads_before_ranges (test_resource_contract.ResourceContractTests.test_12_all_heads_before_ranges) ... ok
test_13_probe_has_no_bulk_get (test_resource_contract.ResourceContractTests.test_13_probe_has_no_bulk_get) ... ok
test_14_range_must_be_exact_206 (test_resource_contract.ResourceContractTests.test_14_range_must_be_exact_206) ... ok
test_15_binding_rejects_unverified_aaa (test_resource_contract.ResourceContractTests.test_15_binding_rejects_unverified_aaa) ... ok
test_16_binding_rejects_wrong_url_path (test_resource_contract.ResourceContractTests.test_16_binding_rejects_wrong_url_path) ... ok
test_17_imported_global_accounting (test_resource_contract.ResourceContractTests.test_17_imported_global_accounting) ... ok
test_18_insufficient_budget_fails_before_get (test_resource_contract.ResourceContractTests.test_18_insufficient_budget_fails_before_get) ... ok
test_19_exact_acquisition_order_and_publication (test_resource_contract.ResourceContractTests.test_19_exact_acquisition_order_and_publication) ... ok
test_20_partial_failure_requires_resume_authorization (test_resource_contract.ResourceContractTests.test_20_partial_failure_requires_resume_authorization) ... ok
test_21_resume_requires_sealed_resume_flag (test_resource_contract.ResourceContractTests.test_21_resume_requires_sealed_resume_flag) ... ok
test_22_grid_wcs_mismatch_fails_without_resampling (test_resource_contract.ResourceContractTests.test_22_grid_wcs_mismatch_fails_without_resampling) ... ok
test_23_no_location_selection_in_contract_or_terminal (test_resource_contract.ResourceContractTests.test_23_no_location_selection_in_contract_or_terminal) ... ok
test_24_dry_run_zero_network_and_exact_inventory (test_resource_contract.ResourceContractTests.test_24_dry_run_zero_network_and_exact_inventory) ... ok
test_25_cli_help_and_dry_run (test_resource_contract.ResourceContractTests.test_25_cli_help_and_dry_run) ... ok
test_26_schema_is_closed (test_resource_contract.ResourceContractTests.test_26_schema_is_closed) ... ok
test_27_probe_runtime_cap_stops_before_excess_request (test_resource_contract.ResourceContractTests.test_27_probe_runtime_cap_stops_before_excess_request) ... ok
test_01_binding_and_cumulative_counters (test_resource_contract_probe002.Probe002Tests.test_01_binding_and_cumulative_counters) ... ok
test_02_counter_reset_rejected (test_resource_contract_probe002.Probe002Tests.test_02_counter_reset_rejected) ... ok
test_03_head_checkpoints_survive_later_failure (test_resource_contract_probe002.Probe002Tests.test_03_head_checkpoints_survive_later_failure) ... ok
test_04_completed_checkpoint_survives_later_failure (test_resource_contract_probe002.Probe002Tests.test_04_completed_checkpoint_survives_later_failure) ... ok
test_05_seven_plus_blocks_resolve (test_resource_contract_probe002.Probe002Tests.test_05_seven_plus_blocks_resolve) ... ok
test_06_end_stops_before_next_range (test_resource_contract_probe002.Probe002Tests.test_06_end_stops_before_next_range) ... ok
test_07_first_data_block_never_requested (test_resource_contract_probe002.Probe002Tests.test_07_first_data_block_never_requested) ... ok
test_08_non_206_rejected (test_resource_contract_probe002.Probe002Tests.test_08_non_206_rejected) ... ok
test_09_wrong_content_range_rejected (test_resource_contract_probe002.Probe002Tests.test_09_wrong_content_range_rejected) ... ok
test_10_local_136_request_ceiling (test_resource_contract_probe002.Probe002Tests.test_10_local_136_request_ceiling) ... ok
test_11_global_200_request_ceiling (test_resource_contract_probe002.Probe002Tests.test_11_global_200_request_ceiling) ... ok
test_12_per_resource_cap_identifies_resource (test_resource_contract_probe002.Probe002Tests.test_12_per_resource_cap_identifies_resource) ... ok
test_13_partial_aggregate_checkpoint_sha_usable (test_resource_contract_probe002.Probe002Tests.test_13_partial_aggregate_checkpoint_sha_usable) ... ok
test_14_success_has_no_bulk_get_or_pixel_decode (test_resource_contract_probe002.Probe002Tests.test_14_success_has_no_bulk_get_or_pixel_decode) ... ok
test_15_probe001_evidence_untouched (test_resource_contract_probe002.Probe002Tests.test_15_probe001_evidence_untouched) ... ok
test_16_dry_run_exact_zero_network (test_resource_contract_probe002.Probe002Tests.test_16_dry_run_exact_zero_network) ... ok
test_17_cli_dry_run (test_resource_contract_probe002.Probe002Tests.test_17_cli_dry_run) ... ok
test_candidate_commands_aggregate_and_zero_observation (test_source_metadata_acquisition_pilot.BootstrapGovernanceTests.test_candidate_commands_aggregate_and_zero_observation) ... ok
test_closed_predecessor_governor_is_terminal_and_inactive (test_source_metadata_acquisition_pilot.BootstrapGovernanceTests.test_closed_predecessor_governor_is_terminal_and_inactive) ... ok
test_no_scientific_topology_algorithm_in_acquisition_module (test_source_metadata_acquisition_pilot.BootstrapGovernanceTests.test_no_scientific_topology_algorithm_in_acquisition_module) ... ok
test_policy_core_has_single_use_and_terminal_finalization (test_source_metadata_acquisition_pilot.BootstrapGovernanceTests.test_policy_core_has_single_use_and_terminal_finalization) ... ok
test_predecessor_exact_bindings_and_terminal_commit (test_source_metadata_acquisition_pilot.BootstrapGovernanceTests.test_predecessor_exact_bindings_and_terminal_commit) ... ok
test_synthetic_governed_lifecycle_consumes_capability_before_transport (test_source_metadata_acquisition_pilot.BootstrapGovernanceTests.test_synthetic_governed_lifecycle_consumes_capability_before_transport) ... ok
test_documentary_record_is_offline_and_transport_only (test_source_metadata_acquisition_pilot.FrozenContractTests.test_documentary_record_is_offline_and_transport_only) ... ok
test_exact_endpoint_token_transport_and_caps (test_source_metadata_acquisition_pilot.FrozenContractTests.test_exact_endpoint_token_transport_and_caps) ... ok
test_exact_five_queries_hashes_and_urls (test_source_metadata_acquisition_pilot.FrozenContractTests.test_exact_five_queries_hashes_and_urls) ... ok
test_forbidden_query_families_and_holdout_fail_closed (test_source_metadata_acquisition_pilot.FrozenContractTests.test_forbidden_query_families_and_holdout_fail_closed) ... ok
test_frame_binding_targets_holdouts_and_brick_map (test_source_metadata_acquisition_pilot.FrozenContractTests.test_frame_binding_targets_holdouts_and_brick_map) ... ok
test_projection_and_top_are_literal (test_source_metadata_acquisition_pilot.FrozenContractTests.test_projection_and_top_are_literal) ... ok
test_target_holdout_literals_are_exact_disjoint_and_sorted (test_source_metadata_acquisition_pilot.FrozenContractTests.test_target_holdout_literals_are_exact_disjoint_and_sorted) ... ok
test_count_parsing_zero_fill_duplicates_holdout_and_unexpected (test_source_metadata_acquisition_pilot.GateAndCsvTests.test_count_parsing_zero_fill_duplicates_holdout_and_unexpected) ... ok
test_duplicate_decreasing_count_mismatch_and_top_overflow (test_source_metadata_acquisition_pilot.GateAndCsvTests.test_duplicate_decreasing_count_mismatch_and_top_overflow) ... ok
test_ivar_classification_exact (test_source_metadata_acquisition_pilot.GateAndCsvTests.test_ivar_classification_exact) ... ok
test_resource_bound_stops_rows_without_substitution (test_source_metadata_acquisition_pilot.GateAndCsvTests.test_resource_bound_stops_rows_without_substitution) ... ok
test_row_header_identity_brick_primary_and_coordinate_failures (test_source_metadata_acquisition_pilot.GateAndCsvTests.test_row_header_identity_brick_primary_and_coordinate_failures) ... ok
test_schema_18_row_gate_and_datatype_allowlists (test_source_metadata_acquisition_pilot.GateAndCsvTests.test_schema_18_row_gate_and_datatype_allowlists) ... ok
test_schema_before_counts_and_both_counts_before_rows (test_source_metadata_acquisition_pilot.GateAndCsvTests.test_schema_before_counts_and_both_counts_before_rows) ... ok
test_schema_header_duplicate_and_missing_fail (test_source_metadata_acquisition_pilot.GateAndCsvTests.test_schema_header_duplicate_and_missing_fail) ... ok
test_valid_rows_brick_crosscheck_counts_order_coordinates_and_ivars (test_source_metadata_acquisition_pilot.GateAndCsvTests.test_valid_rows_brick_crosscheck_counts_order_coordinates_and_ivars) ... ok
test_body_cap_failure_charges_all_bytes_read (test_source_metadata_acquisition_pilot.TransportAndWorkerTests.test_body_cap_failure_charges_all_bytes_read) ... ok
test_direct_worker_without_capability_fails_before_network (test_source_metadata_acquisition_pilot.TransportAndWorkerTests.test_direct_worker_without_capability_fails_before_network) ... ok
test_redirect_auth_final_url_and_retry_zero (test_source_metadata_acquisition_pilot.TransportAndWorkerTests.test_redirect_auth_final_url_and_retry_zero) ... ok
test_request_intent_is_durable_before_transport (test_source_metadata_acquisition_pilot.TransportAndWorkerTests.test_request_intent_is_durable_before_transport) ... ok
test_supervisor_preserves_worker_failure_evidence (test_source_metadata_acquisition_pilot.TransportAndWorkerTests.test_supervisor_preserves_worker_failure_evidence) ... ok
test_terminal_taxonomy_is_separate (test_source_metadata_acquisition_pilot.TransportAndWorkerTests.test_terminal_taxonomy_is_separate) ... ok
test_worker_count_resource_bound_stops_after_three_requests (test_source_metadata_acquisition_pilot.TransportAndWorkerTests.test_worker_count_resource_bound_stops_after_three_requests) ... ok
test_worker_full_empty_populations_uses_exact_five_request_order (test_source_metadata_acquisition_pilot.TransportAndWorkerTests.test_worker_full_empty_populations_uses_exact_five_request_order) ... ok
test_already_consumed_capability_fails_without_network (test_source_metadata_acquisition_pilot.WorkerCapabilityTests.test_already_consumed_capability_fails_without_network) ... ok
test_invalid_capability_matrix_fails_without_network (test_source_metadata_acquisition_pilot.WorkerCapabilityTests.test_invalid_capability_matrix_fails_without_network) ... ok
test_structural_order_has_no_transport_before_capability_consumption (test_source_metadata_acquisition_pilot.WorkerCapabilityTests.test_structural_order_has_no_transport_before_capability_consumption) ... ok
test_valid_capability_consumes_once_before_any_transport (test_source_metadata_acquisition_pilot.WorkerCapabilityTests.test_valid_capability_consumes_once_before_any_transport) ... ok
test_closed_predecessor_exact_bindings (test_source_metadata_autonomous_recovery.FrozenRecoveryContractTests.test_closed_predecessor_exact_bindings) ... ok
test_first_candidate_preserves_exact_schema_semantics_and_material_zero (test_source_metadata_autonomous_recovery.FrozenRecoveryContractTests.test_first_candidate_preserves_exact_schema_semantics_and_material_zero) ... ok
test_preauthorization_state_contract_is_distinct (test_source_metadata_autonomous_recovery.FrozenRecoveryContractTests.test_preauthorization_state_contract_is_distinct) ... ok
test_run_002_postauthorization_terminal_state_is_explicit (test_source_metadata_autonomous_recovery.FrozenRecoveryContractTests.test_run_002_postauthorization_terminal_state_is_explicit) ... ok
test_scientific_invariant_query_and_holdout_mutations_fail (test_source_metadata_autonomous_recovery.FrozenRecoveryContractTests.test_scientific_invariant_query_and_holdout_mutations_fail) ... ok
test_synthetic_representation_classifier_never_returns_schema_rows (test_source_metadata_autonomous_recovery.FrozenRecoveryContractTests.test_synthetic_representation_classifier_never_returns_schema_rows) ... ok
test_candidate_factory_binds_parent_and_mismatch_fails (test_source_metadata_autonomous_recovery.PatchAndFactoryTests.test_candidate_factory_binds_parent_and_mismatch_fails) ... ok
test_each_network_action_has_distinct_permit_and_capability_paths (test_source_metadata_autonomous_recovery.PatchAndFactoryTests.test_each_network_action_has_distinct_permit_and_capability_paths) ... ok
test_generation_cap_rejected_by_candidate_validator (test_source_metadata_autonomous_recovery.PatchAndFactoryTests.test_generation_cap_rejected_by_candidate_validator) ... ok
test_permit_and_capability_are_single_use (test_source_metadata_autonomous_recovery.PatchAndFactoryTests.test_permit_and_capability_are_single_use) ... ok
test_policy_core_and_immutable_mutations_fail_patch (test_source_metadata_autonomous_recovery.PatchAndFactoryTests.test_policy_core_and_immutable_mutations_fail_patch) ... ok
test_technical_adapter_only_patch_passes (test_source_metadata_autonomous_recovery.PatchAndFactoryTests.test_technical_adapter_only_patch_passes) ... ok
test_code_repair_generation_cap_stops (test_source_metadata_autonomous_recovery.RecoveryPolicyTests.test_code_repair_generation_cap_stops) ... ok
test_credentials_require_human_stop (test_source_metadata_autonomous_recovery.RecoveryPolicyTests.test_credentials_require_human_stop) ... ok
test_failure_loop_replay_stops_without_fourth_candidate (test_source_metadata_autonomous_recovery.RecoveryPolicyTests.test_failure_loop_replay_stops_without_fourth_candidate) ... ok
test_generation_cap_and_technical_budget_exhaustion_stop (test_source_metadata_autonomous_recovery.RecoveryPolicyTests.test_generation_cap_and_technical_budget_exhaustion_stop) ... ok
test_observed_html_failure_replay_routes_to_diagnostic (test_source_metadata_autonomous_recovery.RecoveryPolicyTests.test_observed_html_failure_replay_routes_to_diagnostic) ... ok
test_recoverable_action_does_not_finalize_mission (test_source_metadata_autonomous_recovery.RecoveryPolicyTests.test_recoverable_action_does_not_finalize_mission) ... ok
test_resource_bound_action_finalizes (test_source_metadata_autonomous_recovery.RecoveryPolicyTests.test_resource_bound_action_finalizes) ... ok
test_same_failure_class_loop_limit_stops_third_occurrence (test_source_metadata_autonomous_recovery.RecoveryPolicyTests.test_same_failure_class_loop_limit_stops_third_occurrence) ... ok
test_scientific_integrity_failure_does_not_relax (test_source_metadata_autonomous_recovery.RecoveryPolicyTests.test_scientific_integrity_failure_does_not_relax) ... ok
test_successful_multi_recovery_replay_finalizes_only_after_success (test_source_metadata_autonomous_recovery.RecoveryPolicyTests.test_successful_multi_recovery_replay_finalizes_only_after_success) ... ok
test_technical_and_material_accounting_are_separate (test_source_metadata_autonomous_recovery.RecoveryPolicyTests.test_technical_and_material_accounting_are_separate) ... ok
test_bound_input_hashes (test_source_metadata_descriptive_pilot.SourceMetadataBootstrapTests.test_bound_input_hashes) ... ok
test_candidate_exact_argv_and_zero_bootstrap_access (test_source_metadata_descriptive_pilot.SourceMetadataBootstrapTests.test_candidate_exact_argv_and_zero_bootstrap_access) ... ok
test_firewall_blocks_scientific_identity_operations (test_source_metadata_descriptive_pilot.SourceMetadataBootstrapTests.test_firewall_blocks_scientific_identity_operations) ... ok
test_policy_core_is_generic_and_single_use_capable (test_source_metadata_descriptive_pilot.SourceMetadataBootstrapTests.test_policy_core_is_generic_and_single_use_capable) ... ok
test_predecessor_governor_is_formally_stopped_and_inactive (test_source_metadata_descriptive_pilot.SourceMetadataBootstrapTests.test_predecessor_governor_is_formally_stopped_and_inactive) ... ok
test_terminal_vocabulary_exact (test_source_metadata_descriptive_pilot.SourceMetadataBootstrapTests.test_terminal_vocabulary_exact) ... ok
test_single_use_multi_action_and_scientific_terminal (test_source_metadata_descriptive_pilot.SourceMetadataGovernorLifecycleTests.test_single_use_multi_action_and_scientific_terminal) ... ok
test_closed_ra_wrap_and_touch (test_source_metadata_descriptive_pilot.SourceMetadataScienceTests.test_closed_ra_wrap_and_touch) ... ok
test_combined_tractor_and_unknown_table_rejected (test_source_metadata_descriptive_pilot.SourceMetadataScienceTests.test_combined_tractor_and_unknown_table_rejected) ... ok
test_count_before_row_and_both_domains_required (test_source_metadata_descriptive_pilot.SourceMetadataScienceTests.test_count_before_row_and_both_domains_required) ... ok
test_development_fixture_file_uses_bound_bricknames (test_source_metadata_descriptive_pilot.SourceMetadataScienceTests.test_development_fixture_file_uses_bound_bricknames) ... ok
test_fewer_than_four_disjoint_guards_fails (test_source_metadata_descriptive_pilot.SourceMetadataScienceTests.test_fewer_than_four_disjoint_guards_fails) ... ok
test_global_identity_mismatch_fails (test_source_metadata_descriptive_pilot.SourceMetadataScienceTests.test_global_identity_mismatch_fails) ... ok
test_global_view_both_and_fixture_exclusion (test_source_metadata_descriptive_pilot.SourceMetadataScienceTests.test_global_view_both_and_fixture_exclusion) ... ok
test_hash_literal_and_order_are_exact (test_source_metadata_descriptive_pilot.SourceMetadataScienceTests.test_hash_literal_and_order_are_exact) ... ok
test_holdout_never_enters_target_guard_union (test_source_metadata_descriptive_pilot.SourceMetadataScienceTests.test_holdout_never_enters_target_guard_union) ... ok
test_local_k_is_two_and_terms_are_descriptive (test_source_metadata_descriptive_pilot.SourceMetadataScienceTests.test_local_k_is_two_and_terms_are_descriptive) ... ok
test_local_reciprocity_is_boolean_topology (test_source_metadata_descriptive_pilot.SourceMetadataScienceTests.test_local_reciprocity_is_boolean_topology) ... ok
test_no_matching_bound_threshold_or_group_id_algorithm (test_source_metadata_descriptive_pilot.SourceMetadataScienceTests.test_no_matching_bound_threshold_or_group_id_algorithm) ... ok
test_one_ring_adjacency_and_target_inclusion (test_source_metadata_descriptive_pilot.SourceMetadataScienceTests.test_one_ring_adjacency_and_target_inclusion) ... ok
test_quantile_grid_frozen (test_source_metadata_descriptive_pilot.SourceMetadataScienceTests.test_quantile_grid_frozen) ... ok
test_queries_are_literal_ordered_and_have_no_crossmatch (test_source_metadata_descriptive_pilot.SourceMetadataScienceTests.test_queries_are_literal_ordered_and_have_no_crossmatch) ... ok
test_row_cap_resource_bound_has_no_substitution (test_source_metadata_descriptive_pilot.SourceMetadataScienceTests.test_row_cap_resource_bound_has_no_substitution) ... ok
test_row_integrity_duplicate_coordinate_and_membership (test_source_metadata_descriptive_pilot.SourceMetadataScienceTests.test_row_integrity_duplicate_coordinate_and_membership) ... ok
test_selection_exact_counts_and_disjoint_guards (test_source_metadata_descriptive_pilot.SourceMetadataScienceTests.test_selection_exact_counts_and_disjoint_guards) ... ok
test_source_projection_is_exact_and_denied_values_fail (test_source_metadata_descriptive_pilot.SourceMetadataScienceTests.test_source_projection_is_exact_and_denied_values_fail) ... ok
test_spherical_distance_handles_ra_wrap (test_source_metadata_descriptive_pilot.SourceMetadataScienceTests.test_spherical_distance_handles_ra_wrap) ... ok
test_top_overflow_is_never_analyzed (test_source_metadata_descriptive_pilot.SourceMetadataScienceTests.test_top_overflow_is_never_analyzed) ... ok
test_digest_order_exact (test_source_metadata_pilot_frame_recovery.ColumnarSemanticTests.test_digest_order_exact) ... ok
test_duplicate_rejection_all_authorities (test_source_metadata_pilot_frame_recovery.ColumnarSemanticTests.test_duplicate_rejection_all_authorities) ... ok
test_frame_validation_rejects_guard_collision (test_source_metadata_pilot_frame_recovery.ColumnarSemanticTests.test_frame_validation_rejects_guard_collision) ... ok
test_guard_collision_and_insufficient_disjoint_fail (test_source_metadata_pilot_frame_recovery.ColumnarSemanticTests.test_guard_collision_and_insufficient_disjoint_fail) ... ok
test_large_scale_is_compact_array_engineering_regression (test_source_metadata_pilot_frame_recovery.ColumnarSemanticTests.test_large_scale_is_compact_array_engineering_regression) ... ok
test_missing_root_and_development_exclusion (test_source_metadata_pilot_frame_recovery.ColumnarSemanticTests.test_missing_root_and_development_exclusion) ... ok
test_reference_and_columnar_global_view_equivalent (test_source_metadata_pilot_frame_recovery.ColumnarSemanticTests.test_reference_and_columnar_global_view_equivalent) ... ok
test_selection_target_holdout_and_geometry_equivalence (test_source_metadata_pilot_frame_recovery.ColumnarSemanticTests.test_selection_target_holdout_and_geometry_equivalence) ... ok
test_wrap_touch_same_and_adjacent_row_guard_equivalence (test_source_metadata_pilot_frame_recovery.ColumnarSemanticTests.test_wrap_touch_same_and_adjacent_row_guard_equivalence) ... ok
test_bound_inputs_exact (test_source_metadata_pilot_frame_recovery.GovernanceBootstrapTests.test_bound_inputs_exact) ... ok
test_candidate_exact_commands_and_zero_access (test_source_metadata_pilot_frame_recovery.GovernanceBootstrapTests.test_candidate_exact_commands_and_zero_access) ... ok
test_closed_state_preserves_single_consumed_permit (test_source_metadata_pilot_frame_recovery.GovernanceBootstrapTests.test_closed_state_preserves_single_consumed_permit) ... ok
test_policy_core_contains_single_use_and_terminal_closure (test_source_metadata_pilot_frame_recovery.GovernanceBootstrapTests.test_policy_core_contains_single_use_and_terminal_closure) ... ok
test_predecessor_bindings_and_unknown_cause (test_source_metadata_pilot_frame_recovery.GovernanceBootstrapTests.test_predecessor_bindings_and_unknown_cause) ... ok
test_worker_has_no_permit_or_network_api (test_source_metadata_pilot_frame_recovery.GovernanceBootstrapTests.test_worker_has_no_permit_or_network_api) ... ok
test_zero_budget_firewall_and_terminal_vocabulary (test_source_metadata_pilot_frame_recovery.GovernanceBootstrapTests.test_zero_budget_firewall_and_terminal_vocabulary) ... ok
test_capture_cap_records_total_and_truncation (test_source_metadata_pilot_frame_recovery.SupervisorTests.test_capture_cap_records_total_and_truncation) ... ok
test_diagnostic_contract_fields_are_frozen (test_source_metadata_pilot_frame_recovery.SupervisorTests.test_diagnostic_contract_fields_are_frozen) ... ok
test_failed_worker_writes_diagnostic_and_cannot_claim_recovery (test_source_metadata_pilot_frame_recovery.SupervisorTests.test_failed_worker_writes_diagnostic_and_cannot_claim_recovery) ... ok
test_nonzero_exit_and_bounded_stream_hashes (test_source_metadata_pilot_frame_recovery.SupervisorTests.test_nonzero_exit_and_bounded_stream_hashes) ... ok
test_permit_consumption_precedes_worker_launch (test_source_metadata_pilot_frame_recovery.SupervisorTests.test_permit_consumption_precedes_worker_launch) ... ok
test_signal_termination_is_exact (test_source_metadata_pilot_frame_recovery.SupervisorTests.test_signal_termination_is_exact) ... ok
test_digest_order_exact (test_source_metadata_pilot_frame_schema_recovery.ColumnarSemanticTests.test_digest_order_exact) ... ok
test_duplicate_rejection_all_authorities (test_source_metadata_pilot_frame_schema_recovery.ColumnarSemanticTests.test_duplicate_rejection_all_authorities) ... ok
test_frame_validation_rejects_guard_collision (test_source_metadata_pilot_frame_schema_recovery.ColumnarSemanticTests.test_frame_validation_rejects_guard_collision) ... ok
test_guard_collision_and_insufficient_disjoint_fail (test_source_metadata_pilot_frame_schema_recovery.ColumnarSemanticTests.test_guard_collision_and_insufficient_disjoint_fail) ... ok
test_large_scale_is_compact_array_engineering_regression (test_source_metadata_pilot_frame_schema_recovery.ColumnarSemanticTests.test_large_scale_is_compact_array_engineering_regression) ... ok
test_missing_root_and_development_exclusion (test_source_metadata_pilot_frame_schema_recovery.ColumnarSemanticTests.test_missing_root_and_development_exclusion) ... ok
test_reference_and_columnar_global_view_equivalent (test_source_metadata_pilot_frame_schema_recovery.ColumnarSemanticTests.test_reference_and_columnar_global_view_equivalent) ... ok
test_selection_target_holdout_and_geometry_equivalence (test_source_metadata_pilot_frame_schema_recovery.ColumnarSemanticTests.test_selection_target_holdout_and_geometry_equivalence) ... ok
test_wrap_touch_same_and_adjacent_row_guard_equivalence (test_source_metadata_pilot_frame_schema_recovery.ColumnarSemanticTests.test_wrap_touch_same_and_adjacent_row_guard_equivalence) ... ok
test_bound_inputs_exact (test_source_metadata_pilot_frame_schema_recovery.GovernanceBootstrapTests.test_bound_inputs_exact) ... ok
test_candidate_exact_commands_and_zero_access (test_source_metadata_pilot_frame_schema_recovery.GovernanceBootstrapTests.test_candidate_exact_commands_and_zero_access) ... ok
test_closed_terminal_state_preserves_authorization_and_consumed_permit (test_source_metadata_pilot_frame_schema_recovery.GovernanceBootstrapTests.test_closed_terminal_state_preserves_authorization_and_consumed_permit) ... ok
test_policy_core_contains_single_use_and_terminal_closure (test_source_metadata_pilot_frame_schema_recovery.GovernanceBootstrapTests.test_policy_core_contains_single_use_and_terminal_closure) ... ok
test_predecessor_bindings_and_unknown_cause (test_source_metadata_pilot_frame_schema_recovery.GovernanceBootstrapTests.test_predecessor_bindings_and_unknown_cause) ... ok
test_worker_has_no_permit_or_network_api (test_source_metadata_pilot_frame_schema_recovery.GovernanceBootstrapTests.test_worker_has_no_permit_or_network_api) ... ok
test_zero_budget_firewall_and_terminal_vocabulary (test_source_metadata_pilot_frame_schema_recovery.GovernanceBootstrapTests.test_zero_budget_firewall_and_terminal_vocabulary) ... ok
test_historical_projection_regression (test_source_metadata_pilot_frame_schema_recovery.ProviderCaseContractTests.test_historical_projection_regression) ... ok
test_missing_brickname_and_missing_brickid_fail (test_source_metadata_pilot_frame_schema_recovery.ProviderCaseContractTests.test_missing_brickname_and_missing_brickid_fail) ... ok
test_regional_lowercase_identity_succeeds_and_normalizes (test_source_metadata_pilot_frame_schema_recovery.ProviderCaseContractTests.test_regional_lowercase_identity_succeeds_and_normalizes) ... ok
test_reordered_ttype_columns_fail (test_source_metadata_pilot_frame_schema_recovery.ProviderCaseContractTests.test_reordered_ttype_columns_fail) ... ok
test_root_uppercase_physical_names_succeed (test_source_metadata_pilot_frame_schema_recovery.ProviderCaseContractTests.test_root_uppercase_physical_names_succeed) ... ok
test_uppercase_and_mixed_case_aliases_fail (test_source_metadata_pilot_frame_schema_recovery.ProviderCaseContractTests.test_uppercase_and_mixed_case_aliases_fail) ... ok
test_capture_cap_records_total_and_truncation (test_source_metadata_pilot_frame_schema_recovery.SupervisorTests.test_capture_cap_records_total_and_truncation) ... ok
test_diagnostic_contract_fields_are_frozen (test_source_metadata_pilot_frame_schema_recovery.SupervisorTests.test_diagnostic_contract_fields_are_frozen) ... ok
test_failed_worker_writes_diagnostic_and_cannot_claim_recovery (test_source_metadata_pilot_frame_schema_recovery.SupervisorTests.test_failed_worker_writes_diagnostic_and_cannot_claim_recovery) ... ok
test_nonzero_exit_and_bounded_stream_hashes (test_source_metadata_pilot_frame_schema_recovery.SupervisorTests.test_nonzero_exit_and_bounded_stream_hashes) ... ok
test_permit_consumption_precedes_worker_launch (test_source_metadata_pilot_frame_schema_recovery.SupervisorTests.test_permit_consumption_precedes_worker_launch) ... ok
test_signal_termination_is_exact (test_source_metadata_pilot_frame_schema_recovery.SupervisorTests.test_signal_termination_is_exact) ... ok
test_actual_runner_failure_loop_stops_without_fourth_candidate (test_source_metadata_recovery_production.ProductionRunnerTests.test_actual_runner_failure_loop_stops_without_fourth_candidate) ... ok
test_actual_runner_multi_action_to_scientific_terminal (test_source_metadata_recovery_production.ProductionRunnerTests.test_actual_runner_multi_action_to_scientific_terminal) ... ok
test_candidate_path_tampering_and_same_byte_copy_fail_closed (test_source_metadata_recovery_production.ProductionRunnerTests.test_candidate_path_tampering_and_same_byte_copy_fail_closed) ... ok
test_control_plane_resume_after_transition (test_source_metadata_recovery_production.ProductionRunnerTests.test_control_plane_resume_after_transition) ... ok
test_credentials_stop_without_second_action (test_source_metadata_recovery_production.ProductionRunnerTests.test_credentials_stop_without_second_action) ... ok
test_documentary_and_adapter_executor_semantics_are_not_hard_coded (test_source_metadata_recovery_production.ProductionRunnerTests.test_documentary_and_adapter_executor_semantics_are_not_hard_coded) ... ok
test_first_and_child_candidates_use_distinct_factory_derived_namespaces (test_source_metadata_recovery_production.ProductionRunnerTests.test_first_and_child_candidates_use_distinct_factory_derived_namespaces) ... ok
test_first_candidate_crosses_real_supervisor_and_worker_path_gates_offline (test_source_metadata_recovery_production.ProductionRunnerTests.test_first_candidate_crosses_real_supervisor_and_worker_path_gates_offline) ... ok
test_generated_child_tampering_matrix_fails_recomputation (test_source_metadata_recovery_production.ProductionRunnerTests.test_generated_child_tampering_matrix_fails_recomputation) ... ok
test_git_derived_real_adapter_change_is_exact_in_isolated_repository (test_source_metadata_recovery_production.ProductionRunnerTests.test_git_derived_real_adapter_change_is_exact_in_isolated_repository) ... ok
test_material_candidate_requires_validated_active_adapter (test_source_metadata_recovery_production.ProductionRunnerTests.test_material_candidate_requires_validated_active_adapter) ... ok
test_missing_patch_keeps_handoff_and_invalid_or_unsupported_artifacts_stop (test_source_metadata_recovery_production.ProductionRunnerTests.test_missing_patch_keeps_handoff_and_invalid_or_unsupported_artifacts_stop) ... ok
test_patch_outside_surface_and_query_hash_change_stop (test_source_metadata_recovery_production.ProductionRunnerTests.test_patch_outside_surface_and_query_hash_change_stop) ... ok
test_permit_and_capability_alternate_candidate_paths_fail_closed (test_source_metadata_recovery_production.ProductionRunnerTests.test_permit_and_capability_alternate_candidate_paths_fail_closed) ... ok
test_post_validation_adapter_drift_stops_before_material_network (test_source_metadata_recovery_production.ProductionRunnerTests.test_post_validation_adapter_drift_stops_before_material_network) ... ok
test_production_first_candidate_is_byte_recomputed_and_self_bound (test_source_metadata_recovery_production.ProductionRunnerTests.test_production_first_candidate_is_byte_recomputed_and_self_bound) ... ok
test_real_adapter_repair_binds_new_runtime_sha_without_bootstrap_rejection (test_source_metadata_recovery_production.ProductionRunnerTests.test_real_adapter_repair_binds_new_runtime_sha_without_bootstrap_rejection) ... ok
test_registry_and_frozen_science (test_source_metadata_recovery_production.ProductionRunnerTests.test_registry_and_frozen_science) ... ok
test_resource_bound_finalizes_and_credentials_stop (test_source_metadata_recovery_production.ProductionRunnerTests.test_resource_bound_finalizes_and_credentials_stop) ... ok
test_run_001_permit_and_authorization_cannot_cross_into_run_002 (test_source_metadata_recovery_production.ProductionRunnerTests.test_run_001_permit_and_authorization_cannot_cross_into_run_002) ... ok
test_tap_identity_is_prospective_and_cannot_materialize_unvalidated (test_source_metadata_recovery_production.ProductionRunnerTests.test_tap_identity_is_prospective_and_cannot_materialize_unvalidated) ... ok
test_001_static_policy_core_validates (test_source_metadata_recovery_run003_preparation.Run003PreparationTests.test_001_static_policy_core_validates) ... ok
test_002_first_candidate_validates (test_source_metadata_recovery_run003_preparation.Run003PreparationTests.test_002_first_candidate_validates) ... ok
test_003_waiting_state_validates_and_is_inactive (test_source_metadata_recovery_run003_preparation.Run003PreparationTests.test_003_waiting_state_validates_and_is_inactive) ... ok
test_004_validated_self_repair_aggregate_is_exact (test_source_metadata_recovery_run003_preparation.Run003PreparationTests.test_004_validated_self_repair_aggregate_is_exact) ... ok
test_005_self_repair_evidence_hashes_are_exact (test_source_metadata_recovery_run003_preparation.Run003PreparationTests.test_005_self_repair_evidence_hashes_are_exact) ... ok
test_006_run002_closure_preserves_exact_history (test_source_metadata_recovery_run003_preparation.Run003PreparationTests.test_006_run002_closure_preserves_exact_history) ... ok
test_007_candidate_uses_only_run003_operational_namespace (test_source_metadata_recovery_run003_preparation.Run003PreparationTests.test_007_candidate_uses_only_run003_operational_namespace) ... ok
test_008_canonical_candidate_identity_is_cwd_independent (test_source_metadata_recovery_run003_preparation.Run003PreparationTests.test_008_canonical_candidate_identity_is_cwd_independent) ... ok
test_009_repository_escape_fails_closed (test_source_metadata_recovery_run003_preparation.Run003PreparationTests.test_009_repository_escape_fails_closed) ... ok
test_010_symlink_alias_fails_closed (test_source_metadata_recovery_run003_preparation.Run003PreparationTests.test_010_symlink_alias_fails_closed) ... ok
test_011_candidate_binds_mission_local_budget (test_source_metadata_recovery_run003_preparation.Run003PreparationTests.test_011_candidate_binds_mission_local_budget) ... ok
test_012_candidate_binds_self_repair_limits (test_source_metadata_recovery_run003_preparation.Run003PreparationTests.test_012_candidate_binds_self_repair_limits) ... ok
test_013_candidate_has_no_human_authorization_field (test_source_metadata_recovery_run003_preparation.Run003PreparationTests.test_013_candidate_has_no_human_authorization_field) ... ok
test_014_exact_proposed_runner_identity_is_bound (test_source_metadata_recovery_run003_preparation.Run003PreparationTests.test_014_exact_proposed_runner_identity_is_bound) ... ok
test_015_transport_is_unreachable_without_authorization (test_source_metadata_recovery_run003_preparation.Run003PreparationTests.test_015_transport_is_unreachable_without_authorization) ... ok
test_016_no_run003_execution_namespaces_exist (test_source_metadata_recovery_run003_preparation.Run003PreparationTests.test_016_no_run003_execution_namespaces_exist) ... ok
test_017_candidate_validation_records_zero_execution (test_source_metadata_recovery_run003_preparation.Run003PreparationTests.test_017_candidate_validation_records_zero_execution) ... ok
test_018_waiting_state_binds_candidate_validation (test_source_metadata_recovery_run003_preparation.Run003PreparationTests.test_018_waiting_state_binds_candidate_validation) ... ok
test_019_policy_manifest_binds_control_plane (test_source_metadata_recovery_run003_preparation.Run003PreparationTests.test_019_policy_manifest_binds_control_plane) ... ok
test_020_run002_operational_hashes_remain_exact (test_source_metadata_recovery_run003_preparation.Run003PreparationTests.test_020_run002_operational_hashes_remain_exact) ... ok
test_absolute_relative_dot_parent_and_lexical_aliases_are_equal (test_source_metadata_self_repair.PathIdentityTests.test_absolute_relative_dot_parent_and_lexical_aliases_are_equal) ... ok
test_creator_and_validator_share_identity_across_different_cwds (test_source_metadata_self_repair.PathIdentityTests.test_creator_and_validator_share_identity_across_different_cwds) ... ok
test_symlink_and_outside_project_fail_closed (test_source_metadata_self_repair.PathIdentityTests.test_symlink_and_outside_project_fail_closed) ... ok
test_deterministic_local_defect_is_eligible (test_source_metadata_self_repair.SelfRepairPolicyTests.test_deterministic_local_defect_is_eligible) ... ok
test_lexical_alias_and_governance_path_are_outside_repair_surface (test_source_metadata_self_repair.SelfRepairPolicyTests.test_lexical_alias_and_governance_path_are_outside_repair_surface) ... ok
test_new_aggregate_changes_and_run_002_evidence_remains_exact (test_source_metadata_self_repair.SelfRepairPolicyTests.test_new_aggregate_changes_and_run_002_evidence_remains_exact) ... ok
test_pending_candidate_and_old_authorization_cannot_be_reused (test_source_metadata_self_repair.SelfRepairPolicyTests.test_pending_candidate_and_old_authorization_cannot_be_reused) ... ok
test_repeat_and_episode_limits_fail_closed (test_source_metadata_self_repair.SelfRepairPolicyTests.test_repeat_and_episode_limits_fail_closed) ... ok
test_scientific_semantics_caps_provider_rights_and_ambiguity_are_rejected (test_source_metadata_self_repair.SelfRepairPolicyTests.test_scientific_semantics_caps_provider_rights_and_ambiguity_are_rejected) ... ok
test_01_closed_paths_hashes_and_no_url_argument (test_technical_selection.TechnicalSelectionTests.test_01_closed_paths_hashes_and_no_url_argument) ... ok
test_01b_production_output_paths_are_closed_before_row_access (test_technical_selection.TechnicalSelectionTests.test_01b_production_output_paths_are_closed_before_row_access) ... ok
test_02_zero_network_capability (test_technical_selection.TechnicalSelectionTests.test_02_zero_network_capability) ... ok
test_03_allowed_field_boundary_real_row_stride (test_technical_selection.TechnicalSelectionTests.test_03_allowed_field_boundary_real_row_stride) ... ok
test_04_south_eligibility_exact (test_technical_selection.TechnicalSelectionTests.test_04_south_eligibility_exact) ... ok
test_05_north_eligibility_exact (test_technical_selection.TechnicalSelectionTests.test_05_north_eligibility_exact) ... ok
test_06_exact_patch_membership_excludes_nonmember (test_technical_selection.TechnicalSelectionTests.test_06_exact_patch_membership_excludes_nonmember) ... ok
test_07_grz_exclusion_is_technical (test_technical_selection.TechnicalSelectionTests.test_07_grz_exclusion_is_technical) ... ok
test_08_generation_exclusion (test_technical_selection.TechnicalSelectionTests.test_08_generation_exclusion) ... ok
test_09_join_inconsistency_fails_whole_stage (test_technical_selection.TechnicalSelectionTests.test_09_join_inconsistency_fails_whole_stage) ... ok
test_10_deterministic_sha_ordering (test_technical_selection.TechnicalSelectionTests.test_10_deterministic_sha_ordering) ... ok
test_11_provider_row_permutation_invariance (test_technical_selection.TechnicalSelectionTests.test_11_provider_row_permutation_invariance) ... ok
test_12_ascii_tie_break (test_technical_selection.TechnicalSelectionTests.test_12_ascii_tie_break) ... ok
test_13_missing_south_fails (test_technical_selection.TechnicalSelectionTests.test_13_missing_south_fails) ... ok
test_14_missing_north_fails (test_technical_selection.TechnicalSelectionTests.test_14_missing_north_fails) ... ok
test_15_distinct_brick_requirement (test_technical_selection.TechnicalSelectionTests.test_15_distinct_brick_requirement) ... ok
test_16_exactly_two_output_rows_and_region_order (test_technical_selection.TechnicalSelectionTests.test_16_exactly_two_output_rows_and_region_order) ... ok
test_17_exact_csv_schema_and_canonicalization (test_technical_selection.TechnicalSelectionTests.test_17_exact_csv_schema_and_canonicalization) ... ok
test_18_publication_conflict_fails_closed (test_technical_selection.TechnicalSelectionTests.test_18_publication_conflict_fails_closed) ... ok
test_19_no_candidate_list_persistence (test_technical_selection.TechnicalSelectionTests.test_19_no_candidate_list_persistence) ... ok
test_20_no_row_level_leakage_to_audit (test_technical_selection.TechnicalSelectionTests.test_20_no_row_level_leakage_to_audit) ... ok
test_21_success_terminal (test_technical_selection.TechnicalSelectionTests.test_21_success_terminal) ... ok
test_22_failure_terminal_and_audit_only (test_technical_selection.TechnicalSelectionTests.test_22_failure_terminal_and_audit_only) ... ok

----------------------------------------------------------------------
Ran 1523 tests in 127.044s

OK
{"network_requests":0,"state":"READY"}
{"error":"TEST","network_body_bytes":0,"network_requests":0,"stage_id":"OC3-OFFLINE-LOCATION-SELECTION-001","state":"LOCATION_SELECTION_FAILED"}
{"state":"ok"}
{"network_requests":0,"stage_id":"OC3-PREPROCESSING-INVARIANCE-PERTURBATION-PILOT-001","state":"ok"}
usage: oc3_resource_contract.py [-h]
                                (--dry-run | --probe-resource-contract | --acquire-auxiliary | --validate-auxiliary-candidate)
                                [--execute-network] [--project PROJECT]
                                [--bricks BRICKS]
                                [--probe-binding PROBE_BINDING]
                                [--contract-manifest CONTRACT_MANIFEST]
                                [--candidate CANDIDATE]
                                [--authorization AUTHORIZATION]
                                [--audit-directory AUDIT_DIRECTORY]
                                [--log LOG] [--resume]
                                [--max-requests MAX_REQUESTS]
                                [--max-bytes MAX_BYTES]
                                [--stage-request-cap STAGE_REQUEST_CAP]
                                [--stage-retry-request-pool STAGE_RETRY_REQUEST_POOL]
                                [--expected-body-bytes EXPECTED_BODY_BYTES]

Closed OC-3 DR9 resource contract. Offline unless an explicit network mode is
selected.

options:
  -h, --help            show this help message and exit
  --dry-run             serialize the exact unresolved inventory; zero network
  --probe-resource-contract
                        HEAD and bounded FITS-header ranges for one sealed
                        literal binding
  --acquire-auxiliary   future 14-resource bulk path; requires separate
                        authorization
  --validate-auxiliary-candidate
                        offline validation of the sealed 14-resource human-
                        review candidate
  --execute-network     required for probe/acquisition; invalid with --dry-run
  --project PROJECT
  --bricks BRICKS
  --probe-binding PROBE_BINDING
  --contract-manifest CONTRACT_MANIFEST
  --candidate CANDIDATE
  --authorization AUTHORIZATION
  --audit-directory AUDIT_DIRECTORY
  --log LOG             compact append-only run log (network modes only)
  --resume              requires a separately sealed resume authorization
  --max-requests MAX_REQUESTS
  --max-bytes MAX_BYTES
  --stage-request-cap STAGE_REQUEST_CAP
  --stage-retry-request-pool STAGE_RETRY_REQUEST_POOL
  --expected-body-bytes EXPECTED_BODY_BYTES
{"synthetic_only": true, "real_network_requests": 0, "tests": 1523, "passed": 1523, "failed": 0, "skipped": 0, "seconds": 129.393}
